:040000006F108019E4
:1000040000000000000000006F0080086F00C024A2
:1000140000000000000000000000000000000000DC
:1000240000000000000000000000000000000000CC
:100034006F004006000000006F00E00500000000B3
:100044006F0080056F0060056F0040056F0020059C
:100054006F0000056F00E0046F00C00400000000A2
:100064006F0060046F0040046F0020046F00000400
:100074006F0040056F00C003000000006F006003C4
:100084006F0040036F0020036F0000036F00E00265
:1000940001A001A001A001A001A001A001A001A054
:1000A40001A001A001A001A001A001A001A001A044
:1000B40001A001A001A001A001A001A0411106C658
:1000C400A925FDBFB7170040130700032388E702E3
:1000D400854723A4F18E73002030B717004013071F
:1000E40070052380E704130780FA2380E70423962E
:1000F400A702238007043717004083472705898B0D
:10010400EDDF835707053717004083472705898BA1
:10011400EDFF3717004083472705898BEDDF035533
:1001240007058280B7170040930670052380D70423
:10013400130780FA2380E70403C6B7041376F60D89
:10014400A385C70423800704137605022DC603C6BE
:10015400A700118A0DE22380D7042380E70403C794
:10016400A700136747002385E7009307004B0100AE
:100174000100FD17EDFFB7170040930670052380BB
:10018400D704130780FA2380E7047D892394A7000A
:100194000100010001000100238007042380D7042B
:1001A4002380E7049306100537270040A303D78074
:1001B400238007048280137605046DDE03C6A7003E
:1001C400418A0DE22380D7042380E70403C7A700F4
:1001D400136707012385E7009307007D01000100F1
:1001E400FD17EDFFB7170040930670052380D70471
:1001F400130780FA7D892380E7041365050423949B
:10020400A7000100010001000100238007042380EE
:10021400D7042380E704930630053727004079B7D5
:100224004111814601468145114506C6912AB717F9
:100234000040130770052380E704130780FA238026
:10024400E70403C76704136717002383E7042380C5
:100254000704B2404101828081460146814511452F
:100264000522B7170040130770052380E70413071E
:1002740080FA2380E7047D572396E70203C76704C7
:10028400136717002383E7042380070401A0BD47F5
:100294003305F50201007D1575FD8280411122C4EC
:1002A40026C206C6AA84014463179400B2402244BD
:1002B40092444101828005041305803E4204C13FFB
:1002C4004180DDB72303048015472303E480010044
:1002D4002302A480828083076480E3CE07FE230385
:1002E4000480828083076480E3CE07FE0345448054
:1002F400828083076480E3CE07FE2302A480828089
:10030400411126C44AC24EC006C61377F50BAD4749
:10031400AA892E8995446306F70019456537653F18
:100324008D444E854537FD59FD1463983401B24020
:10033400A24412498249410182801355090113756F
:10034400F50F453F2209CDB7011126CC06CEB704DF
:10035400080051371545BD37713769372AC6A53F9F
:1003640032459377150089EB136515001375F50F66
:10037400F240E24405618280FD14E9FC0145CDBFF1
:10038400397126DC4ADA4ED852D656D45AD25ED0C7
:1003940006DE62CE66CCB7E700E07D5783AA07008D
:1003A40022C603AA470023A0E71823A2E718B71719
:1003B4000040130770052380E704130780FA2380A5
:1003C400E70483C74704930B75FFB684E20793FBE6
:1003D400FB0F8546AA892E8B328937240040E1879A
:1003E400015763FA76016308D500894613070002B2
:1003F4006313D5000157D98F93F7F70FB71C00404B
:100404002382FC0411472303E4801305F00F5D3DB0
:10041400094CD13563697C11B70707003E9B3787C8
:1004240007007955637EEB02B3079B00636AF7020A
:10043400A9476399F90689E48144713D26850DA095
:10044400DA850945753D05090345F9FFFD14050BDA
:100454004D3581C49377FB0FFDF7FD3569FD7D555F
:10046400B7170040130770052380E704130780FAC9
:100474002380E70403C74704418B2382E704F25037
:10048400B7E700E023A0571123A24711E2543244F6
:100494005259C259325AA25A125B825B724CE24CD4
:1004A40021618280A5476395F90685691309F00FD8
:1004B400B3069900B3742B01B6941349F9FFB374CE
:1004C4009900856B33796901416B9387F9FFB3F721
:1004D400270199E363FC340193D94900C147E3E65A
:1004E40037FF99BF0569C1697D19D9B71305800D17
:1004F40063886901130500026384790113051008F8
:10050400CA85FD3B913521DD4E99B3843441D9B779
:10051400DA852D45F533CA94E30099F20509D933F8
:10052400A30FA9FED5BF9387F9FF93F7F70F636C69
:10053400FC0803C75C04B70708001377070219E334
:10054400B78707007955E37DFBF033079B00E3E9A8
:10055400E7F089476390F9048980D549E38E04EC78
:10056400DA850945713B11090327C9FF9147232007
:10057400E48003076480E34E07FE23033481FD1700
:10058400EDFBFD14110B81C49377FB0FE9FF6D3B69
:1005940071F5F1B58547E387F9F4DA852D458D3397
:1005A4009389F4FFE38A04E8353B93F7390091EB30
:1005B400832604800327090093074900E39FE6E6A6
:1005C4003E89CE84F1BFB5476396F9001305900BBD
:1005D400D5399DB5B1471305B00AE38BF9FE9947A8
:1005E400639EF902DA852D45213B81448D4BA14957
:1005F400D53963967401832704802320F900850488
:10060400E39834FF8327048013172B0163550700F5
:100614002312F90015B52322F90039BD9D476399CA
:10062400F90281451305B004E139BD4423200900D2
:1006340023220900FD597D3193F77400CA9703C73B
:100644000700FD14398D2380A700E39634FFEDB332
:10065400A1476392F904CD398144630D0B008D47A2
:100664009304C0036308FB009304000563048B0137
:10067400930440041375C507E30095DC19459931CB
:100684009939054581312685AD3109459D316D394D
:10069400E31405DAE9B391476399F9001305600699
:1006A400153115391305900925B7E38709D8F15495
:1006B40069B309CDB7170040130770052380E70419
:1006C400130780FA2380E7042396A702828019C1C6
:1006D400814799E982803387F50083460700330711
:1006E400F50085072300D700E397C7FEE5B719C1D6
:1006F400FD5781E98280910503A7C5FF1105232ECB
:10070400E5FE7D16E319F6FEF5B7797122D41734A8
:100714000000130424A21C4006D626D24AD04ECE92
:1007240091C782979737000023A607A05C4089CB26
:1007340003D5818FBD3F5C40829703D5A18F953F40
:100744001C40639907189737000083C737B1858B1E
:1007540095C797370000A38307B0173700000347F6
:1007640017B0914763FCE7005D2B9737000083C700
:1007740017AFF9178A07A2979C438297973700000F
:1007840083C787B2918B89C7971001E0E780009EE9
:100794001C4491C382979387418F98431736000076
:1007A400034616973E8997340000938464969737DE
:1007B400000083C7E79593961700BA9683D6060080
:1007C400638006109737000083C7879463F2C708D5
:1007D40086073E97835507002310070003D5818FB2
:1007E4002EC623900190F1359387C1909C43173511
:1007F40000000345E59113172500BA979C43B245C1
:100804008297AA8903D5A18F6D359737000083C7D6
:100814002790139717008327090003D501901345E8
:10082400F5FFBA9703D7070033753501598D239027
:10083400A70083C70400850793F7F70F1737000055
:100844002308F78C173700000347978C63E6E7000B
:1008540097370000238E078A1C40ADEF93874190A1
:1008640098433E8425CB9737000083C7979F91CB4D
:100874009737000083C7B79E89E7970001E0E780B8
:10088400A03F1C4082972A8431C59C48AA971737F9
:1008940000002327F788938781909C4385CF03D555
:1008A400818F013D228597F0FFDFE780005D2254B0
:1008B400B25092540259F24903D5A18F4561D5BB78
:1008C400850793F7F70F973600002383F684E3E058
:1008D400C7EECDBDB250225492540259F24945613B
:1008E40082809167B7C600409387373023A6F620ED
:1008F4000F1000009737000093878781884F9387F4
:10090400019F9C43316713073730F053B70710003A
:10091400FD17918F99833A0523A6E6205D8D828089
:100924004111B7170040985F3AC6945F3247E39C81
:10093400E6FE324541018280411106C6D53797262D
:10094400000083C6667A858AB1C6930730333307BD
:10095400F502B337F5023983CA07D98F1727000088
:100964001307077B584B01456303F7023385E740C0
:10097400636BF70037653D0889C637856F08130533
:100984000590198D3E9517270000232DF778B24066
:1009940041018280E5473307F502B337F502258329
:1009A400DE0765BF0327C50F8346B50097370000F0
:1009B4009387878A9C4F5843938616029582904367
:1009C400FD1693F6F60F10C3D04350C3904710C7DB
:1009D400D04750C7904B10CBD04B50CB904F10CF3B
:1009E400D04F50CF91C61307070293870702C1BFA8
:1009F40082808347E50193F7E70FF1EF2A870345E8
:100A0400F50171E9034607018346870009CA834556
:100A1400A7029727000083C7376D63E7F50093F7B4
:100A24000601C5CF814709CA834707150346F71452
:100A3400C18AA207D18F81CA834637150347471558
:100A44002207558FBA97D1CB173700001307478C6D
:100A54003847411122C406C67D548326070863F330
:100A640086003684184375FB172700000347C767C1
:100A740093168701E18663D906029387C71395838A
:100A8400172700000347E766BA9763D006041D8C56
:100A9400938701919C4382973335A400B24022444A
:100AA4001345150041018280058B9387C71209CB3A
:100AB4008A079387F7031305D007B3D7A702C9B7EB
:100AC4008607FD071305D003CDBFE372F4FC370599
:100AD400C0A82A946DBF0145828082805D7122DEA8
:100AE4001384019E3AD218403ED04ACA1C5F86C67F
:100AF40096C499839AC29EC026DC2ADA2ED832D6AE
:100B040036D442CE46CC72C876C67AC47EC2858BB1
:100B14001389C19DC1C31C5F972400009384C473CF
:100B240093F7F7F91CDF9727000083C7E77293F761
:100B340007048DC3938701919C43829797270000F4
:100B440023A4A77283C7040093F7F70B17270000A9
:100B54002304F770854717270000A301F77083C7A4
:100B6400440093F7070481EF9387019F9C43D84483
:100B7400B8D3930700FC172700002301F76E83877F
:100B8400640063D90700832709009C4317270000EA
:100B94002307F76C18401C5F8583858BC9CBF557F9
:100BA4001CDF01000100010001000100010001003F
:100BB4000100010001000100010001000100010029
:100BC4000100010001000100010001000100010019
:100BD4000100010001000100010001000100010009
:100BE40001000100010001000100010001000100F9
:100BF40001000100010001000100010001000100E9
:100C040001000100010001000100010001000100D8
:100C140001000100010001000100010001000100C8
:100C240001009387019F9C4313075004B8CB1840DD
:100C34001C5F9183858B89CFBD571CDF9387019FF0
:100C44009C4323A807048547172700002308F7605F
:100C540083270900D8430583058B19C7D843759B9F
:100C6400D8C3D843799BD8C37254B640A64216431E
:100C74008643E2545255C2553256A25612578257F1
:100C84007248E2485249424EB24E224F924F61613D
:100C9400730020309387019F9443172700001307A4
:100CA400A75BBC5289CF83472700858B89EB834799
:100CB4003700858BFDD7972700002381075A828050
:100CC4009387C19E9C4399CB944BD04B9842518FB0
:100CD40098C294439C479842D98F9CC29387019FA2
:100CE4009C4337C700401306C003A8CB93062003D8
:100CF400972500009385455683278720C18393F762
:100D0400F7036369F60083278720C18393F7F7030A
:100D140063E6F60083C74500858BF9DF82809387FD
:100D2400019F94431727000013070753BC5289CB34
:100D340083470700858B91CB9727000023800752B8
:100D440097270000A38C0750828083471700858B68
:100D5400F1DFDDB79387C19E9C4399CB944BD04B75
:100D64009842518F98C294439C479842D98F9CC211
:100D74009387019F944337C70040C145A8CA65467D
:100D840083278720C18393F7F70363FBF500832749
:100D94008720C18393F7F7036364F600BC52EDF335
:100DA40082801387019E1843AA87185F1583058BD9
:100DB40025EF0345150015051377C51F19C6B3861E
:100DC400E70083C626002300D60095C597260000B9
:100DD40083C6E64893F606040945A1CAB386E7002C
:100DE40083C63600054693F5F6066390C504E2060D
:100DF400E18663CC06023385E70083471500034789
:100E04000500A20793F70770D98F13970701418351
:100E14009376074099C6136707802394E19E0145A2
:100E240082802394F19EE5BF05458280011136C876
:100E34009386019F2ECC8C423AC63EC498452ACE56
:100E440032CA9317070142C2C1831378172036852B
:100E54003E86972600009386264063040804137791
:100E6400072061CF03C72600136717001728000067
:100E74002305E83E13070019B8D1130700F8972596
:100E84000000238DE53C1387019E0C4337080010B6
:100E9400D855719B13672700D8D59841336707014C
:100EA40098C11377261005C31376061045CA03C7E5
:100EB40006001367170017260000230FE6381727CC
:100EC4000000231F073883C6460093C7F7FFC207F5
:100ED400E206E186C183184163D1060293961701A5
:100EE40063D7060830538D4663E9C6008546172646
:100EF40000002305D6363453FDFE97260000938662
:100F0400661D8386460163DD060093960701C1864C
:100F140063D506067053894663E4C6007453FDFE28
:100F240014477245E245F58F1CC75246C246324704
:100F3400A247124805617300203003C716001367E7
:100F4400170097250000A389E53017270000230721
:100F540007301727000023150730A1B703C7360051
:100F64001367170017260000A309E62E89BF8546DC
:100F7400172600002304D62E49B7544713960601BA
:100F840063510602B7061000FD1674D397260000BD
:100F940093860618944E8506172600002326D61835
:100FA40041B7A166D58FADBF172700001307872C63
:100FB4008346B7019727000083C7172FB69793F787
:100FC400F70FFD4663EAF6044C4B97260000A38313
:100FD400F62A9727000083C7F72905473317F70038
:100FE40097260000A382F62C6D8F1DEF9726000034
:100FF40083C6D62BB3F6D70213050002814733D636
:10100400F500058A13F8F70F09CE6399E6009727D0
:101014000000A3810727828081177DB70507137716
:10102400F70F8507E39DA7FC82809387819F9843F0
:10103400B75702009387279F832607091396560004
:101044006358060083260709139666006344060066
:10105400FD17FDF3828051C9AA870145C9C98D07CF
:10106400C207C183F19BC207C18313074003636BAB
:10107400F7021387C1A80843138741A81443639652
:10108400A602172700001307E704185B014525C3D0
:101094004111C20706C60545DD8D0297B2400145E0
:1010A40041018280138781A8F9B70357650005EFD2
:1010B400035745006369F702B306F740214663709E
:1010C400D6021041938687001D8FAA96611790C29D
:1010D4002392E6002393060014C12312F500231380
:1010E400B50021058280084159BF01458280828074
:1010F40001CD9387C1A803A80700938741A88C4317
:101104000147C28763E3B70082809443636FF506A7
:1011140063EDA60613868700E368C5FE03D5670062
:10112400216605066317C50003C6019A05062380D8
:10113400C19A2393070063840703138681A810428E
:10114400630FF6000356670019EA83D7470014C3F8
:1011540083564700B697A1072312F700BA8798432E
:10116400E304B7FA938681A89442E30FD7F8835631
:101174006700D9FA83D64700035647001843A106EF
:10118400B2962392D70098C382803E87B6879DBFCC
:10119800974100209381814317710020130101E6D4
:1011A80013054000972500209385456517360020D4
:1011B8001306C67D63FAC5008322050023A05500E7
:1011C80011059105E3EAC5FE17D5010013050524AD
:1011D800973500209385857B1386818763FAC50040
:1011E8008322050023A0550011059105E3EAC5FEF9
:1011F80013858187976500209385059C6377B500E3
:10120800232005001105E36DB5FE9302800873A045
:101218000230972200209382625E93E2120073905C
:1012280052309702000093828260739012347300E8
:1012380020303D432A876373C3029377F700BDEFDD
:10124800ADE5937606FF3D8ABA960CC34CC30CC72E
:101258004CC74107E36BD7FE11E28280B306C34057
:101268008A069702000096966780A6002307B700B3
:10127800A306B7002306B700A305B7002305B700E8
:10128800A304B7002304B700A303B7002303B700E0
:10129800A302B7002302B700A301B7002301B700D8
:1012A800A300B7002300B700828093F5F50F93964B
:1012B8008500D58D93960501D58D61B79396270046
:1012C8009702000096968682E78086FA9680C11774
:1012D8001D8F3E96E374C3F8A5B7371700408327E0
:1012E800870C411106C693E707082324F70C8D45A0
:1012F80013050008EF10105641458545EF1090552D
:10130800EF10F069B24071651305052041016F10B7
:1013180010662A86B305B04017C501001305854538
:101328006FA0914D797106D622D401C9894663020E
:10133800D502B2502254456182806800973000205F
:10134800E780A0B817C501001305C54FEFA0715C71
:10135800CDB702C602C802CA02CC02CED1462E8739
:10136800328463F3C600514442044180BA85228620
:10137800680097300020E78040B517C501001305C5
:10138800254EEFA01159A2856800EF00F02455B74B
:1013980083D781886390A7022395B1882396C18853
:1013A8002397D1882E8617C501001305A53ABE8557
:1013B8006FA0914417C501001305453B6FA07155F7
:1013C80041119397050122C406C626C2C1872E84FF
:1013D80063D6070403C54180EF101068AA8405C9C5
:1013E800034705009307000B6310F7020347450006
:1013F8009307F007631AF7008355850017C50100A6
:1014080013050534EFA0513F2685EF10505E216586
:10141800218DB240224492444101828093F7150005
:1014280091CF17360020130666569385018803C5A9
:101438004180EF70D12113451400E1BF93F72500D7
:1014480013C52500F9F793F7850085C383C7418045
:1014580013074006814613064006994503D581883F
:10146800EF705118134584006DB793F74500014597
:10147800CDD303D58188EF7031700566130606C891
:10148800914503C54180EF20402E1345440051B7D4
:1014980003574500011106CE83D781886311F704ED
:1014A800C167F917894503C5418023A4F18823A69C
:1014B8000188EF202042914503C54180EF208041FB
:1014C800EF00701085471306F1008545130550306D
:1014D800A307F100EF709144F2400561828017C5BF
:1014E80001001305A528EFA0D142FDB77D1595474A
:1014F80063E0A71617C70100130747220A053A95A4
:101508001C41411122C406C6BA972E84828717C58A
:1015180001001305A5272244B24041016FA0713F85
:1015280083C7250019476391E7022E8595378345C0
:10153800640017C5010013056526EFA0F12B17C538
:10154800010013056527C1BF0D47E38AE7FEB240D6
:1015580022444101828003C725009547E319F7FE1D
:10156800C16703D78188F91703D5A500630FF70072
:10157800EF70D16017C5010013050525EFA071397B
:1015880017C501001305C52679B72394A18883D709
:10159800E5000966130606902395F18883D70501AF
:1015A80003C541802396F18883D72501A145239758
:1015B800F188EF20801B0566130606C8914503C510
:1015C8004180EF20801A8355A4000356E40017C514
:1015D80001001305A520EFA031228355E40003552F
:1015E800A400EF00207C69BF03C725008D4717C5FD
:1015F80001001305A520E31CF7F431BF83C52500BE
:1016080091476397F50017C501001305A52021B779
:101618009947639FF5002285A53D8345640017C55A
:1016280001001305A5172244B24041016FA0D11C47
:101638009547639AF50083471400F1F717C5010031
:101648001305051FC9BD17C501001305E51EE1BF38
:1016580082803971170500001305C5D606DE22DC25
:10166800EF2060482382A18085472308F10099472D
:10167800231AF100854593074006100813055030DA
:10168800231EF100EF70912985679387B790239403
:10169800F1AA138781AA814797C501009385850917
:1016A800A9463386B7000346060085070507A30049
:1016B800C700E398D7FEB71706009387572023AAD9
:1016C800F1AAB707020A9387470623ACF1AA238E2B
:1016D80001AAD547138681AAD545130570302388FA
:1016E800F188EF70B123138681809D451305603022
:1016F800EF70D1225008894513051031EF7011227F
:101708007008894513052031EF70512117360020E4
:1017180013068628D5450145EF5030259305000569
:101728000D45EF30D06D930500051145EF30306D54
:101738000544700891451305704023048100230671
:1017480081002308810002CE230A0100EF60416E68
:101758003000854513050040EF60816D70008545B8
:1017680013051040EF60C16C5008854513052040F3
:10177800EF60016C1008854513055040EF60416B20
:101788007D55EF50702C7D55EF701070EF001035BF
:101798007D55EF00305089472306F10002CE8D4772
:1017A800230EF10091472308F1009387018798439E
:1017B80083C747003000854501453ACA230CF1002C
:1017C8002304810002D002D202D402D6EF00705264
:1017D800700085450545EF00D0517008D145094591
:1017E800EF003051100885450D45EF009050500826
:1017F80095451145EF00F04FC167F91717350020DF
:101808001305C55C23A4F18823A60188EF00904D39
:1018180013858187EF50E17B854503C54180EF1033
:101828007062F25062542161828041111305800474
:1018380006C697200020E780A00E453417C5010092
:101848001305C570EFA0F10C17C5010013050503BA
:10185800EFA0310CEF00106EEF108000EF705134E4
:10186800CD3B912197200020E78000050111C16739
:1018780026CA06CEAA8422CC03D50181F91763199A
:10188800F5008147F2406244D2443E85056182807A
:101898002315B1002E862E8401478146ED45EF5071
:1018A80030512AC679DD2286A68597200020E78058
:1018B800C0612C0003D50181EF00104C854779D118
:1018C800ED452800EF5090666DBF93F71500638AC9
:1018D800073C5971A6D29384818B9C40CECED2CC42
:1018E8009387470623ACF18A9387818A9C4386D6DF
:1018F800A2D4CAD0D6CA938747061307301FAE8929
:101908002A8A6361F73423A4F18AEF00100283C79F
:10191800418A2A8485C31387018A9C401843998F7A
:1019280063CA070017C50100130505282382018A29
:10193800EFA0217E83C7218199CF8347B40081EF2F
:1019480017C5010013058527EFA0A17C9C4093874C
:10195800670923A6F18A8347B4002389F180EF0041
:10196800C07C1387C18A9C40184363E2E70203479F
:10197800C500630D072C03C7418A6319072C130799
:10198800401FB3F7E7021307B0126361F72C37174C
:1019980000408327870CA166D58F2324F70C834743
:1019A800C4001307401F99E31307007D9386C1897C
:1019B8009C409442958F63E4E70CEF00007703495D
:1019C800C5008347B500AA8A3339200199C3136932
:1019D800290083C7AA0099C31369490083C7418AAC
:1019E80099C313698900414681456818EF109039F9
:1019F8001387018B93073015231EF10283470700D5
:101A0800A30F21038146230FF10283D70A003A89E5
:101A18003D472310F10483D72A002311F10483A73B
:101A28004A00BEC283D78A002314F10483C7AA00E0
:101A38002305F1048147701836960346060085068B
:101A4800B297C207C183E398E6FEA305F104C16714
:101A580003D70181F9176304F702C14568183935BE
:101A680019CD8347090085072388F18A9387418B1D
:101A78009C43850723AAF18A9C4023AEF18803473B
:101A8800C40083C7518A630C071CA1E7831684002E
:101A980017C601001306C60E63C6060017C6010066
:101AA8001306460E93D7F641BD8E9D8EA94533E7A2
:101AB800B602032844008357040017C50100130524
:101AC8006512B3C6B60297C5010093856511EFA0EC
:101AD800A1528347C400A382F18AC16703D7018159
:101AE800F9176305F708938741899C4381CB984090
:101AF8001D8F9D679387F75263FAE7065146814524
:101B08006818EF1030289307302517C7010013070E
:101B1800E71317C601001306A60C97C601009386A3
:101B2800261397C50100938525132810231EF1025B
:101B3800EFA0E15E7818814749463410BE96838647
:101B4800060099C62301D70085070507E397C7FE56
:101B5800D1456818213B19C92C1017C50100130578
:101B68006510EFA061499C4023AAF1889387818979
:101B780090409C431307703EB307F6406373F70A1F
:101B88000313840023ACC1889307803E3356F602C2
:101B980083560400035724005C4017C8010013084B
:101BA80028FE6346030017C801001308A8FD9355D3
:101BB800F3410345B40033C365003303B340A9457B
:101BC800034EA400834EC400B348B3023363B30288
:101BD80097C50100938545FB09E597C501009385E5
:101BE80025FB03CF418A17C501001305E5FA6316E3
:101BF8000F0017C501001305A5FA138F418B032F9A
:101C08000F002AC82EC67ACA76C472C21AC097C5EF
:101C180001009385E5FC17C5010013052506EFA013
:101C2800A13D52851306000A8545EF101034B650C1
:101C3800265413C5190096540659F649664AD64AD9
:101C48006561828023A4018A092EC1B1371700403B
:101C58008327C70CA166D58F2326F70C89B3E38A9F
:101C680007E68317840017C60100130666F163C6EA
:101C7800070017C601001306E6F013D7F741B98F1E
:101C8800998FA94633E7D70297C50100938545F593
:101C980017C50100130545F8B3C6D702EFA0C13533
:101CA8000DBD01458280411117C50100130545C0CE
:101CB80006C6EFA0014697C50100938565F217C5D2
:101CC8000100130525C2EFA0213397C501009385B4
:101CD80065A617C501001305A5C2EFA0E13197C697
:101CE80001009386A6C317C60100130666C397C5ED
:101CF80001009385E5F517C501001305E5C2EFA0BE
:101D0800A12F85651307803E81460546938545CEFC
:101D180017C501001305C5C3EFA0012EB14609463A
:101D2800E54517C50100130565C6EFA0E12CF94587
:101D380017C501001305C5C9EFA0012C1306401FE4
:101D48009305007D17C501001305C5CCEFA0C12A76
:101D580097C50100938545CF17C50100130585CFA9
:101D6800EFA0812917C50100130585B4EFA0613ADA
:101D78005122371700408327C70CA1668D45D58FA0
:101D88002326F70C2165EF10E02C1705000013053A
:101D980005B4EF105055B2401306000A85454101BD
:101DA8006F10B01C2398A18023AA01889387818B88
:101DB8009C432E86AA8523AEF18817C5010013051A
:101DC80025D96FA06123F9572398F18017C5010021
:101DD800130545D46FA0E133638D0510797122D4C2
:101DE80006D626D2DD472E8463F3B7005D4442044D
:101DF8004180AE842286AA85280097200020E780AB
:101E0800C00C1C10A29726862C0017C501001305CC
:101E180065C8238407FEEFA0211E83478100E5469D
:101E28001387F7F91377F70F63E5E600811793F740
:101E3800F70F130720056384E70A13074005638239
:101E4800E7081307D0046393E706056785478145CC
:101E580025452948130707E12DA01410BE960386CF
:101E680086FE930606FD93F6F60F636ED500B385DE
:101E78000503938505FDB295636FB702850793F750
:101E8800F70FE3EC87FC8DE9BD65938505A68547CB
:101E98002382F18A9387818B9C4317C50100130520
:101EA800A5C1AE9723A0F18AEFA00115B250225424
:101EB800925445618280BA859307803EB385F502C6
:101EC800F9B79387818B9C438565938585BBAE97CE
:101ED80023A6F18A17C50100130585BFF1B7992C10
:101EE80017C50100130545C12382018AEFA06122AD
:101EF80075BF828041118145216506C622C426C26C
:101F0800EF10E00A89453714004095440145EF0079
:101F18007026230C9404EF00B01C239EA18A230C86
:101F28009404854513050002EF106008175400203B
:101F380013044496228551468145EF10A0648547D5
:101F4800A305F400B240224423A0018C238F018A08
:101F5800A38F018A924441018280411122C426C282
:101F680006C6C1440144FD14EF00902593F4F40F14
:101F78002A94F5F81387C18B93574400031407007C
:101F88000567A29763C6E70E9307F7FF1757002068
:101F98002312F7900567130747CEB387E7021307A5
:101FA8004006B183B387E70233D7E702975600208C
:101FB8002393E68E9306300663F0F60C930780C1F0
:101FC800B307F702B7663200938606AAB697B3D767
:101FD800E70237470F001307F7236373F700BA8741
:101FE80017570020232AF78A371700400327470A84
:101FF800975500209385058A1583058B97560020F1
:10200800238FE68899C79449ADEE17570020232BF4
:10201800F788944901478DC21307803E958FB3878F
:10202800E70233C7D702E1776353F7006177A16707
:102038006344F7001387F7FF975700202390E7863C
:102048009387018C9C43850723A0F18C9306C003DA
:1020580063E2F606854717570020A302F7849757CF
:102068000020238F0782238F018AA38F018A4DA81E
:10207800E3DE07F0814719BFB7470F009387F723BF
:1020880085B71307803E33D7E60229463307C702D0
:1020980011E305473386D7406353C7003A863307B1
:1020A800E0406353C700328736979746002023AB3A
:1020B800E67E85B79356F74197470020A381077EB0
:1020C800B3C7E600958F1307900F9746002083C685
:1020D800267D6356F70283C7E18B6365F7008507A2
:1020E800238FF18AA38F018A85EE03C7E18B854789
:1020F80063F8E702174700202304F77A15A0A5D64E
:1021080093068007E3C3F6F683C7F18B6365F70090
:102118008507A38FF18A03C7F18B9147E3E1E7F4C1
:10212800B2402244924441018280174500201305A1
:10213800657682809747002023840776238F018A5B
:10214800A38F018A8280CC41411106C6328503C61D
:10215800150083C5050022064D8E42068D65418611
:10216800138875A2630C060F6348C804138845A238
:102178006306060B634AC800938535A26309B60651
:1021880023900600294679A0138855A26308060BF8
:10219800938565A2E316B6FEC1451D4663ECE506C8
:1021A8004546198E63F3C7003E862390C60097C53F
:1021B8000100938565B289A8138895A26300060F6C
:1021C800634E060B1388A5A2630A060F938505A51F
:1021D800E318B6FA99451D4663EEE502198E63F3D6
:1021E800C7003E862390C6009385818131A89D450E
:1021F8001D4663E1E5022146198E63F3C7003E865A
:102208002390C6009385418CBA9597200020E780DB
:10221800C0CB0146B2403285410182809D451D46B2
:10222800E3EAE5FE2146198E63F3C7003E86239054
:10223800C60097C501009385A5ADF9B7A1451D4610
:10224800E3EAE5FC2546198E63F3C7003E86239032
:10225800C60097C50100938565AC7DB7C1451D468D
:10226800E3EAE5FA4546198E63F3C7003E862390F4
:10227800C60097C50100938565A779B7C1451D4676
:10228800E3EAE5F84546198E63F3C7003E862390D6
:10229800C60097C50100938525A9BDB7AD451D4664
:1022A800E3EAE5F63146198E63F3C7003E862390CC
:1022B800C60097C501009385A5A4B9B7B5451D46C5
:1022C800E3EAE5F43946198E63F3C7003E862390A6
:1022D800C60097C501009385259F3DB79736002016
:1022E800938606804146CD45172500201305456C89
:1022F8006F70C03103C88500214513780801631247
:1023080008082D453DEF03C5050009476317E50695
:102318003285D041411106C6034716000346060020
:1023280041682207518F130628FE6308C7026369B4
:10233800E6000518630307032390060029451DA836
:10234800130648FE630BC7001518E31707FF154768
:102358003E866377F700154621A03E8691C3054661
:10236800CC452390C6004206418297200020E78092
:10237800C0B50145B2404101828023900600054561
:102388008280828083C7850093F70702E1E34111C9
:1023980006C622C426C24AC003C9050009432E88BE
:1023A8008547631B690203A345003284B6848347CB
:1023B800130003430300A207B3E767004163130E4A
:1023C80013FE6382C7030D13638B67040D6813083C
:1023D800289063850707A947B240224492440249DE
:1023E8003E8541018280AD4765FB0547B547E365FA
:1023F800D7FE0325C8000546A28597200020E78060
:10240800C0AC01499387018E9843814771D718431F
:1024180061D72686A2854A850297814775BFAD4751
:1024280045FF5147B547E369D7FA0325C800514628
:10243800A28597200020E78040A9E9B72244B2404E
:1024480092440249854741016F500060A1473E858B
:10245800828041677917630EE502411122C406C6DE
:1024680085472A84639CF50022852244B24097451B
:1024780000209385A54441016F7020248947639605
:10248800F5008545EF90004965D1B24022444101ED
:1024980082808280411122C42A84416597450020A8
:1024A8009385C5417D1506C6EF70202117050000EC
:1024B800130565FA0588EF90603D05C02244B240D7
:1024C80097260020938686734146C5451725002028
:1024D8001305C56141016F706013B2402244014584
:1024E8004101828009C523A0A18E0145828045450E
:1024F800828011476360A70897C601009386068407
:102508000A0536951841411106C63697AE87B28539
:10251800028705476145639AE70005461385C18C24
:1025280097200020E780609A0145B24041018280EF
:1025380005476145E39BE7FE05461385018DCDB749
:1025480051476145E393E7FE5146174500201305BF
:10255800A535F9B705476145E399E7FC05461385B5
:10256800418D7DBF15476145E391E7FC154613850D
:10257800818D7DB709458280411122C42E849745FB
:1025880000209385A53326C206C6AA84EF5080464C
:10259800058915C1972700209387475583D7A70B2F
:1025A800A285B2402310F4002244268592440146B5
:1025B80041016F602021B2402244924449454101C3
:1025C8008280411106C62929BD4763F3A70009295E
:1025D800BD2DBD4763F3A7009D2DB24083D5E18E85
:1025E80003D5C18E41016F104040411193962500DB
:1025F800AA852D4506C697100020E7802058B240CE
:10260800014541018280411126C29394250022C4CC
:102618004AC02A843289A686AA850146254506C667
:1026280097100020E7808055A6864A86A28529450E
:1026380097100020E7808054B24022449244024917
:10264800014541018280011122CC06CE3714004099
:1026580026CA4AC84EC652C483447405034AB40500
:102668008349840503499405052E8347A40593F4FB
:10267800F40F137AFA0F93E71700230DF40493F974
:10268800F90F1379F90FB717004003C7A705058B92
:102698006DFF03D5C705A38D4705238C3705A38C8C
:1026A8002705A38B9704F2406244D2444249B249B9
:1026B800224A0561828041119397050122C406C60A
:1026C800C1872E8463DD0700EF00103919C1EF00C0
:1026D80010322165218DB24022444101828093F756
:1026E800150013C51500E5FB9397250163D0070274
:1026F800EF10317AF93537F60200130606E08965DE
:1027080003C5418EEF1060060965E9B79397150177
:102718000145E3D207FC17B501001305E567EF9003
:10272800511F13060064916503C5418EEF10E00345
:1027380011654DB71D71494697B5010093854561EF
:1027480017C501001305858086CEEF00D06901E921
:1027580017B5010013050561EF90B11B01A037F70C
:1027680000E0F9575CC7FD571CCB8566B7E700E06A
:1027780023A0D7101306701010C3B8434146B0C346
:1027880023A0D718B8C3010001001306C003814570
:102798004808EF00305F973700209387A78F3ECA1D
:1027A800896793870780231CF100ED47A301F10295
:1027B8009307A0102312F102D1472303F102A16766
:1027C800938707E03ECE97070000938747E2BEC491
:1027D80097070000938767E3BEC685472304F10285
:1027E800B5472308F10297170000938767953EDAEB
:1027F800B7F5070097070000938727E53EDE814677
:1028080097070000938727DC7000E1051945BEC0D3
:1028180097100020E7808036580881479946700055
:102828003E960346060085070507A30AC700E398F6
:10283800D7FED24791C70357810185676373F700B5
:1028480001A04808EF10A02DAA8501C917B50100FD
:1028580013058552EF90417A01A0F64025618280E8
:10286800411117050000130545E506C622C4EF10FF
:1028780080271384418E2300A400292803450400DF
:102888002244B24037F60200130606E0896541018A
:102898006F00B06D411106C6B717004013077005E9
:1028A8002380E704130780FA2380E70403C7F702AD
:1028B8001377A70FA387E70203C7F7021367270059
:1028C800A387E702FD391305407E8147014781460A
:1028D800054685455D23B240014541016F102051F1
:1028E800B717004083C88705194703C89705A38C05
:1028F8000704238CE70403C7970593F8F80F1378A8
:10290800F80F13679702A38CE7040547238DE704A4
:10291800371700408347A7059305A705858BFDFB5F
:102928000565C14637170040054E1303F5FF2380A0
:10293800C50103C60500058A6DFE0356C705FD16C9
:10294800C2061346F6FF33766600C182B297E5F2F7
:1029580083469705A107918393F6760F13050580A3
:10296800A30CD7041D8D230C17054205A30C0705DE
:1029780041858280B717004003C777051A0592057D
:102988004D8D1377E70F13653500A38BE704137597
:10299800F50FA38CA7048280B717004003C77705FB
:1029A8001377E70FA38BE704130700F8A38DE70459
:1029B8003D47238CE70413075003A38CE704828068
:1029C8000547B7170040238DE704371700408347B2
:1029D800A705858BEDFF0355C705520551818280F8
:1029E800B717004003D587005D714EDE420541816F
:1029F80086C6A2C4A6C2CAC052DC56DA5AD85ED667
:102A080062D466D26AD06ECE9377050C130700089D
:102A180081496386E71813070004639AE714B7240B
:102A28000D8F7D8993840480B3D4A4029167938722
:102A380007E8BE94A167938707D0B3D4F402EF8068
:102A4800D16F97B701009387E7359043D443EF8060
:102A58009123EF900131AA8B939C040103D9C18E75
:102A680093DC0C0163150900056913090980B71780
:102A78000040130770052380E704130780FA2380BA
:102A8800E704B71A00400547939D0401096C2389A0
:102A9800E704514B01438145138D0A041306700561
:102AA800930680FA094893DD0D01130C0C71A948AF
:102AB8002300CD002300DD0023962A0323000D0008
:102AC80083C72A05898BEDDF83D70A0583C72A05C3
:102AD800898BEDFF83C72A05898BEDDF83D70A052C
:102AE8002396218FC207C18333859741131A0501A5
:102AF800135A0A41630B0A143307BA02635E070CC0
:102B080005034203135303016368680C63D9050A7C
:102B18003305B04093150501C185C204C18063D750
:102B2800450B0965130505713385A502B7170040E4
:102B3800130770052380E704130780FA2380E7044E
:102B480023963703238007043345950242054181C4
:102B5800B640264496440649F259625AD25A425B14
:102B6800B25B225C925C025DF24D61618280B1E3EE
:102B7800B77489097D8993840480B3C4A4029167DA
:102B8800938707E8BE94A167938707D0B3C4F4027C
:102B9800EF80B15A97B70100938747217DB597B762
:102BA80001009387A71F856483AB0700938484384B
:102BB80065B5930B0000954445B53A89D5BDB387F3
:102BC800FC40139A0701135A0A4181BF096513058E
:102BD80005713305AA028DBF3385B74163E4FC0054
:102BE8003385FD40330585033344B50363C5880049
:102BF80013150401A9BF528532C636C4EF90010AE5
:102C0800DE85EF80915AEF904103131305011353AA
:102C180003413307694042074183A24632460948C7
:102C2800A948631AE9001307190063444001130710
:102C3800F9FF420741837D1B137BFB0FCA89D285AD
:102C4800E31D0BF62396E18E65B7014511B7B7175B
:102C5800004003D5870039715ECE4205418106DE0A
:102C680022DC26DA4AD84ED652D456D25AD062CC72
:102C780066CA6AC86EC69377050C13070008814BAD
:102C88006388E71413070004639CE710B7240D8FCB
:102C98007D8993840480B3D4A4029167938707E85D
:102CA800BE94A167938707D0B3D4F402EF80F148AC
:102CB80097B701009387070F9043D443EF80A17C17
:102CC800EF90210AAA89939A040103D9E18E93DA35
:102CD8000A0163150900056913090980B71700403F
:102CE800130770052380E704130780FA2380E7049D
:102CF800139B04010547096A2389E704D14D014D57
:102D0800814C135B0B01130A0A714A859710002046
:102D1800E78060BC330C5541420C135C0C4123978F
:102D2800218F630A0C14B3079C0363D0070E050DAB
:102D3800420D135D0D01894763E9A70D63DA0C0A9B
:102D480033059041931C050193DC0C41C204C180FA
:102D580063D78C0B0965130505713385AC02B7176A
:102D68000040130770052380E704130780FA2380C7
:102D7800E704239677032380070433459502420529
:102D88004181F2506254D2544259B259225A925A4D
:102D9800025BF24B624CD24C424DB24D21618280B3
:102DA800B1E3B77489097D8993840480B3C4A4020C
:102DB8009167938707E8BE94A167938707D0B3C448
:102DC800F402EF80913797B70100938727FEEDB59E
:102DD80097B70100938787FC856483A907009384CC
:102DE8008438D5B5930900009544F1BD3E8931BFBB
:102DF8003385AA40131C0501135C0C4181BF09658A
:102E0800130505713305AC028DBF63FEAA003305B7
:102E1800654133054503A9473344650363C8870003
:102E280013150401B1BF3305AB40E5B76285EF80E8
:102E3800F166CE85EF807137EF803160131D050193
:102E4800135D0D41B307A941C207C183631AF90095
:102E580093071900634480019307F9FFC207C183F0
:102E68001387FDFF937DF70FCA8BE28CE3900DF873
:102E78002397F18E75B7014529B741112A83014E71
:102E8800930E407E130F0019930F400663EB6E0AF2
:102E98009308001913034006B3781503854E0D4FA8
:102EA800A14F337365020D891335150063E5BE0C18
:102EB8001308F6FF79467298420813580801330739
:102EC800C70213D61700BE0732976146B3F6C6028B
:102ED80013068070B386C6023697A166F58F42073F
:102EE8005D8FB717004083C6F70293F60608A3075D
:102EF800D1000346F10083C6F70293F60608E3946F
:102F0800C6FE8346F10093F6F60FF1DE93067005D0
:102F18002380D704930680FA2380D70423AA0703C3
:102F280083C6170393E60608A388D702D8DB03C72E
:102F3800170313670704A388E702238007044101E6
:102F480082807D133368E3039308E016630E08005C
:102F58003368F3039308D0166308080093783300A6
:102F680093B818009388D81633081E01131E080159
:102F7800135E0E0121BF6393E503054863860800CD
:102F88000148630303002A8871087298FD15131E0F
:102F98000801C205135E0E01C18109BF13F81500AF
:102FA80063F4BF007908D5B713381800E5BF914717
:102FB80063EEB70217B701001307C7DF8A05BA9592
:102FC8009C41BA978287B717004003A7470B134560
:102FD800F5FF698F23AAE70A03A7070B698F23A8C0
:102FE800E70A03A7070A798D23A0A70A8280B717E3
:102FF800004083A6470B1347F5FFF98E23AAD70A8B
:1030080083A6070B558D23A8A70A83A6070A758FE1
:1030180023A0E70A8280B717004003A7470B498F10
:1030280023AAE70A03A7070B1345F5FF45BFB71700
:10303800004083A6470B1347F5FF758F23AAE70ABD
:1030480003A7070A598D4DB7B717004003A7470BC9
:10305800498FEDB7914763EEB70217B70100130721
:10306800A7D68A05BA959C41BA978287B7170040B8
:1030780003A7470D1345F5FF698F23AAE70C03A79C
:10308800070D698F23A8E70C03A7070C798D23A0E8
:10309800A70C8280B717004083A6470D1347F5FF9A
:1030A800F98E23AAD70C83A6070D558D23A8A70C44
:1030B80083A6070C758F23A0E70C8280B717004002
:1030C80003A7470D498F23AAE70C03A7070D13454C
:1030D800F5FF45BFB717004083A6470D1347F5FF17
:1030E800758F23AAE70C03A7070C598D4DB7B7179F
:1030F800004003A7470D498FEDB7B717004003D528
:103108008700420541819377050491EB9377F50198
:103118003755E801130505803345F502828093771A
:10312800050C130700046397E7009377F50137450B
:103138009C1CCDB72165130505D08280B7F700E048
:10314800C8439C478280814737370040A14663C403
:10315800C700328582800345B700E38EA6FE33851B
:10316800F5000345050085072304A700CDB74111E5
:1031780022C406C62A8451372947B307E502B2405C
:103188008D83B3D7870222449507B3D7E702373731
:103198000040C207C1832316F70041018280716590
:1031A80041111305052006C6D937B7370040130764
:1031B80070F82381E7000D47A381E7001307000497
:1031C800A380E70005472387E700B24041018280DA
:1031D80023AC05FE1C4191E7010001000CC182806F
:1031E800BA8703A787FF6DFF23ACB7FE82801DC196
:1031F8008346E5FF1307F00F9147639EE6004111F0
:1032080006C697100020E780606EB24081473E8571
:103218004101828095473E85828001E9014582808F
:103228000145B240224441018280411122C42A84CE
:10323800210542059305D004418106C69710002058
:10324800E780206171DDFD572320050023128500EA
:103258002303F5002105F1B71387018F1C434111A2
:1032680022C426C24AC006C601440149BA8489E775
:10327800A1658D250DC401A803C7E7FF6318A70240
:103288001DC8A165C1269840832784FF6317E402FF
:1032980023A8F18EFD57232C04FE230FF4FE22856C
:1032A800B2402244924402494101828011E03E89A1
:1032B80083A787FF6DBF3E84E5BF232CF9FED9BFE6
:1032C800A9C9411122C406C62A849737002083C79A
:1032D800B7632E856368F400193F0D45B240224458
:1032E8004101828083A785FF99E703C7E5FF93071C
:1032F800F00F6305F700E53D1545CDB7238F85FE33
:103308001385018FF13522852244B240A165410120
:1033180015AE1545828023A8018E828093878190FF
:103328009C4399E33E85828003D727006316B70044
:1033380003C70700E308A7FEDC47E5B741119397E9
:1033480005014AC006C622C426C2C1872E8963DE8B
:103358000700193711C1613D21653345A900B24005
:1033680022449244024941018280AA860145E5D956
:1033780001443D47B3578940858B95CB9387C18FCF
:103388008443BD4791E28147A2978E070545BE94C5
:1033980033158500131405019C40C840418082976D
:1033A80023A0040023A20400334524014DBF0504D3
:1033B800E312E4FC0144CDBF9737002093870751FF
:1033C8009C53411122C406C61384818295C78297F3
:1033D80023A4A1820840B74703009387D73F33054A
:1033E800F502B7A72600938737ECB24022443E95F2
:1033F80023A4A18241018280973700209387C75078
:1034080018409C4BBA9723A4F182E9B79387418F60
:1034180090439736002083C6364F814713F7F70F3E
:103428006360D70A173700200347F762914763E0C4
:10343800E70A9737002083C7A766918BC9EB01116C
:10344800680006CE22CC26CAEFC06019FD56630F6D
:10345800D50C32479737002083C7774863F3E70CCA
:10346800173700201307474A4047173700200347FC
:1034780027476305D406058B21CF51473304E4025F
:1034880063F1870A97100020E78040C9B247637349
:10349800F400A2871737002003477744998F3E9599
:1034A80097370020938787428387470163CD0702B8
:1034B800B707C0A86369F502B70740573E9525A02E
:1034C80085071397170032970357E7FF21DB8280A0
:1034D800130790023304E40205805DB76207618731
:1034E800635707001D8D19E93705C0A801A8E37BBC
:1034F800F5FE3707C0A8B307F7403E959737002079
:103508009387C73CDC53829709ED97370020938750
:1035180027549C4F99C7EF00F152EF10612BEF0031
:10352800D146F2406244D244056182809737002038
:103538009387873DDC47E386A7FE173700201307EC
:10354800E73883464701BA84858A9DC65144338447
:1035580087029737002083C79738E3F487FC9710D2
:103568000020E780A0BB9737002083C757371D8C02
:103578002295838744011DBF130490023384870278
:103588000580C1BF2A9609E582800505A30FB5FE0F
:10359800E31DC5FED5BF81473307F50003070700C4
:1035A80019E33E8582808507C5BF01112E8626CA8C
:1035B800AA84131506019305F004418122CC06CE96
:1035C80032C697100020E780C0282A8419C53246E1
:1035D800A68597100020E780408F2285F24062443C
:1035E800D2440561828081476314F60005458280D4
:1035F8003307F5008507B386F5000347070083C640
:10360800F6FFE383E6FE014582809307F6FFBE9549
:103618002A966313C5008280FD1583C7150005052A
:10362800A30FF5FEFDB7814711E9014582803307F5
:10363800F50003470700E31AB7FE8507E319F6FE0E
:10364800054582809737002083C7172C637FF500D4
:103658001387418F9317150008433E95835705003C
:10366800DD8D2310B500014582800D458280FD5710
:10367800011117370020232FF7289387819022CC38
:1036880080434EC6973900209389492426CA4AC8E0
:1036980052C456C206CE5AC02A8981444E8A973AE5
:1036A8000020938A6A26184481476374E900B307A7
:1036B800274103A749021CC409CB03A7CA0063F624
:1036C800E700173700202327F724A1E783552400B4
:1036D8009DE95C44A1E823A4F190032BC400228552
:1036E80097100020E78080205A8455FC83274A02DF
:1036F80085CF6244F240D2444249B249224A924AB2
:10370800024B056121B3034504002D3F5C4081CB8A
:103718001CC483572400D5DFA2844044F9B71C4455
:10372800CDDBC5BFDCC455BFF2406244D244424938
:10373800B249224A924A024B05618280973700209B
:1037480083C7971C6371F5021387418F9317150080
:10375800084393C5F5FF3E9583570500FD8D23105B
:10376800B500014582800D4582809737002083C7C8
:10377800B7196364F50001458280411122C426C24D
:103788004AC006C62A842E89B284493E01C504C5AA
:1037980005452DA0936504F0C205C18141459710E8
:1037A8000020E780000B0DE1973700209387071270
:1037B8009C5B81C7A285114582970145B24022448E
:1037C8009244024941018280938781909C438DE312
:1037D80023A4A19085472326050004C523112501AC
:1037E80023008500A300F5002322050055B7BA87FA
:1037F800D84775FFC8C7F9BF45C539715AD0138B6B
:10380800C18F22DC26DA4AD84ED652D45ECE66CA9A
:103818006AC86EC606DE56D262CC3689328AAE894E
:10382800AA8401445A8DB94D854BF94C03270B00E6
:10383800131C3400937AF40F62971C43A9EF13B555
:10384800FA0013451500B3978B0063F65D019307E3
:1038580014FFB397FB0093950701C1815286313756
:103868001DC983270D000145E29784C323A23701B0
:103878006304090023005901F2506254D25442599A
:10388800B259225A925A025BF24B624CD24C424DC8
:10389800B24D216182800504E31A94F92145E9BFFC
:1038A80009458280411122C426C24AC006C6AA849C
:1038B8002E8932845D3DCA852685EFF03FA609C969
:1038C80040C10145B24022449244024941018280EC
:1038D8002145CDBF411122C426C24AC006C6AA84CA
:1038E8002E89EFF0BFA32A8419C123110500973749
:1038F800002083C767016394970023902191CA85AC
:1039080026852D3D014511E01945B24022449244D7
:103918000249410182807547636BA7041387C18FF1
:103928001443411126C293143500A696944222C42A
:1039380006C6AA873A84094595C613B5F7003947DC
:10394800134515006373F700C5178545B395F50052
:10395800C205C18141371C400145A69723A0070035
:1039680023A20700B24022449244410182800945C3
:103978008280411106C6EFF07F9A09C50845B2401A
:10398800410182800145E5BFF54763EDA7049387B0
:10399800C18F9C4313173500BA979843894721C7AD
:1039A800011126CA06CE9334F50022CCB94793C438
:1039B800140063F3A700451505443314A40042041A
:1039C80041802EC62685A2856D378947324609C5AE
:1039D800A2852685593B8147F2406244D2443E8500
:1039E8000561828089473E858280239CA18E239D24
:1039F800B18E8280411106C623A2A1900295B240E1
:103A08009737002023ACA7F00145410182809947F0
:103A180063E9B7008A0597370020938727F1BE9599
:103A280088C18280411106C622C426C2EF50511EA9
:103A38007146814517350020130545EFEFF09FB417
:103A480017340020130444EC1306400222858145F4
:103A5800EFF05FB323A4019023A2019097370020D1
:103A680083C787E813D527008D8B3E958D4733058F
:103A7800F5029947930510109384C1903505137585
:103A8800F50F2301A4003305F5021305050F971060
:103A98000020E78000DC23AEA18E834724001305B5
:103AA800050F88C08A073E9523AAA18EEFF0BF862E
:103AB800692E8347140098401706000013064688AD
:103AC80093962700BA9690C293862700850793F7A6
:103AD800F70FA300D400B24022448A07BA9790C3D4
:103AE8009244410182809737002083C7F7E1173756
:103AF8000020034787E163F1E7021387C190184369
:103B08009386170017360020A300D6E09396270067
:103B1800369708C33E8582809307F00FE5BF1C41A6
:103B28006380071A41777D8FB70600208947631A9B
:103B3800D7180357450063060718411126C21946CE
:103B4800AA849305F00F590506C622C4EFF0BFAD4D
:103B580005478D476300E51617340020130404D782
:103B68001C4481CB5858994763160714185C631393
:103B780007141306C003814517350020130505D522
:103B8800EFF05FA01306C003A685173500201305C4
:103B9800E5D397000020E78040339737002083D78C
:103BA800A7D399E793070010173700202316F7D2F9
:103BB8009737002083C767D291E7854717370020DA
:103BC800230DF7D09737002083C737D191E7ED470A
:103BD80017370020A303F7D09737002083C707D0F3
:103BE80091E7954717370020230AF7CE973700202B
:103BF80083C7D7CE91E7854717370020A300F7CEB4
:103C08009737002083C7D7CD99E783470401173733
:103C18000020A307F7CC9737002083C747CC91E74C
:103C2800D14717370020230CF7CA9737002083C7DE
:103C3800C7CB95E717370020034787CA9316870134
:103C4800E1869307C00263C806009377170093B70D
:103C580017009387D702173700202308F7C897372C
:103C6800002083C7D7C795E717370020034747C702
:103C780093168701E1869307C00263C8060093770D
:103C8800170093B717009387D70217370020A308A8
:103C9800F7C483C7D40191E7894717370020A305E4
:103CA800F7C41C5491C78297973700202391A7C661
:103CB800953B8147B240224492443E85410182802F
:103CC80089473E858280011122CC06CE2A842EC6E1
:103CD800EFF08FEEB245F240818D33A5A502229513
:103CE80062441375F50F05618280011122CC06CE5E
:103CF8002A842EC6EFF04FECB245F240818D33A5F1
:103D0800A502229562444205418105618280011124
:103D180022CC06CE2A842EC6EFF00FEAB245F24036
:103D2800818D33B5A502229562440561828097375B
:103D380000209387A7B9985725C3411122C426C2EA
:103D480006C6BE84029717370020035747BC2A844B
:103D580041C7BA876373A700AA87C207C183BA8617
:103D68006373E400A286C206C182958F51476355EA
:103D7800F706DC5491C38297854717370020230D37
:103D8800F7CCEF00111197370020239287B8B24083
:103D980022449244410182809737002083C7C7CBD1
:103DA8009DE7973700209387A7CA83C797008507A1
:103DB80093F7F70F17370020A300F7CAA18B9DC709
:103DC8008547173700202319F7C86F0071129737F6
:103DD8000020A38307C8D5BF9737002083C7C7C76C
:103DE800DDD72244B24092444101C5B7828097375B
:103DF80000209387A7ADD857011122CC06CE3E8468
:103E080001C72AC60297324509CD23A8A1901705F4
:103E1800002013052532F93EF24062440145056150
:103E280082808307440163DD07009737002023A9B8
:103E380007AE970700209387872A23A8F190C1BF70
:103E4800970700209387872DCDBF011122CC173407
:103E580000201304A4A7084406CE26CA4AC801E9CC
:103E68000545F2406244D2444249056182805C586B
:103E7800E5DB185C75D77000854582971844B24712
:103E8800E300F7FE9305E004173500200355C5A4A9
:103E980097100020E780E09B173700202324A7A86D
:103EA80061D117360020035626A39305F00FEFF0D3
:103EB8006FED814417390020130909A597370020B1
:103EC80083C7A7A10326C90163C1F40232859710ED
:103ED8000020E780A0A101459737002023A407A46C
:103EE8009737002023A207A4ADBF9735002083D5BC
:103EF800A59EB38795020844185C898185043E9580
:103F080008C2029765BF411122C417340020130468
:103F1800E49B1C4426C206C64AC0973400209384FA
:103F2800A49E91EBC84C35E9B24022449244024920
:103F38000145410182801C5CF5D7DC4C99EF930563
:103F4800E004173500200355259997100020E780D5
:103F580040909737002023A7A79CC84C61D51736F7
:103F68000020035666979305F00FEFF0AFE1014983
:103F78009737002083C76796D04CE355F9FA9735F1
:103F8800002083D56595338525031C44898105095F
:103F98003E951C5C08C28297E1BF97100020E7801D
:103FA800E0949737002023AF07969737002023AD7A
:103FB80007969DBF011156C2973A0020938A0A912D
:103FC80083A78A0022CC4AC84EC606CE26CA52C447
:103FD8005AC0AA892E8432896385072203A74A0317
:103FE800630707147D476366A714973400209384FA
:103FF800A49103AAC40163170A0A9565938515E07D
:10400800173500200355458D97100020E780608400
:104018009737002023A8A7902A86630A051083A74C
:104028004A0303A58A009735002083D5E58A89814C
:10403800829783A78A0003AAC40117370020232583
:10404800F78E8947639CF908C1476312F40E9735C8
:10405800002083D56588938505FC9147B3C5F50293
:104068008A05D29503C705009307A005631DF70AC3
:1040780083C715006399370B4A85228691059700F7
:104088000020E78080E4DC4C5285639347150145A6
:10409800F2406244D2444249B249224A924A024B0F
:1040A800056182809850E38EE7F89565938525E051
:1040B800173500200355458297000020E780607976
:1040C8002A8A35C52A8683A74A0303A58A00973515
:1040D800002083D5658089818297A5B78D47639D28
:1040E800F900C1476315F4049725002083D5C57EE0
:1040F800938545FDF199B5B79147639AF90063181F
:1041080034039725002083D5257DA115E5B7C14740
:10411800639FF900A14763EC87009725002083D5AA
:10412800A57BC115C1BFDC4C52856397470D294556
:1041380085B71307F006568B6361A70A130A05FEB5
:104148001947334AEA02172700200357E778972AC6
:104158000020938A6A7B330AEA023E9A83A70A02FE
:104168006395470183A4CA019DE49305E0041725DC
:1041780000200355657697000020E780806DAA84AB
:104188005DD583274B039725002083D5E5742A86C0
:1041980089815285829791451307A0058981939754
:1041A8002500A69783C607006393E60483C6170015
:1041B800639C360385058A052286A6954A8597005D
:1041C8000020E78080D083A7CA01E38297EC268588
:1041D80097000020E78080715DBD1307E007E36862
:1041E800A7F4130A05F985B783D5270045BF83A728
:1041F800CA01E38E97F2268597000020E780006FBA
:104208003DB79727002093872770CC4F8DD19147D2
:104218009306A0058983139727002E970346070066
:10422800E317D6F003461700631C360185078A0793
:104238002286BE954A8597000020E78000C981BD87
:1042480083572700C1BF972700209387276898477F
:1042580039C79C5FA9C705476313E504411122C408
:10426800172400201304446A504C06C60DC6085093
:104278009725002083D5456689818297484C970009
:104288000020E780A0669727002023AD07689727BE
:10429800002023AB0768B24022444101828082801B
:1042A800011117270020130767624EC6832987006C
:1042B80022CC26CA4AC806CE52C456C2AA842E8424
:1042C8003289638A09201C5FBA8A99EB2945F24032
:1042D8006244D2444249B249224A924A05618280E4
:1042E8005C5BEDD7FD4763E9A70E9729002093890A
:1042F800A96183A7C901B1CB03A58A0083A70902D5
:104308006395A70689476393F408C147E310F4FC53
:10431800172500200355455C9147130505FC3345D7
:10432800F5029317250003A5C9012286CA853E9583
:104338009307A0052300F500A30095001105970039
:104348000020E78080B8014559B79305E004172598
:1043580000200355655897000020E780804F972775
:10436800002023A1A75C49F995B783A74A0303A6B0
:10437800C9019725002083D525568981829783A76F
:104388008A00172700202321F75AADBF8D47639E67
:10439800F400C147E31CF4F2172500200355C55368
:1043A800130545FD9377C5FFBDBF9147639AF40098
:1043B800E31E94F017250020035505522115DDB79B
:1043C800C147E395F4F0A147E3E287F01725002001
:1043D800035585504115F9B79307F00663EAA70618
:1043E800930705FE1947B3C7E702172700200357AD
:1043F800A74E172A0020130A2A51B387E702BE994D
:104408008327CA01A9CF83270A02639A370703259E
:10441800CA0191461308A005FD5593D72600C20787
:10442800C183139727002A9703460700631D0607D1
:10443800834817000356270063959806B306D640AD
:1044480063CF860485078A072286CA853E95C5BD3F
:104458009307E007E3ECA7E6930705F979B7930517
:10446800E004172500200355254797000020E78022
:10447800403E9727002023A7A74A51F581BD83A76F
:104488004A030326CA019725002083D5E54489817C
:104498004E8582979727002023A837498DBFA30010
:1044A800B700B2869DBFB385860017260020035645
:1044B800A6429105130606FCE3FAC5E0130634008C
:1044C8001376C60F1106B29623000701A3009700C2
:1044D8002311D70085BF972700209387E742D44F41
:1044E800BE89A1C203A5C90191461308A005FD55BF
:1044F80093D72600C207C183139727002A9703463C
:1045080007006316060583481700035627006398BB
:104518009800B306D640E3D786F2A300B700B28668
:10452800C1BF8357C700172500200345053B9305E6
:10453800E0043305F5024205418197000020E78039
:1045480040319727002023AFA73C49FD41B31726E8
:104558000020035666389725002083C50538B385A3
:10456800C502338686001106E3E2C5D681BF014540
:104578008280011106CE2EC6EF70002901C9B2450E
:10458800F2400355250005616FA0204FF2404945D0
:1045980005618280A38E0192238E019223A201924B
:1045A80023A4019223A6019223A8019223A0019299
:1045B80023AE019097270020938707393707B40067
:1045C80098C33747A000D8C3370710009306070AD7
:1045D80094C7B7065000C106D4C79306070541071C
:1045E800D8CB3707D007410798CF3707840398D32C
:1045F80037C70700130707B8D8D3416794CB93068A
:104608000701130717F8D8D7417723AE070094D7C7
:1046180098DB8280011126CAAA84214522CC06CEC5
:104628002E8432C636C43AC2EFE03FBF1DC9A24647
:1046380012473246930700FD2300F5009947A3006F
:1046480095002301F5002303D500A303E5002312F9
:10465800C500AA8522856244F240D24405616FE014
:104668003FC6F2406244D2440561828023A2A192EF
:10467800828023A4A192828023A6A192828023A86B
:10468800A1928280011122CC4AC806CE26CA2A8964
:104698000144B30489006368B400F2406244D24420
:1046A8004249056182802EC6EFE01FD193170501AC
:1046B800C183A183B2452380F4009307140093F7C4
:1046C800F70F850463F9B700CA9709042380A70088
:1046D8001374F40F7DBF3E847DBFC167172500208A
:1046E8000355252AFD176302F502411103C6819C73
:1046F8009385419306C6EF609073B240FD57172724
:1047080000202310F72841018280828009C92515DD
:104718001375F50F1335850E134515008280014575
:10472800828023800500F94763E2C708797122D4A3
:1047380026D24ECE56CA5AC806D64AD052CC5EC6E3
:104748003684B289AE8A2A8B814463FF3405B30765
:10475800940003CA0700138914001379F90F63053D
:104768000A04B3072A0163C1F904B307240183CB00
:1047780007005E85613F0DC99307FAFF2380FA00A1
:1047880063906B03130519002295B250225492547A
:104798000259F249624AD24A424BB24B4561828081
:1047A800D29493F4F40F55B70145C5B701458280FB
:1047B800411126C2AE8422C49727002023AAC71C11
:1047C8009727002023A4B71C9727002023AEA71AF9
:1047D8002A8441469305F00F26854AC006C6054936
:1047E800EFE07FE4631E25039727002093870719CE
:1047F800884BC145413D41469305F00F2285EFE0C6
:104808009FE28544631695022244972700209387E8
:10481800E716B24092440249C847C14541019DB5D7
:10482800414681452685EFE01FE0E31625FD6DBF73
:10483800414681452285EFE01FDFE30795FCB24042
:1048480022449244024941018280411122C426C275
:104858002E84AA841306000281451725002013051B
:10486800E51106C6EFE01FD297270020A38997100D
:10487800A385819CEFA0E021854719C1814749455F
:10488800B240224417270020230AF70E9244410120
:104898008280814781CD19C98547631BF50083C78D
:1048A800550093E707FCA382F50085473E85828083
:1048B80089476317F50083C7550093F7F703E5B7F2
:1048C8000D478547E314E5FE03C755001377F70343
:1048D80013670704A382E500D1BF81478DC105C1D5
:1048E80003C755009306000C85471377070C630828
:1048F800D700930600048D476303D70089473E8598
:104908008280411122C4005D06C626C21DC8AA8441
:10491800085009C597000020E78040FD485009C5A8
:1049280097000020E78080FC085409C59700002004
:10493800E780C0FB228597000020E78020FB23AC9E
:104948000402B240224492444101828009ED972733
:10495800002083C7C702172500201305A50381CBB4
:10496800138541918280172500201305A5028280B6
:10497800172500200345A5008280972700209387EC
:10498800E7FFC847828097270020938727FF884B37
:10499800828097270020938767FEDC4B88438280BC
:1049A80097270020938787FDD84B1C4385071CC396
:1049B800172500200345B5FC9307F00F6305F500A4
:1049C80091656FE03FC88280011122CC06CE2E840B
:1049D80032C6EF60B0729147B245631FF500938706
:1049E80001939C438DC303A30700630E0300228534
:1049F8006244F24005610283938781929C4381C798
:104A080003A34700DDB7F240624405450561828093
:104A1800011122CC2A840355450006CE26CA4AC86D
:104A28004EC6EF60904E35C52A89834405008349F8
:104A3800C500C13D4A85EF70F04503554400EF605D
:104A4800706783C7C193B1CB6399970483C5D1932A
:104A58002685EFF01FB219E1238E01920355440019
:104A6800EF60D0699147631FF5000357440097270B
:104A7800002083D707F16317F700FD571727002099
:104A88002311F7F0F2406244D2444249B249056129
:104A9800828081499304F00F6DB79307F00FE38F7D
:104AA800F4FA8346640003564400034524004E8705
:104AB800A685EFF03FB65DB779715EC6AA8B2E85E5
:104AC80052CC56CA5AC806D622D426D24AD04ECE7E
:104AD800AE8A328B368AEF6050436DC1045D2A89F5
:104AE800F1CC9C50614599C3130540039C5481C780
:104AF80051054205418163050A007105420541815E
:104B0800DC5081C7590542054181EFE00FF12A8445
:104B180055C561468145EFE0FFA69729002083C966
:104B2800A9E56394090083490900930700FD230060
:104B3800F400A947A30074012301F40023036401CE
:104B48008C50231254011305840191C908C471467D
:104B5800930A440397F0FF1FE780203756858C544B
:104B680091C948C45146930A450197F0FF1FE78051
:104B7800C0355685630C0A0008C87146D285930A69
:104B8800C50197F0FF1FE78040345685CC5099C582
:104B980048C8594697F0FF1FE7802033A2854E8505
:104BA800EFE00FF22254B2509254F249624AD24ACC
:104BB800424BB24B4A8502594561A1B3B2502254C7
:104BC80092540259F249624AD24A424BB24B456169
:104BD800828001114EC6AA892E854AC806CE22CCEB
:104BE80026CA2E89EF60703231C59724002083C40D
:104BF800A4D899E0834405001945EFE00FE22A8420
:104C080015C981451946EFE0FF97930700FD23007A
:104C1800F400B947A30034012301F400231224014E
:104C2800A2856244F2404249B2492685D2440561D0
:104C38006FE00FE9F2406244D2444249B24905614B
:104C4800828039715ECEAA8B2E8526DA4ED652D452
:104C580056D25AD006DE22DC4AD8AE84328BB68AC7
:104C68003A8ABE8942C6EF60502A31C92A8941452D
:104C7800EFE0AFDA2A8421C541468145EFE09F90F5
:104C880017250020034545CF19E10345090093077F
:104C980000FD2300F400BD472301F400B247A30040
:104CA80074012312940023046401A304540123050E
:104CB8004401A30534015CC4A285EFE06FE0F25023
:104CC8006254D2544259B259225A925A025BF24B58
:104CD80021618280797126D2AA8439454AD04ECE84
:104CE80006D622D42EC6B2893689EFE00FD321C169
:104CF800B2459307000D2310F500B1472A8423120B
:104D0800B5002301F500CE851905194697F0FF1F58
:104D1800E780A01B23062401A2852254B250025921
:104D2800F24913F5F40F925445616FE06FD9B25010
:104D3800225492540259F249456182801727002073
:104D48000347F7C39307F00F630DF706411126C217
:104D5800AA84394522C406C64AC0EFE00FCC2A848B
:104D680039C9930700FD2300F500A300950023012E
:104D78000500972500209385E5C10D05194697F094
:104D8800FF1FE780801417290020130929BF8357C4
:104D98008900A28517250020034575BE2315F40058
:104DA800834719002306F4002244B2409244024982
:104DB80041016FE0EFD0B2402244924402494101E0
:104DC80082808280011156C2AA8A314526CA4AC801
:104DD8004EC652C406CE22CCAE84328AB6893A89EF
:104DE800EFE0AFC329C92A842685EF6010121DCDD4
:104DF80003450500930700FD2300F4009D47A30029
:104E080054012301F40023129400231344012314B2
:104E1800340123152401A2856244F240D244424958
:104E2800B249224A924A05616FE08FC917250020CE
:104E38000345F5B4C1B7F2406244D2444249B2498D
:104E4800224A924A05618280397162CC2A8C59457E
:104E580026DA4AD84ED652D456D25AD05ECE06DE7C
:104E680022DCAE8432C636C4BA8B3E8BC28A468AEE
:104E78008359010403494104EFE02FBA35C532468E
:104E8800930700FDA2462300F5009547A301C5003E
:104E9800A30085012301F5002A8419461105A9C23A
:104EA800B68597F0FF1FE780400223066401230AB6
:104EB80024012315740123175401231844012319CD
:104EC8003401A2856254F2504259B259225A925A78
:104ED800025BF24B624C2685D25421616FE04FBED3
:104EE8008145EFE02FEAD1B7F2506254D2544259CB
:104EF800B259225A925A025BF24B624C216182806B
:104F08009727002083C7A7A78DCB4111AA851946EB
:104F18001385419106C697F0FF1FE78000FB938534
:104F2800419117250020034585A5EFF09F96B240D3
:104F38001385419141016F90903601458280172772
:104F480000200347D7A39307F00F6305F708411123
:104F580026C2AA84294522C406C6EFE00FAC2A84DB
:104F680029C1930700FD2300F500A1472301F5009F
:104F7800A300950097270020938747A083C72700A1
:104F8800938541911105A30FF5FE194697F0FF1F70
:104F9800E780A0F3A285172500200345559EEFE082
:104FA8002FB2172700200347879D8D47631FF700FF
:104FB8009387C1929C4391CB03A3870063070300A7
:104FC8002244B240924441010283B24022449244B6
:104FD80041018280172700200347679A8D47631A8B
:104FE800F7009387C1929C4389C703A38700E31DF9
:104FF80003FC8280797122D406D626D24AD04ECEBE
:1050080052CC094445C92A89035505002E8A5144C2
:10501800EF60A06FAA8459CD83C7B19CFD1793F7A1
:10502800F70F054749446377F7080347C500A147C9
:105038006314F70063100A089C5C4544A5EF91656A
:10504800938545711305C00297000020E7806080B2
:1050580088DCAA894D4439CD1306C0028145EFE0AA
:105068006FD2835709009386490036852391F9004A
:1050780071469305490036C697F0FF1FE780E0E4C4
:1050880089472380F90003C5C400B24603560900C6
:10509800611583C5819C13351500EF80D07D2A8466
:1050A80063060A00D2852685EF70F00901C42685BB
:1050B800EFF03F852285B250225492540259F249AA
:1050C800624A4561828083C7B19CFD1793F7F70F49
:1050D80005476378F708894751C6011122CC26CACB
:1050E8004AC84EC652C406CEAA89368AB2842E89C8
:1050F800EF60A0612A84D14729C9485509C597F0AE
:10510800FF1FE780A07EF1452685EFE00FCA48D44F
:10511800CD4705CD8346C40021478147639FE600FC
:10512800630D0A000347A5010356050193062501EF
:10513800AA854E85EF601079AA8703474400630F5C
:105148000900136767002302E400F2406244D24476
:105158004249B249224A3E85056182801367470069
:10516800DDB7C9473E858280E14763EBA700971703
:1051780000209387677D06053E95035505008280CC
:1051880041657D158280011122CC2A842E8526CA8C
:1051980006CEAE84EF6060570DCDB7470F009387FA
:1051A800F723094563E2870281450A854146EFE016
:1051B8006FBDA685231081000A85418023018100E7
:1051C800A3010100EF80904DF2406244D244056192
:1051D80082804945D5BFA384A19C82806F8070627C
:1051E800797152CC2A8A328522D426D24AD04ECE20
:1051F80056CA5AC85EC606D662C4AE8BB28A368B09
:10520800BA843E89C2894684EF60205015C92A8C29
:1052180063140A0213774B008347450015CF93E7C1
:1052280027012302FC008DEC631C0902639A090222
:1052380005E8ED9B2302FC00832B8C03639F0B0680
:10524800B250225492540259F249624AD24A424B0D
:10525800B24B224C45618280F59B93E70701D1B799
:1052680093E747002302FC0001CC1C484146A28575
:105278002324FC0213058C0197F0FF1FE780E0C48C
:1052880063910B02D5D80325CC0209C597F0FF1FFF
:10529800E780C065F1452685EFE02FB12326AC02F3
:1052A80061BFE30B09F80325CC0209C597F0FF1F7E
:1052B800E780C063F1454A85C5B79DC483A70B0243
:1052C80099EB916593853571714597F0FF1FE780DC
:1052D800405823A0AB0203A50B0219C57146A68549
:1052E80097F0FF1FE78060BE6388090283A74B021F
:1052F80099EB916593852571594597F0FF1FE780D4
:10530800405523A2AB0203A54B0219C55946CE85C9
:1053180097F0FF1FE78060BB1DC483A78B0299EB42
:10532800916593851571514597F0FF1FE78060528D
:1053380023A4AB0203A58B0219C55146A28597F099
:10534800FF1FE78080B82254B2509254F249B24B02
:10535800224CCA865A860259424BD6855285D24A71
:10536800624A45616FF04FF5011126CA52C406CE54
:1053780022CC4AC84EC62A8AAE84EF60003925C5B9
:10538800AA893945EFD07FE92A8431CD1719002041
:105398000349895E6314090003C909009307000DD6
:1053A8002310F400AD472301F40093856900130529
:1053B8003400194697F0FF1FE78020B193F71400D7
:1053C800858085882306F400A306940023154401EC
:1053D800A2856244F240D244B249224A4A854249EF
:1053E80005616FD0FFEDF2406244D2444249B249B0
:1053F800224A056182809387C191884301CD41117A
:1054080006C697F0FF1FE780604EB24023AE0190BA
:10541800410182808280011106CE22CC26CA4AC868
:105428002EC6EF60802E39CDB245171900200349EA
:10543800A954AA840CD56314090003490500414501
:10544800EFD0BFDD2A841DCD9307000D2310F50092
:10545800A5472301F50083C754009385640011050F
:10546800A30FF5FE194697F0FF1FE78000A69C548E
:10547800A285F2405CC46244D2444A85424905612F
:105488006FD01FE4F2406244D244424905618280F1
:10549800797122D406D62A842EC6EF6000270DCD56
:1054A8008346C5001147AA8749456393E6029C5F76
:1054B800B24599C383C567010808EF70C051978644
:1054C8000000938646DA100889452285EF6050442B
:1054D800B2502254456182805145DDBF83C7B19CDB
:1054E800FD1793F7F70F0547637AF704894721CA31
:1054F800411122C426C24AC006C6B2842E89EF6072
:10550800C0202A84D14705C56308090083474500A0
:1055180093E727002302F5004146A6851305840179
:1055280097F0FF1FE780609A9C481CD48147B240DF
:105538002244924402493E8541018280C9473E8502
:105548008280797122D406D62A842EC6EF60E01BA9
:1055580001CDB2452285230EB1006C08EF70203BC7
:10556800B2502254456182805145DDBF6F60C02E24
:10557800C1671387E7FF6394E502938781929C4391
:1055880091EB494582804945B24022449244024900
:105598004101828003A30700E30503FE0283411152
:1055A80022C426C24AC006C6FD172A892E84B284A0
:1055B8006395F502938781929C4391CB9C4381CB61
:1055C800829711E5238E2193A38E919275BFA685AC
:1055D8004A85EFE01FFA4DF9F5B72E85EF60E01226
:1055E8005DD1834705000D45E39027FB22852244C2
:1055F800B2400249A685924441016F900048614734
:105608006362A7044111416722C406C626C27D17FA
:105618002A8409456383E502C547AE846315F4000F
:105628002E85EF90404D9317140017140020130493
:10563800A431A297239097000145B2402244924496
:105648004101828009458280011106CE2AC6EFE019
:105658007FF4EF10C002EF00C074EF3071133245D1
:105668009717002093878731130700F02391E700ED
:10567800238207007D579387819CA380E7002380BE
:10568800A700F240954505616F40502A5D719397D8
:105698000501CAC086C6A2C4A6C24EDE52DC56DACE
:1056A8005AD85ED662D466D26AD0C1872E8963DDA5
:1056B800074A03C5819CEFD03FBA8964416A856A6D
:1056C800797B2A84938BD4007D1AA50A691B15E07F
:1056D80021653345A900B640264496440649F25947
:1056E800625AD25A425BB25B225C925C025D616193
:1056F8008280834704001307200A639DE70003554F
:105708002400171C0020034C9C272286D285EFF02A
:10571800AFAB3DAA1307100903CC919C6397E7161A
:10572800834714001547639EE7002285EFF04FAECC
:105738002285EFD0DFAB03C5819CEFD0FFB12A846F
:1057480079B739476399E71603554400631B550534
:105758000C4483C90500639D0900850591C9194654
:10576800171500201305052397E0FF1FE780E07554
:10577800171700200347872085476318F710638AA7
:10578800090097170020238B071E4E85EFF00FDBCB
:1057980045B78947171700202302F71EEF90E02F1F
:1057A80041BF93872400631AF50683298400638E1A
:1057B800090C83C709008DE383C7290003C71900B3
:1057C800A207D98F17170020231EF71A83C739009D
:1057D80017170020A304F71A171700200347071A02
:1057E80089476314F70A83C7090081CB97170020FC
:1057F8002386071803C5090051BF8D479715002058
:1058080083C5D517171500200355C517171700208E
:105818002306F716EF409014F1BF938754006318DE
:10582800F5001C4403C50700EFF06FF111B7B3078B
:105838006501C207C1831147636FF7009387C1925F
:105848009C43E38707EE9C43E38407EE2285829717
:10585800E31005EE1DA89387B400631FF500938736
:1058680041929C43E38607EC9C43E38307ECA285C3
:105878001385B4008297E9BF9387C4006310F502CB
:105888001C4483C70700E38507EA9307F00FE30189
:10589800FCEAA2856285EFD0BFA271BD9387E400C0
:1058A800E315F5FE938781929C43E38307E8DC4385
:1058B800A285E9F3B5BD3D476397E7040355440066
:1058C800E30275FF93879401E30EF5FC9387340197
:1058D800E31DF5FA9717002083D7A70A639E4701AF
:1058E800938781929C43E38507E4DC43E38207E4E2
:1058F800A28513853401BDBF938701939C43E38937
:1059080007E29C43E5B71307E003E390E7F8834712
:10591800240005476396E70E83476400138DC19101
:10592800F1E383270D00D5CB03CC0700A14903453C
:105938007400930C8400E685EFE03FFA8347440146
:10594800A303A400835804010358E4000357440048
:105958002A86034534003EC283572401E686E28541
:105968003EC0CE87EFF04FCE8347340095E7DD4742
:10597800835804010358E4008346740083554400A7
:105988003EC283572401668705463EC06285CE879E
:10599800EF60400CA301A40083270D0081C71145C7
:1059A800EFF07FA503C5C193E30405D883C5D19360
:1059B800EFE03FBCE30E05D683463400930710039F
:1059C800638AF600035644004E8783C5C193368523
:1059D800EFE05FC4238E0192A1BB171C0020034C8B
:1059E8001CFAA9B79387C1929C43171C0020034C4B
:1059F8001CF991498DDFDC439DDB0145829705BF8A
:105A08002947639DE70A83476400938CC191C9EBDA
:105A180083A70C00C9C303CC0700A1490345740040
:105A2800130D8400937725001376150089E7EA851E
:105A3800EFE0BFEA2A8683470402A303C400835821
:105A4800C4010358A40103574400034534003EC26F
:105A58008357E401EA86E2853EC0CE87EFF0CFBEE9
:105A68008347340095E7DD478358C4010358A401F0
:105A780083467400835544003EC28357E4016A8715
:105A880005463EC06285CE87EF50D07CA301A400B6
:105A980083A70C0021B7171C0020034C5CEEB5BF90
:105AA8009387C1929C43171C0020034C5CED9149DD
:105AB800B5D7DC43A5D7014582978DB70947639DC4
:105AC800E700938741929C43E38407C6DC43E38164
:105AD80007C622858297A9B92D476399E70093875E
:105AE80041929C43E38607C49C47D5B70D4763970B
:105AF800E70022868D450355440011B91947E396FE
:105B0800E7D89305610113051031EF3061532C0874
:105B180013052031EF30C1520356640083578101C9
:105B28000355440063E8C7008356840003576101A6
:105B380063F7E60093050002EF80F07AD5BE637440
:105B4800E6002313E40063F4D7002314F40003579A
:105B5800C4008356A400035684008355640001489A
:105B68008147EF801078E9B693F7150081CF9387C6
:105B780041929C4389C7DC4399C3014582971345E9
:105B8800190091BE93F7250081CF9387C1929C435A
:105B980089C7DC4399C3054582971345290025BE6B
:105BA80093F745000145E38807B2938701929C4328
:105BB80091CF8547171700202304F7DC9387C192FC
:105BC8009C4389C7DC4399C30545829797170020F2
:105BD8009387C7DAC8472C08EF8060152808EFF0CC
:105BE8002FB29717002083D747D891CB13060064AC
:105BF8003386C702914503C5819CEFD01FB7134573
:105C08004900D1BC411122C42A84554506C6EFF08B
:105C1800AFD5B335A00022852244B24041016F8040
:105C28005069797122D406D68D472E84631FF500FA
:105C380003D7A50083D6850003D665000345340045
:105C480083D54500EFF00F9809A889671387D70017
:105C58006310E50403C5250019E58547B2502254B1
:105C68003E85456182809387C1919443FDD603C6E2
:105C7800360083C50600814802C202C00148814738
:105C880001479106EFF04F9C0545EFF0CFF6F1B7CD
:105C98001387E700E303E5FC13873701631AE50080
:105CA80003C525005DD9014781460146814559BF95
:105CB800E507E304F5FA41677D178147E310E5FA44
:105CC80003C75500C947E31AF7F883D6E50003D69A
:105CD800C5000355840083D5A500EF80506251C1EB
:105CE8005D45EFF06FC83335A000231CA100834544
:105CF8004400035524003008EF50D0148357810125
:105D0800A9FF6C0813051031EF3081339305E101C9
:105D180013052031EF30C1328357C1010357840086
:105D28006374F7002314F4008357E1010357A400B8
:105D380063F4E7002315F400835584008357A40017
:105D480063F4B7002315B4000357E4008356C40076
:105D58000356A4000355240001488147EF8070567C
:105D6800EDBD8547231CF10059B7C1671387E7FFCD
:105D7800639DE5009387C1919C4395C383C7070042
:105D88000D47639CA7006F801053FD174947639622
:105D9800F5009387C1919C43FDF73A858280494776
:105DA800EDBF2384019423A8019423A60194971797
:105DB80000209387A7BE170700001307E74798C37B
:105DC800170700001307074BD8C31707000013076E
:105DD800675B98C79387019417070000130727F993
:105DE80098C317070000130707E4D8C382807971A6
:105DF8004AD0138901958327090006D622D426D2D2
:105E08004ECE52CC56CA5AC881EF0545B2502254DC
:105E180092540259F249624AD24A424B4561828001
:105E28000347050085472A846301F7040346850074
:105E3800930695009305F1000545EFE09F8E814795
:105E480019C1834705008346040011476387E602AA
:105E58001387C19418438D4603471700630FD70073
:105E680089CF01CF11E5014555B781470145E1BF0C
:105E78008546631DD7048D8BFDD703451400130B8E
:105E88002400DA85EFE07FA5A300A400832709009A
:105E98002A8A81499304F00FB1E3834604009147AD
:105EA800E383F6FC83270900DDDF03C681940147FD
:105EB8009305F00FE309E6FABE84C10703C507FF9F
:105EC8006301B51005071377F70FEDB78946E31C93
:105ED800D7F8858B55B7850993F9F90F83C781944E
:105EE800E3FDF9FA03250900939A4900569583477B
:105EF8000500E38297FE83471500E39E47FD194698
:105F0800DA850905EFD02FEE79D5832409000347F8
:105F18000400D694D9D09147631CF706C84405C538
:105F280083478400034605006306F606034704001A
:105F38009147631DF706C84419C597F0FF1FE7800E
:105F4800E09A23A604000345840091659385E571D2
:105F5800050597F0FF1FE780C08F05C503470400BC
:105F68009147631EF704C8C48347840093059400CF
:105F78000505A30FF5FE0346840097E0FF1FE780A1
:105F8800C0F4034584003335A00049B588C48DA802
:105F9800884471B7930594000505EFD0CFE4854791
:105FA800E316F5F85545EFF02F9CBDA8884441DD70
:105FB80097F0FF1FE780809323A4040069B788C483
:105FC80065B72380D40083471400DA85138524003D
:105FD800A380F400194697E0FF1FE78000EF034510
:105FE800840091659385F571050597F0FF1FE7809B
:105FF800408605C5034704009147E319F7F8C8C46C
:1060080083478400930594000505A30FF5FE034616
:10601800840097E0FF1FE78040EB83478400E39606
:1060280007DE034504007D1513351500C5B30111BE
:1060380022CC138401951C4006CE26CA4AC84EC6F7
:1060480052C499CF2E8AAA84014908406312990242
:10605800630C0A0497F0FF1FE780408923A8019486
:10606800F2406244D2444249B249224A05618280E0
:1060780093194900B3073501884709C997F0FF1FED
:10608800E780C0861C40CE9723A407001C40CE970B
:10609800C84709C997F0FF1FE78040851C40BE9993
:1060A80023A60900050955B745DD13964400814527
:1060B800EFD04FCD144081477D5613F7F70FE371AA
:1060C80097FA1397470036972300C7008507F5B757
:1060D800011152C4138AC19483270A0006CE22CC28
:1060E80026CA4AC84EC656C25AC0C9CF2A890144D0
:1060F80019ED93870195944399CA03C681942A841C
:1061080081479305F00F13F7F70F6367C708131557
:1061180034002105EFD06F90AA8401E92145EFD022
:10612800CF8FAA8421C501444D49930700FD2380E0
:10613800F4008547A38024012381F400A38184000F
:106148005DC41389840023A224018149938A01959F
:10615800130BF00F83C7819463F3F90031E88327A9
:106168000A00A68503C50700EFD08F95814503C5B2
:106178008194753D03250A0097E0FF1FE7800077AB
:1061880023A60194F2406244D2444249B249224AC9
:10619800924A024B0561828013974700369703475E
:1061A80007006305B70005041374F40F8507A1BF42
:1061B80083A70A0093954900BE9583C705006384A9
:1061C80067032300F90083C71500130529007D1410
:1061D800A300F900194689051374F40F97E0FF1F0F
:1061E800E780A0CE2109850993F9F90FA5B723A265
:1061F8000400B5B7411122C406C62A8405E1094541
:10620800EFE09FF62A8611C5854503C5819CEFD02E
:10621800CFD50545EFF01F9F2A8401C9854503C5E1
:10622800819CEFD02FEB22856535B240224405458D
:106238004101828089671387B700631AE500938755
:10624800C1949C439DC39C4503C5070065B713874C
:10625800C7008147631CE5009C4503C507008547C7
:1062680011C59387C1949C43F5F381473E8582808D
:10627800797106D622D426D24AD04ECE52CC56CAEE
:106288005AC85EC679C983473500AA8985C740417F
:1062980015C05945EFE05FED931A850193DA8A41FD
:1062A8000149138AC194130B000DB54B83C73900FC
:1062B800636DF900B250225492540259F249624A6D
:1062C800D24A424BB24B456182808307840263CD38
:1062D800570783270A00ADCB2285EFF05FB12DC5A4
:1062E800034584005105EFC05FF3AA8431CD231024
:1062F80065012301750183470400194693052400AD
:10630800A301F5008307840215052303F5008347DD
:106318001400A30FF5FE97E0FF1FE78000BB0346BC
:1063280084002386C4001DC61385440188C89305CC
:10633800940097E0FF1FE78040B983270A00A685ED
:1063480003C50700EFC0DFF70509130494021379AA
:10635800F90FA9BF23A80400CDB79387C1949C4324
:10636800B1DBEFF0FFD62254B25092540259F249F1
:10637800624AD24A424BB24B014545616FF09F8851
:10638800797106D622D426D24AD04ECE52CC56CADD
:106398005AC85EC671C183473500AA8985C744417A
:1063A80095C05945EFE05FDC931A850193DA8A417D
:1063B8000149138AC194130B00FDC14B83C73900EF
:1063C800636DF900B250225492540259F249624A5C
:1063D800D24A424BB24B456182808387F40063C83E
:1063E800570783270A00A5C75145EFC01FE32A8432
:1063F80039CD23006501A30005002301750183C77A
:106408000400194693852400A301F5008387F4004E
:106418001505A306F50083C71400A30FF5FE97E042
:10642800FF1FE78080AA83C7840093859400130523
:10643800C400A305F400194697E0FF1FE780E0A811
:1064480083270A00A28503C50700EFC07FE7050977
:10645800C1041379F90F9DB79387C1949C43BDD3A9
:10646800EFF01FC72254B25092540259F249624ABF
:10647800D24A424BB24B014545616FF0AFF883C732
:10648800B19CA18B1385019491E301456FE06F9E48
:10649800411122C485452A8403C5819406C6EFF0BC
:1064A8001FB983C7B19CA98BA5CB1705002013057D
:1064B800E54E23848194EFE06F9B138401951C4083
:1064C80091C74D45B24022444101828003C5819461
:1064D80019E10145C5BF91659385B571120597E02E
:1064E800FF1FE780003723A8A19461DD03C68194CC
:1064F80012068145EFD00F89104083C681948147E9
:10650800FD5513F7F70FE376D7FC1397470032973B
:106518002300B7008507F5B7014523840194EFE010
:10652800EF9445BF93870192884301CD411106C678
:1065380097E0FF1FE780803BB24023A00192410112
:1065480082808280011122CC06CE8D472E8463166C
:10655800F50603C73500E94703D545006318F7007A
:106568009707002083D7E7416385A706EF50E01916
:1065780009C5835764002317F5000357A400835601
:106588008400035664008355440003453400EFE05B
:106598007F83035744009707002083D7873E63080B
:1065A800F7008547F24062443E8505618280FD57C9
:1065B800170700202317F73CEDB78967CD07631D40
:1065C800F50083C7250031476385E7004547E39A0F
:1065D800E7FCEFE08F90F1B741677D178147E31340
:1065E800E5FC83C655004947E39EE6FA83C54500A6
:1065F80003552400300023140100EF40907F55B765
:10660800797122D4138401921C4006D626D24AD02E
:106618000545A5C30D45EFE03FB5AA841145EFE058
:10662800BFB42A899305F1011305F041EF10A15970
:106638000347F1019707002083C76734B336F0009A
:1066480011C389061C4036C603C537009385470029
:10665800EFE02FA41040B2462A878348B6000348CB
:10666800A6009307460003462600CA852685EF80C4
:106678004043B25022549254025945618280FD57DA
:106688002386F182239A019423AE019423A00196D4
:1066980023A2019697070020938707311707000068
:1066A8001307C70798C31707000013070735D8C390
:1066B80017070000130707F598C797070000938787
:1066C800A7E823ACF1948280411126C293840192F9
:1066D8009C4006C622C485CF2A840D45EFC0FFB36F
:1066E800AA8519CD930700FD2300F5008D47A30067
:1066F80085002301F5009C4003C50700EFC05FBC7F
:1067080019C42244B240924441016FF0BFE1B24043
:106718002244924441018280797126D283544500F3
:10672800896706D622D44AD04ECE52CC138767004A
:10673800639DE402938701929C43014481CF1845ED
:10674800034507000DE10547A380E7000545EF80F5
:10675800003605442285B250225492540259F24917
:10676800624A456182808D37EDB71387970063656C
:10677800970403C7C1829307F00FE30CF7FC1C458D
:10678800114503C40700EFC05FA9AA8579D1930713
:1067980000FD2300F50089472301F500F977E1178B
:1067A800BE9493B41400A3008500A301950003C50B
:1067B800C182EFC0FFB071BFA9070144E39CF4F8A0
:1067C80013890192832709004A8AC9D7184503C447
:1067D8001700854783490700630EF40297070020D6
:1067E80083C7071ABDF70D45EFC03FA3AA8505C1AA
:1067F800930700FD2300F5009147A300350123010D
:10680800F5008327090003C50700EFC07FABEFF051
:106818007FD181B79387C1959C4391EF0145EFE004
:10682800BF942A8611C6894503C5819CEFC0FFF332
:1068380083270A00A9A003C60700938617009305BB
:10684800F1000545EFD0FFED71D983470500858B31
:10685800F1D70545EFE05F919307B003AA8463FD84
:10686800A7025D6613060670894503C5819C93845B
:1068780044FCEFD02F83239A91948327090009477A
:10688800A380E7009707002083C7870F99CB970756
:1068980000202387070E7DBD130600643306C5025A
:1068A80051B74E85EFF05FE275B5938701929C432F
:1068B800011122CC06CE26CA4AC8454499E783C7A7
:1068C800B19C13F7570009EB49442285F240624412
:1068D800D2444249056182801387C19518434144D7
:1068E8006DD70347070075D3858BAE842A89D9C72E
:1068F80083C704000547F91793F7F70FE366F7FC1A
:10690800916593857571314597E0FF1FE78060F4C5
:1069180023A0A1924D4455D923002501A3000500C9
:106928002946A685090597D0FF1FE780005A9305D9
:1069380071001305F041EF10012983477100B9E791
:10694800170700200347A7038D476311F704EFE0FB
:10695800CF822C00EF70A03D2800EFE06FDA4545AC
:10696800EFE09F80014435D1130600643306C50269
:10697800914503C5819CEFC05FDF81BFEFE01FBF7A
:106988002A84EF405070E375A4F69DBFEFF05FC70F
:106998002A8405DDEFF01FB90DBF411126C293848B
:1069A80001929C4006C622C4A1C383C707000D44B8
:1069B800639DA702894503C5819CEFC0BFF191453E
:1069C80003C5819C239A0194EFC0DFF0970700204C
:1069D800A38807FA9C400145A38087002244B2405F
:1069E800924441016F80A00C49442285B240224460
:1069F800924441018280411106C685476311F5061C
:106A080083D74195A1C717070020034767F71DEFF4
:106A18001307B0036367F702894503C5819CEFC07C
:106A28007FEB9307006403D641953306F602894548
:106A380003C5819CEFC07FD3239A0194B2404101E2
:106A48008280938747FC239AF194CDBF9387019264
:106A58009C43EDD7B24003C5070041013DBF938772
:106A680001929C43E1DF83C7B19C918BE1DB8945AF
:106A780003C5819CEFC01FE6B240239A01944101EF
:106A88006FF05FAA83C7B19C958BCDC79387C195DB
:106A980099E1938741969C43D1CFFD4763EEC708A0
:106AA80011C2D9CA411122C426C206C64AC02386C9
:106AB800A182B6843284A1C11389C1950325090036
:106AC8007D4681450505EFC0FFAB03250900A68576
:106AD8002286050597D0FF1FE780203F8325090000
:106AE8002285238085002244B240924402498505CC
:106AF80041016F70507B13894196032509007D463B
:106B080081450505EFC01FA803250900A685228633
:106B1800050597D0FF1FE780403B832509002285A4
:106B2800238085002244B2409244024985054101F0
:106B38006F70B077494582800945828083C7B19CD0
:106B4800918B99CF41111385819506C6EFD03FB33C
:106B5800B240FD57170700202315F7E24101828054
:106B680001456FD0DFB19387C1958843411122C495
:106B780006C626C23E8419C597E0FF1FE78000D7E6
:106B880023AE019493874196884319C597E0FF1F68
:106B9800E780C0D523A201969384819C83C73400E3
:106BA800958BA5CF17050020130505E0EFD0DFACC6
:106BB80083C73400958B99E74D45B24022449244EF
:106BC800410182809164938564711305000297E006
:106BD800FF1FE78000C823AEA19479DD13060002E9
:106BE8008145EFC03F9A938554711305000297E0E1
:106BF800FF1FE78000C623A2A19601C91306000261
:106C08008145EFC03F9801454DBF084097E0FF1F01
:106C1800E780C0CD23AE019445B70145EFD0DFA58D
:106C2800DDB703C70500937625009377D70F99C280
:106C380093672700131885011358884113F7F7073E
:106C48006354080013E70708937685009377770F56
:106C580099C2936787001377050293F6F70D19C356
:106C680093E607022380D500634508009377A502C1
:106C780081CB8347060093E7C7002300F600828094
:106C88007DFD83470600CD9BCDBF2D4563170714B7
:106C980003C805000947631EE812C84103471500E9
:106CA800034505002207498F42070D654187930870
:106CB80025A06309170B011122CC26CA4AC84EC663
:106CC80006CEBE89B68432842E8963CEE800930747
:106CD80005A0630DF702130515A0630EA704239002
:106CE80004000545A5A0930745A06307F708634678
:106CF800F706130565AAE314A7FE85472390F60057
:106D0800DC4583C707002300F60081A0C845EFC013
:106D18009F88420541814E86637335012A862390F8
:106D2800C400420641828325C900228597D0FF1FEF
:106D3800E780A01919A8DC4583D70700239006012E
:106D48002300F600A183A300F6000145F240624447
:106D5800D2444249B2490561828099472390F6009E
:106D68001946D1B785472390F600DC45014583C70E
:106D780007002300F6008280DC45A9CB2147239039
:106D8800E60003D707002300E60003D707002183A6
:106D9800A300E60003D727002301E60003D7270056
:106DA8002183A301E60003D747002302E60003D7A7
:106DB80047002183A302E60003D767002303E60008
:106DC80083D76700A183A303F60041B72390060089
:106DD800ADBF2390060005458280828083C80500E8
:106DE80089476394F814DC41797122D406D626D2F7
:106DF8004AD04ECE52CC03C8170083C707002E8452
:106E080022083368F80042088D6713580841138335
:106E180027A0630D680E2A8A3A89B684B285634C26
:106E28000301138707A0630AE802938717A0630486
:106E3800F808854711A8138737A06305E80A138760
:106E480067AA8D47E317E8FEB250225492540259BC
:106E5800F249624A3E8545618280484432C6EFC0A5
:106E68008FF3420541819D47E36025FFB3099900EF
:106E7800D547B24563D43701B547F9B748442686A4
:106E8800C2094A9597D0FF1FE7802004484493D948
:106E9800090159463306364181454E95EFC08FEEBC
:106EA8009387C1969C4399E3814779BF9C43814569
:106EB800E5DF528535A0AD47E31809F8E39E16FBD8
:106EC80083471600834606005844A207D58F23102F
:106ED800F7009387C1969C43E1DB9C438545E9D73E
:106EE8008297D9B7AD47E31109F69947E396F6F8C3
:106EF8004844194697D0FF1FE78020FD9387C19625
:106F08009C43DDD39C43CDD38D4565B7AD470DFF7D
:106F18008547E393F6F60347060093070008E3E581
:106F2800E6F2DC452380E70041B785473E8582804D
:106F380023A6019689472388F182170600201306A5
:106F480066A781475947B306F600238006008507E0
:106F5800E39BE7FE8947A386F182A388F182239405
:106F680001963707A0001307070523AAE182370710
:106F7800E80323ACE182A387F18205472387E182F6
:106F880097E6FF1F2384F6CE2385019697760100A6
:106F98009386C64697E5FF1F23ACD5CC97E6FF1F1F
:106FA800238AE6CC97E6FF1F239706CC9776010045
:106FB8009386064297E5FF1F23A0D5CC97E6FF1FCF
:106FC800238EF6CA977601009386C64197E5FF1F80
:106FD80023A8D5CA97E5FF1F2386E5CA97E5FF1FB3
:106FE800239305CA9385018317E5FF1F232EB5C890
:106FF80097E5FF1F238CF5C8977501009385053F1A
:1070080017E5FF1F2326B5C897E5FF1F23A6C5C8A8
:1070180017E6FF1F2326D6C817E6FF1F2304E6C876
:1070280017E6FF1F230CF6C617E6FF1F231D06C62B
:107038001386D18297E5FF1F23A8C5C617E6FF1F51
:107048002306F6C6177601001306063997E5FF1FD3
:1070580023A0C5C617E6FF1F230EE6C417E6FF1FC9
:10706800231B06C41386819697E5FF1F2384E5C278
:1070780097E5FF1F239105C297E5FF1F23AEC5C201
:1070880017E6FF1F232ED6C217E6FF1F230CE6C202
:1070980017E6FF1F2304F6C217E6FF1F231506C2D3
:1070A8001386118397E5FF1F23A0C5C217E6FF1FAC
:1070B800230EF6C0177601001306063497E5FF1F66
:1070C80023A8C5C017E6FF1F2306E6C017E6FF1F63
:1070D800231306C01386418397E5FF1F23AEC5BE61
:1070E80017E6FF1F232ED6BE97E6FF1F238CE6BEAA
:1070F80097E6FF1F239906BE9386F18217E6FF1FC6
:107108002324D6BE17E6FF1F230AF6BC97E6FF1F07
:10711800238EF6BC977701009387472C97E6FF1FCD
:1071280023A8F6BC97E7FF1F2386E7BC97E7FF1F56
:10713800239307BC9387E18217E7FF1F232EF7BA33
:10714800970700009387A7B417E7FF1F2328F7BA0C
:10715800970700009387C7C817E7FF1F2322F7BACE
:1071680097E7FF1F23A007BA8280A54763ECA70C07
:1071780017770100130787C60A053A951C41411184
:1071880022C426C206C6BA97B2842E848287D547FF
:10719800614563E5B7025946814517050020130587
:1071A8006581EFC02FBE2286A6851705002013052E
:1071B800658097D0FF1FE78040D10145B240224447
:1071C80092444101828089476145E399F5FE8357DE
:1071D80006002394F196D5B7A1476145E390F5FEE3
:1071E8002146A68513854183EF40B155F9B78547F8
:1071F8006145E395F5FC97E7FF1F938727A7D04FD5
:1072080097E5FF1F938505A903C50400EFF07FA14B
:107218006DB785476145E393F5FA97E7FF1F9387B5
:10722800E7A4D05F97E5FF1F9385C5A8F1BF854701
:107238006145E395F5F8834706002387F182B5BFDA
:107248000945ADBF0945828083C7A19695E3854767
:107258002385F196058909CD97E6FF1F938606AA2F
:107268004146A54517E5FF1F130545A06F20003AC5
:107278000145828001111388F5FF06CE22CC26CA6B
:107288004AC84EC652C41378F80FAD4563EE050BD5
:10729800BA890A08177701001307C7B63A983E8AD1
:1072A800832708003689B284BA9782878545EFD04C
:1072B800CFD92A8419E1EFF01F8B2285F24062446E
:1072C800D2444249B249224A056182808945EFD0B9
:1072D800CFD72A847DF12685EFF08F9BF9BF9145A2
:1072E800EFD0AFD62A8471F95286CE854A85EFD081
:1072F8002FCCEFF05F87EFF07F84EF60305675BFDB
:10730800A145EFD08FD42A844DF95286CE854A857F
:10731800EFD00FCA2685EFF0AF97EFF04F96EF60EA
:10732800503661BFB145EFD04FD22A8459F5528605
:10733800CE854A85EFD0CFC72685EFF06F95EFF061
:107348000F94EF60103475B7094485BFBD47638C4F
:10735800F50663E9B702A5476387F50663EDB7004D
:107368009947638CF5049D47638FF5049547638CB3
:10737800F50401458280B5476387F50463E1B704E6
:10738800AD47F5B7DD47638EF50263EAB700C94735
:10739800638BF502D9476386F502C547C9BFF54730
:1073A8006383F50263E4B700ED47D1B7930720057F
:1073B800638BF5009307200D5DBF48458280084127
:1073C800828008458280484182809307F00F630CD1
:1073D800F506011126CAAA841305000222CC4AC860
:1073E8004EC652C456C206CE3A89B689B28A2E8A89
:1073F800EFB0BFE22A844D4515C8930700FB230070
:10740800F400A3005401231144012302340113059D
:107418008400614663050902CA8597D0FF1FE7808B
:10742800C0AAA2852685EFB0BFE90145F2406244B3
:10743800D2444249B249224A924A05618280814532
:10744800EFC04F94F9BF09458280011122CC06CEC6
:107458002A842306B100A306C100EF40002B11CDFA
:107468000347C500A147631EF70078009306E007AD
:107478000146A28503C5C183893FF2406244056184
:10748800828078009306E0070146A28503C5D18370
:10749800E5B7930700643306F6026FC0EFB505C978
:1074A8000347050085469307270093F7F70F63F016
:1074B800F602411122C42A843A8506C6EFC0AFC538
:1074C800FD572300F400B2402244410182808280AB
:1074D800035705009307000B6313F7028347450022
:1074E8004947639CE7000347150185476399E7000F
:1074F8000355250085456F2030386D47C5BF82800C
:10750800011122CC06CE2A842EC632C436C2EF40E0
:10751800C01F0DC98346C500A14712472246B24580
:10752800639CF600B28603C5C1832E86A285624499
:10753800F24005616FF07FE9B28603C5D1832E86DC
:10754800A285F5B7F240624405450561828023AC07
:10755800A1968280011122CC26CA06CE2A84AE8446
:10756800EF40A01AA6852285EF20C10A0DE52285E5
:1075780023169100EF40601919CD0347C500A147B4
:107588006310F70278009306F0070146A28503C549
:10759800C183EFF09FE3F2406244D24405618280E8
:1075A80078009306F0070146A28503C5D183D5B7B5
:1075B800011126CA06CEB68422CCDD4663E2B6089F
:1075C800D94663FED50AA5466381D50A63EEB6049B
:1075D8009546638CD50899466387D50A0544416862
:1075E8007D18631606093AC6EF20810633068540E2
:1075F800324742064182420441803305C4004205B5
:10760800BA85418132C6EF205037AA8749C181C463
:1076180032462390C400B30580406244F240D2440D
:107628003E8505616F107164C5466380D504C946FF
:107638000D44E395D5FAC167FD17E31EF6FA65B761
:10764800F5466380D50463E4B600ED46D5B79306E6
:1076580020056388D5029306200DE391D5F8C1670C
:10766800FD170D446319F600BDBF09448DBF93068D
:10767800200DE392D5F8310642064182ADBF15448C
:107688005DBF0D444DBFC167FD171D447DB7F24076
:107698006244D2440561828079714ECEAE89C1655B
:1076A80026D20147AA84894617760100130686D593
:1076B800FD15054522D406D64AD0EF005060054492
:1076C80031CD2A891307300281461146F5452685B2
:1076D800EFF01FEE2AC6554431C18357A900CE8664
:1076E80001462314F10091472315F1008547230033
:1076F800F500B2472C002685A38007003247FD57C6
:107708002301F7003247A301F700EF0010512A8444
:1077180011C5324597D0FF1FE780401D2285B25022
:10772800225492540259F24945618280411106C699
:10773800EFF0DFC119C5B240410117D3FF1F670041
:10774800E31AB24041018280A38EA1828280011196
:1077580006CE2AC6EF1011573245FD579145A38E24
:10776800F182238EF18223AA019623AC0196238805
:10777800A196EF20B01BF24005616F10307F939700
:107788000501C18763D60712797103C5019722D411
:107798004AD006D626D22E89EFB01FAC2A8449CD0E
:1077A800034705009307000A6315F70885474C0847
:1077B800A305F100EF10D15CAA8405ED83476101B0
:1077C80071476374F708138717FE1377F70F93064B
:1077D800000263F3E608858BC5C7938741979C43EE
:1077E800994481CB035524001306B1004C088297B5
:1077F800AA848347B10099C7084409C597D0FF1FD9
:10780800E780C00E95E05247B7070001938707F05D
:107818007D8FB707120093870710630CF7000347A3
:107828006101ED476317F700035524008545EF20F4
:10783800B0042285EFB0BF9BB25022542165334576
:10784800A900925402594561828037073014050710
:107858003357F700058B41D313878197184351DBC2
:107868000347510159F72306F10099472308F1000E
:10787800035524006C0023170100EF10516F95BFCA
:10788800938781979C439DC3035524001306B10039
:107898004C08829739DDAA8483475101B9FB834795
:1078A8006101230891002306F100D9B79944EDB787
:1078B800014582800145828083D705006387A70040
:1078C80083D745006395A70091052E85828083D7CD
:1078D8008500A105E38BA7FE8145C5BF0DCD834774
:1078E80025000547890793F7F70F6376F7024111DB
:1078F80022C406C62A84835505000345350001477E
:10790800F9465D46EFF07FACF9572311F400B24019
:107918002244410182808280014582809385B1841E
:107928009307000285462380F500FD572385F184DF
:10793800A38FF182238FF1822394D184239E019611
:1079480023A0019823A8019823A2019813860184F3
:1079580097770100938707AA5CC2238F019697D770
:10796800FF1F9387673A09472300E6002380E70053
:107978002388E7002380E7022388E70217770100BE
:10798800130787A6D8DB0D472384D700D0C7238CDD
:10799800D700238CE70217750100130525A617F7F2
:1079A800FF1F1307A702177601001306A6A39776F1
:1079B8000100938626A5D8DFC8C323950700D0CB3E
:1079C800239D0700CCCFD4D3238407022395070235
:1079D80023A60702239D0702170700001307070DB8
:1079E80097D7FF1F9387473623A00700D8C323A440
:1079F80007008280411106C6EFF01FEC11C5034550
:107A08002500B240410182800145E5BF411122C4F1
:107A180026C24AC006C6AA842E893284EFF0DFE95E
:107A280011E94165CA857D15EFF01FE9C54711C504
:107A380023109500230185008147B24022449244D7
:107A480002493E854101828029E789483547639389
:107A58001605011106CE22CC26CA03471600034696
:107A6800060093C7F7FF2207598EF18F32C68DE7BC
:107A7800C4452A84A685EFF0FFF732460147630F15
:107A8800A60022856244F240A685D24405616FF0C3
:107A9800FFF72D473A85828013070008F2406244B9
:107AA800D2443A850561828083C8050009486395F8
:107AB800080303A845008347180003480800A207E5
:107AC800B3E70701C2070D68C187130828906395BB
:107AD800070189476FF05FF70545828003C7F18387
:107AE8009307F00F630AF70441114AC02A89294510
:107AF80022C426C206C63284AE84EFB00FF21DC57A
:107B08009307100B2310F5002302050023148500AA
:107B180022442311250123139500B24092440249BF
:107B2800AA8503C5F18341016FB08FF9B2402244A1
:107B380092440249410182808280411126C2AE846A
:107B480097F5FF1F938585E822C406C62A84EFF0BF
:107B58007FEA098909C922852244B240A685924450
:107B680041016FF07FB3B240224492440545410180
:107B78008280411122C426C24AC006C6AA841304C0
:107B8800450013090504835704008DC3084409C53B
:107B980097D0FF1FE78080D5228531468145EFB019
:107BA8007F9E3104231A04FEE31F24FDB2402244C1
:107BB800FD572390F4000249924441018280938743
:107BC80081989C4303D707006300A70283D6070464
:107BD800138707046388A6001387070883D7070855
:107BE8006396A7003A8582803E87EDBF0147DDBFD7
:107BF800938701999C4399C703D74700E31CA7FEC5
:107C08008847828001458280411106C6EFF05FFEF9
:107C180009C50845B240410182800145E5BF01110F
:107C280026CA9384450022CC4EC606CE4AC852C402
:107C380056C25AC026878149014481468147154565
:107C48000356070045CEC9E203544700835727006F
:107C5800B286A297C207C18385093107E392A9FEBC
:107C680035C42E89916593854570228597D0FF1F6D
:107C7800E78020BE2A8B39C9814A014A8C4485C5D0
:107C880003D6440033054B0197C0FF1FE780E0236C
:107C980083D7440088443E9A420A135A0A0197D06F
:107CA800FF1FE780A0C463870A0031468145268507
:107CB800EFB05F8D850AB104E3E23AFD232669013E
:107CC80023148900054521A0630DD6000145F24023
:107CD8006244D2444249B249224A924A024B05615F
:107CE800828003562700E313F6FE035647003294BA
:107CF800B2974204C2074180C183B9BF0545E37802
:107D080035FDB9BF938741989C4399E3014582802B
:107D180098470357A700E319A7FE138547008280F9
:107D2800411106C6EFF01FFE11C503550500B2400C
:107D3800410182800145E5BF411106C6EFF09FFC75
:107D480011C503452500B240410182804145E5BF88
:107D5800411122C42A842E8506C6EFF0FFFDAA85AC
:107D680005462285EF30301D95476305F500BD4770
:107D78006313F5002145B24022444101828041113C
:107D880022C42A84090506C6EFF06FF1FD57A30146
:107D9800F400B2402244410182809387C1989C43F9
:107DA80003D707006300A70283D66700138767001D
:107DB8006388A6001387C70083D7C7006396A70008
:107DC8003A8582803E87EDBF0147DDBF411122C45D
:107DD800416406C626C29307E4FF630EF500AA8431
:107DE80085E1EFF09FFB01E91305F4FFEFF0FFFADF
:107DF80019C123109500B240224492444101828067
:107E080085476394F504EFF05FF92A846DD5FD5733
:107E18002310F500834724001307F00F6384E7025B
:107E28001307E00F638AE700034534000147F9466A
:107E38005146A685EFF06FD92285EFF05FF4FD5724
:107E48002301F400230204007DB78947E395F5FA7E
:107E58008545EF30302C45F12685EFF01FF42A8454
:107E680055F951BF5D71A6C24EDE86C6A2C4CAC00E
:107E780052DC56DA5AD8AE8483C52500F947AA8958
:107E88006396F504EFF07FF12A8409ED0144228519
:107E9800B640264496440649F259625AD25A425B81
:107EA80061618280834725000547890793F7F70FAB
:107EB800E37EF7FC034535000147F9460146CE85C8
:107EC800EFF0AFD02285EFF09FEBC9B783AA04008B
:107ED800B7070001938707F037071200B3F7FA00D6
:107EE80013070710328A638AE7022EC6EFF0FFEA0B
:107EF8002A89B24505C5034645000DC29317860178
:107F0800E187E3C507F84E85EFF02FD48347490092
:107F180093E707F82302F90095BF014903C7A18435
:107F28009307F00F1944E304F7F6E147E3E1B7F6E6
:107F380093D71500FD178E0717670100130787EF02
:107F4800BA9703A80700E30408F403AB4700E3006B
:107F58000BF4C20A93DA0A0163850A00C947E39859
:107F6800F5F283D64400904483C5140003C5040089
:107F7800380802982A8401FD2C084E85029B2A8421
:107F880021C983C71400E39407F083C72400230A98
:107F9800A10039472308F1006399E7026247834744
:107FA800170003470700A207D98F0C084E8523192D
:107FB800F100EF10C17BE30B05EC14080546D94529
:107FC8004E85EFF0EFD32A84D9B583578101F1BFED
:107FD80083C624009147E38BF6EA38080146CE852C
:107FE80003C5A184EFF06FBE2A84E31205EA83C5B6
:107FF80024002808EFF08FB519C123000A00984023
:10800800B7070001938707F07D8FB70712009387A2
:108018000710E30DF7E6E30B09E683C72400230204
:10802800F900B5B5011106CE2EC6EFF01FD701CD68
:1080380083474500B245138717006396E50093F719
:1080480007F82302F500F240056182809387419882
:10805800984319E3014615A81C4703D8A700636B8A
:10806800050183584700B38608016355D50081464A
:10807800639416011843F1BF3E86C10703D3A7FFD7
:108088006317A30099C12390050132858280850674
:10809800C206C182F1BF397152D42E8A4ED69305D9
:1080A800E101AA89528522DC4AD856D206DE26DAB0
:1080B800328936C63AC4BE8AEFF05FF9054435C541
:1080C800AA840355E1013944EFF09FB239CD032862
:1080D8004500630C08042247B246D6874A86A6851F
:1080E8004E8502982A8431E19307E00F638FFA02E4
:1080F80003C704008947631AF702D840834717006B
:1081080003470700A207D98FC2070D67C187130766
:108118002790639CE7008347190003460900D2852E
:10812800A2075D8E4E85EFF07F9B2285F250625448
:10813800D2544259B259225A925A21618280797195
:1081480022D4035425004ECEAA89228556CA06D6C3
:1081580026D24AD052CC5AC85EC662C4AE8AEFF064
:108168001FA601E92285EF103131594429E901445C
:10817800B9A003C789008547AA840144631AF70296
:10818800AA8513858900EFF09FA929CD03D764003C
:1081980083D68400D04483D5440003D52900E14721
:1081A800EFF07FEFD9472A846318F50223A604006D
:1081B8002685EFF01F9C49C0D947E30AF4FA2285C7
:1081C800B250225492540259F249624AD24A424B5E
:1081D800B24B224C4561828061DD83D744002390F5
:1081E800FA00F9B713894400014A914B594C154BD1
:1081F80083550900D5DDE14763067A010357C900B5
:1082080011C3D9470357290083564900032689001B
:1082180003D52900EFF03FE82A8463198501232458
:108228000900050A3109E3156AFD59B77DD9835755
:1082380009002390FA00F5B703D529002DB70111DD
:108248002317C1009307E00F1306E1000147894691
:1082580006CEEFF05FE4F24005618280797122D4A6
:108268002A840355850026D2AE849305210106D6BB
:108278004AD0EFF0BFDD6308050E8347850093F70A
:10828800070295CF2AC603552101EFF0FF97AA8769
:10829800B24501ED8357840039452390F400B2506C
:1082A800225492540259456182800355240049465C
:1082B800829711C5835784002390F400CDB70359E2
:1082C80024004A85EFF0BF8F11ED41657D15EFF071
:1082D8001F8F19E58357840025452390F400C1B703
:1082E80023102501130745008147954603560700CB
:1082F8002DE63147B387E702130984003146CA8562
:1083080091073E9597C0FF1FE78020BC3146CA857C
:10831800480897C0FF1FE78040BB0356C4000355B9
:10832800240041478146DD45EFF08FA82ACE19E5A4
:108338008357840045452390F40095B70C480356AD
:10834800C40097C0FF1FE78040B8035524004C08BD
:10835800EF10510E29D5594599B785073107E3978D
:10836800D7F8254581BF0545B1B7797122D42A844C
:108378000355850026D2AE849305E1014AD006D67E
:108388003289EFF0BFCC51C58347850093F70702C8
:10839800A9E7034714019307200519E3834744001D
:1083A8008356A40050448355840003552400014794
:1083B800EFF07FCEAA8721E98347140199E7035597
:1083C8002400EF105102D94711E18147B2502254DD
:1083D800925402593E85456182802AC60355E101BF
:1083E800EFF09F82AA8705C9B24503552400494684
:1083F8008297AA8759DD035784002390E400034736
:10840800140161F7E1B75947E317E5FE23000900B6
:108418006DBF8547CDB7B947F9BF397122DC4AD856
:108428004ED652D406DE26DAAA892E8A32C6368974
:10843800EFF0BF96094415C5834725001307E00FE1
:10844800AA845D44638FE7001307F00F5944639AC9
:10845800E700324605E2D2854E85EF10D1052A8421
:1084680015CD2285F2506254D2544259B259225A3B
:108478002161828003550A009305E101231F010051
:10848800EFF0DFBC0355E101EFF01F8BAA8505462D
:108498004E85EF30402A2A845DDDE1B79307F00F5F
:1084A800E301F9FC938624007946A68517F5FFFFBA
:1084B80013050543EFE0FFFDA38124015DB7397182
:1084C8009387419826DA844352D45AD05ECE62CC40
:1084D80006DE22DC4AD84ED656D266CA2A8BAE8B26
:1084E800328C368A99E08149B9A0804483DC440003
:1084F8000149835AA400631499018440E5B783575E
:10850800A400A28963F86701050942091359090102
:108518004104D5B7E3EAFBFE630C0A008345040077
:108528004840D28662863AC6EF00D17E324769DD7E
:1085380019C323105701F25062544E85D254425940
:10854800B259225A925A025BF24B624CD24C2161C8
:10855800828003D7050083D62500854763E9E604B2
:1085680039C7411183C6450026C29384550022C4E9
:1085780026862E8417650100130545E8894506C639
:10858800EF005179C14711CD83464400835524003B
:108598000355040001472686EFF07FF2814711E179
:1085A800A947B240224492443E85410182803E85DB
:1085B80082802E860355060083D52500854763E211
:1085C800A50205C18346460041110147150606C6A6
:1085D800EFF0FFEE814711E1A947B2403E85410126
:1085E80082803E8582802E860355060083D525002D
:1085F800854763E2A50205C183464600411101474C
:10860800150606C6EFF0BFEB814711E1A947B24056
:108618003E85410182803E85828039714ED683D75E
:10862800250083D9050006DE22DC26DA4AD852D492
:1086380056D25AD05ECE62CC66CA6AC863E0371991
:108648008547638E0914416BAE8A2A8A2314010078
:1086580002C6014401497D1B894B054CC94C054D97
:1086680083D52A000147814601464E852313010020
:10867800EFF0FFE4AA846300051209EC1307200257
:10868800930661005A8695455285EFE07FF22A8469
:10869800630805120357810083C7040045C70347D1
:1086A800A100630CA70741476385E7022C005285A8
:1086B800EF10412109CD34001546D9455285EFE028
:1086C8003FE411C5324597C0FF1FE780202281474C
:1086D800F9A083D7A4004146130524002300F40021
:1086E80083D7A400A183A300F400CC4097B0FF1F58
:1086F800E780A07D4904835781008507C207C183AD
:108708002314F10063F9270983D7A4006385670957
:108718008509C20993D90901A1B7E39977F983D7E4
:10872800A4000946130524002300F40083D7A400FD
:10873800A183A300F400CC4097B0FF1FE780E07846
:10874800110455BF22C60359610003C7A4001305CD
:1087580024006382770333599903230571012300A9
:10876800E40083D7A4004146A183A300F400CC40D1
:108778001379F90FA5BF230581012300E40083D7EE
:10878800A400135929001379F90FA183A300F40059
:108798000946CC4055B78357810089FBA947F25059
:1087A8006254D2544259B259225A925A025BF24B3D
:1087B800624CD24C424D3E85216182808547C5B7C7
:1087C800C547F1BF03C7E199854763F3E706011180
:1087D80022CC26CA4AC806CE2A843289AE84EFF053
:1087E800CFDB01C9034725009307E00F5D45630808
:1087F800F700631C0900A6852285EF10A148F24006
:108808006244D24442490561828003D5040093053D
:10881800E10023170100EFF07F830355E100EFF03B
:10882800AFD1AA8505462285EF20F07069D5C1BF72
:108838005945828013F7050201C7B2856FF04FD101
:10884800411126C24AC006C622C413F98500AA846B
:1088580063170900139785016187635D07023285F5
:108868003684EFF06FCDAA850546631309000146EB
:108878002685EF20506C01E90145B240224492441C
:1088880002494101828083479400E5DB83478400E5
:10889800E5F7E5B793F72500E5F30D45F9BF7971DD
:1088A800AE8622D42A8403D506009305E10106D6B4
:1088B80036C6EFF0AFF909CD83458500B2460356B9
:1088C800E1012285EFF01FF7B25022544561828002
:1088D8000545DDBF13F7050201C7B2856FF04FC725
:1088E800411122C426C206C693F485002A8491E465
:1088F800139785016187635007023285EFF0CFC374
:10890800AA85054691E0014622852244B240924458
:1089180041016F20506293F72500014591E30D4511
:10892800B24022449244410182807971AE8622D4B9
:108938002A8403D506009305E10136C606D6EFF072
:10894800EFF0B24601CD834585000356E10122854B
:10895800EFF05FF8B2502254456182800545DDBFD3
:10896800797126D2AA840355A500C16722D44AD0BA
:108978004ECE06D623170100FD173284B689014969
:10898800630DF500050583C60400D04042051307B2
:10899800E1004181EFF0BFB22A8983C60400D040CC
:1089A800894517650100130565A5EF00B1361DC59A
:1089B80003D4A4002285EFF0AFB609C57D142A942C
:1089C800420441806384090023908900B2502254F4
:1089D8004A8592540259F2494561828083C604004F
:1089E800D040894517650100130585A1EF00913234
:1089F80061F183C60400D04089451765010013055D
:108A0800659EEF00313119C9E30609FA8357E10081
:108A1800E39287FA0354A9007D145DB703D4A40038
:108A280055B7397122DC26DA4AD84ED652D456D2F6
:108A38005AD062CC06DE5ECEBE8983C785002A8AFC
:108A4800AE84C18B328C36843A89C28A468B9DE7C4
:108A580083CB04008947638BFB046285EFF04F9951
:108A68001DC183280500638008025A88D6874E876F
:108A7800CA862286A6855285829839A03285EFF06B
:108A8800AF98AA8711ED3945F2506254D254425931
:108A9800B259225A925A025BF24B624C216182808F
:108AA8002946A6855285829745D5F9BFD840834780
:108AB800170003470700A207D98FC2070D67C187B0
:108AC800930607906380D72263CCF6069306278027
:108AD800638CD70C63C1F60213070780E3CFE7F670
:108AE8002D45E39309FADC4403C60700CC43231061
:108AF800C900228559A213073780E390E7F62D4570
:108B0800E39409F885472310F900DC44814583C7BD
:108B180007002300F40003D5A400050542054181A0
:108B2800EFF0CFD283570900631505129107231080
:108B3800F9001146814513051400EFA0BFA429A22E
:108B4800930627906381D71863CED7129306379080
:108B5800638AD71813074790E391E7F02D45E3950B
:108B680009F2DC441D472310E90003C7070023006E
:108B7800E40003C71700A300E40003D7270023017C
:108B8800E40003D727002183A301E40003C74700BB
:108B98002302E40003D76700A302E40083D7670039
:108BA800A1832303F4004DA02D45E39F09ECDC4489
:108BB8006C0083C9170003C70700A209B3E9E900DD
:108BC80011472310E90083C707004E852300F400EE
:108BD800DC4483C71700A300F400EFF02FC7AA8472
:108BE80035C50356C100C1659306E100FD1583290B
:108BF800C500EFF0FFD619ED83C60400D0408945C3
:108C0800175501001305C57FEF00D11001E5FD5789
:108C18002317F10003C7090089476310F70283A5EA
:108C2800490009461305440097B0FF1FE780E02973
:108C38008357090089072310F9008357E1002301AE
:108C4800F400A183A301F40001453DBD23173101C0
:108C5800EDB7034705008907BA972310F900835732
:108C6800A500A300F4008357A500A1832301F40005
:108C7800034605004C411305340097B0FF1FE780F9
:108C8800C024D9B7C844EFA01F9193170501C18329
:108C98002A871D45E3EA37DF6399F90023100900A5
:108CA800CC4403560900CE95A9B54207B3863A01CC
:108CB800418363C7E600B38737412310F900CDB776
:108CC80023105901F1BF2D45E39009DCCC445285AE
:108CD800EFE05FD2231079012300A4002181A300D3
:108CE800A4009DB72D45E39109DADC4423107901EE
:108CF80083C707002300F400DC4483C71700A300E0
:108D0800F40099B75D71CAC02A89035525004EDE63
:108D180052DC56DA5AD85ED662D466D26AD06ECEA3
:108D280086C6A2C4A6C22E8BEF009112130CF5FFC3
:108D3800931D0C01C16BAA8A814917EAFF1F130A08
:108D4800AAC993DD0D01938C0198138DC197FD1B62
:108D58008357C90063F8F90097E7FF1F83D7C7C790
:108D680063CE87010355290097E5FF1F9385C5C684
:108D7800EF00F15BAA841DCDD9442DA88327890073
:108D8800139719009305E100BA9703C4170083C726
:108D9800070022045D8C2285EFF04FABAA851DE900
:108DA80023108B0003254A00854409C597C0FF1F7F
:108DB800E780C0B3B6402644268506499644F25952
:108DC800625AD25A425BB25B225C925C025DF24DFF
:108DD800616182808348490083A60C000356E10044
:108DE800035529006E8881476A87EFF09FC3AA84DC
:108DF80011C523108B0003254A0045BF83274A006D
:108E080095E303552900514781465E86BD45EFE04D
:108E18002FFA97E7FF1F23A3A7BC09E523108B00B0
:108E2800C54449BF97E7FF1F83D707BB03D7C1973F
:108E38003E976347570113C7F7FF5697239EE1965E
:108E480003254A0083A50C0003D6C1973E9597B029
:108E5800FF1FE780800783570A0003570D00850925
:108E6800C209BA9717E7FF1F2318F7B693D9090164
:108E7800C5B5397122DC2A840355250006DE26DAB9
:108E88004AD84ED652D45AD05ECE62CC66CAAE8B81
:108E980056D2EF00E17B2A8A8346C4008355A4009A
:108EA8000355840078001306D400930CBAFF651AA2
:108EB800EFF0EFE0420A416B2A898144135A0A0114
:108EC800138C019897E9FF1F938909B17D1B6302F1
:108ED800090463D094058348440083260C00035694
:108EE800C10003552400528881471387C197CA855A
:108EF800EFF03FB315C5814A0356C1008355A4005E
:108F08004A859306E100EFF0BFA52A89639B0A060C
:108F18005DFDF1EC8357840029452390FB0035A8BB
:108F28000356040183D7C197E317F6FC83250C0089
:108F38004848EFA04FEB61D183A74900A1E303554F
:108F48002400454781465A869D45EFE06FE61DE1BE
:108F58008357840045452390FB00F2506254D25455
:108F68004259B259225A925A025BF24B624CD24C85
:108F78002161828097E7FF1F23A2A7A6835AA90031
:108F8800A5BF83A74900A69723805701938714009C
:108F98001397070183A74900418393DA8A00BA9798
:108FA800238057011387240083A649009387340040
:108FB800420791044183C207C204C183C180369726
:108FC80011CD8356E1002300D70003A74900BA97C3
:108FD8000357E10021832380E700D5BDFD56230018
:108FE800D70003A74900BA972380D7001DB70355B8
:108FF8002400898097E5FF1F9385059E97E7FF1F4B
:10900800239C979CEF00B11829D95945B9B741114C
:1090180022C406C693F705012A84328585C3EFE08A
:10902800BFD1AA8505462285EF20E07095476305E4
:10903800F500BD47631DF502214515A893F74500C6
:1090480099CBEFE07FCF0546AA8522852244B2401E
:1090580041016F20406E93F7050489C7EFE0DFCD2B
:109068000146DDB713F51500133515000605B240A6
:1090780022444101828079714AD04ECE52CC06D624
:1090880022D426D22A8AAE89014983D7490063644B
:10909800F9000145A1A083A709001314190093043E
:1090A80014003387970003470700A29703C50700FA
:1090B80022079305E100598DEFE05FF905E983A7E1
:1090C800090005453E94034704002380E70083A771
:1090D8000900BE9403C70400A380E700B2502254DD
:1090E80092540259F249624A45618280834585005B
:1090F8000356E1005285EFF09FF105C183A70900EF
:109108003E94034704002380E70083A70900BE9428
:1091180003C70400A380E700D1B705094209135922
:109128000901A5B7011122CC2A8403D505009305AE
:10913800E10006CEEFE09FF101CD8345850003569F
:10914800E1002285EFF0BFECF240624405618280C5
:109158000545DDBF397126DAAA840355250006DEE8
:1091680022DC4ED652D456D25AD05ECE62CC66CAD3
:109178006AC82E8A4AD8EF00A14DAA8A83C6C400BD
:1091880083D5A40003D58400138CAAFF7800138626
:10919800D400EFF0CFB2420CC16CAA890144135C31
:1091A8000C01138BC197938B0198FD1CED1A17EDD9
:1091B800FF1F130D6D82638B091A0356C10083C507
:1091C800890003D52400EFF09FE42A89631B051862
:1091D80083C8440083A60B000356C10003D52400AE
:1091E800628881471387C197CE85EFF09F832A89CC
:1091F8006319051639C003D7C197110797D7FF1F01
:1092080083D7A77D6395E700A29763C0570997D7CF
:10921800FF1F83D7877C3354F40203D5240097D5E6
:10922800FF1F9385657B97D7FF1F2397877AEF00EA
:1092380091132A890DC559491DA003D52400494712
:1092480081466686C545EFE0AFB697D7FF1F23A7CF
:10925800A7780DE583D7A90045492310FA00F250F5
:1092680062544A85D2544259B259225A925A025BE0
:10927800F24B624CD24C424D2161828083570B00E5
:10928800910717D7FF1F231AF77483274D0003D7B9
:10929800A9009306E100A2972380E7009307140032
:1092A8001397070183274D0041834E85BA9703D74B
:1092B800A90021832380E7000356C10083D5A400B9
:1092C800EFF00FEA1307240083264D0093073400BC
:1092D800420711044183C2074204AA89C18341801D
:1092E800369739E1FD562300D70003274D0083A5A3
:1092F8000B00BA972380D70003254D0003D6C197EA
:10930800229597B0FF1FE78040BC83570B003E941F
:1093180042044180E31D04EE83D784002310FA0041
:10932800E31F09F2294925BF8356E10083A50B00F5
:109338002300D70003274D00BA970357E100218384
:109348002380E70003254D0003D6C197229597B0E7
:10935800FF1FE78080B783570B003E94420441808B
:1093680099BD83D7A9002310FA006DB701495DB7ED
:109378005D71A6C2CAC0AA84035985000355250099
:10938800A2C44EDE56DA5AD85ED662D466D26AD005
:1093980086C652DC6ECE2E8BEF00812B930BD5FF49
:1093A8007115931905010144138DD40093D909014E
:1093B800138CC197938C019897DAFF1F938ACA611F
:1093C8006358741583C6C40083D5A4001307E1004D
:1093D8006A864A85EFF0AF8EAA8D630B0512035992
:1093E800A500834585000356E10003D52400EFF06E
:1093F8001FC26314051283C8440083A60C000356D9
:10940800E10003D524004E8881471387C197EE8574
:10941800EFF02FE1631305101DCC83D7C19717D741
:10942800FF1F0357875B8907630EF70697D7FF1F50
:1094380083D7A75A3354F40203D5240097D5FF1FC6
:109448009385855997D7FF1F23988758EF00E15DCB
:1094580005C5594515A003D5240041664D478146E9
:109468007D16A545EFE0CF9497D7FF1F23A8A756F1
:109478001DE123102B014545B64026449644064974
:10948800F259625AD25A425BB25B225C925C025D2C
:10949800F24D6161828083570C00890717D7FF1F3F
:1094A800231DF75283D7C197A29763D3770783A762
:1094B8004A0003D7AD00130A2400A2972380E700CF
:1094C80005049317040103A44A00C183420A3E9489
:1094D80083D7AD0083A50C00135A0A01A18323008A
:1094E800F40003A54A0003D6C197529597B0FF1F11
:1094F800E780A09D03540C00C167FD1752944204F5
:109508004180E30FF9EA05094209135909014DBDE4
:10951800294509FC23102B0185B76DDC01BF835752
:10952800050099E309458280411126C2444122C4BD
:1095380006C683C60400D0402A8489451755010011
:109548001305C5EBEFF0107D51C183472400254773
:109558006145E51793F7F70F6366F70803D781842A
:10956800054549C383570400BA974167634CF7061A
:10957800916593852570314597B0FF1FE780602D71
:10958800AA844D45A5C08357040083D5818401462C
:109598000147B386E500C206C182636AF704AE9745
:1095A800C207C18319C22394F18423A00400214671
:1095B800A2851385440097B0FF1FE7800091938729
:1095C80041989C439DEF23A291983DA883C604002F
:1095D800D040894517550100130585E2EFF09073D7
:1095E8002DF50945B2402244924441018280504001
:1095F8001315470005072A962315D600054651BFBF
:10960800BA87984375FF84C30145E9BF011106CEA7
:1096180022CC26CA4AC809E98944F2406244268510
:109628004249D244056182802AC62A8428003689A4
:109638002314B1002305C100EFF07FEEAA8471FD69
:10964800E30D09FC8357A400E1DB91659385557010
:10965800314597B0FF1FE780C01F0DC58357A40091
:1096680023200500232425012312F500938701995F
:109678009C4389E723A8A1984DB7BA87984375FFFB
:1096880088C361BFCD4451BF83C7E19795E3854740
:10969800238FF196058909CD97B6FF1F9386C66A71
:1096A8004146914517B5FF1F130505666FF01FF674
:1096B80001458280A38FA182828041677D17631054
:1096C800E5027D572390E500238105002392E500FC
:1096D800238305002394E50023850500828041113A
:1096E80006C6EFE06F9D11C5FD572310F500230155
:1096F8000500B2404101828001114AC806CE22CC41
:1097080026CA85472A896393F5044A85EFE02FCB5B
:1097180039E9C1649385F4FF1307E10089461756B8
:109728000100130666CC0545EFE07FD92A84FD14B5
:109738000DC44C444A85EFF05FF80356E1002285DA
:109748008146A685EFF0CFA12A84DDB789476396C5
:10975800F5008545EF20001C4DD9F2406244D24403
:10976800424905618280EFE0CFC065B7916541113C
:10977800938515701305200D06C697B0FF1FE78067
:10978800400D23A4A198AA879306050C7D57239022
:10979800E7002392070023A607002398070023ACBD
:1097A8000700239E070023A207022394070223A889
:1097B8000702239A070223AE070293870704E39858
:1097C800F6FC23A6D198F9572313E50C2314E50CCE
:1097D8002316E50C2317E50C2310F50C2311E50CD3
:1097E8002305050C2308050C2302050C17E5FFFFCC
:1097F80013058567EFD0BFD517F5FFFF1305C582A1
:10980800EFF0B05717E5FFFF1305855CEF20000860
:10981800B240014541018280011106CE2AC6EFD02F
:109828002FF1EFE0AF8F32457D57238FA18297D775
:10983800FF1F9387A7192381070023830700238528
:109848000700F2402390E7002392E7002394E70003
:109858002385A18417050000130545EA05616F20DB
:10986800E00293970501C18763DE0734797103C568
:10987800E18322D452CC06D626D24AD04ECE2E8AA6
:10988800EF909F9D2A8421C9034705009307000B89
:109898006310F7048547A304F100938701989C435C
:1098A80023150100A1E7EF00C07C91659385357011
:1098B80097B0FF1FE780E0F923A0A19805E9834747
:1098C800910099C78345440013058400EFD01FE633
:1098D8002285EF90DF91B250225421653345AA00CA
:1098E80092540259F249624A456182806146814533
:1098F80017D5FF1F1305450EEF90DFC80349440035
:10990800894797D9FF1F9389290D631DF906EF0031
:10991800407697D7FF1F2391A70C03552400CE85C7
:10992800EFF0B0750357240097D7FF1F83D7C70AF6
:109938008356840011ED63E4F6002314F400835584
:1099480084003A85EFD01FC12285EFD07FB885BF4C
:1099580063E4F6002314F40083578400D9450D46C8
:1099680097D6FF1F239AF60697D6FF1F9386C6063B
:109978003A85EFD0FFB88D4561D917D5FF1F13057C
:10998800A505E1A09947631CF9029305A10022856A
:10999800EFF02FCEAA844DD9D947639BF40E050961
:1099A800035524001379F90FD94597D6FF1F9386DD
:1099B800A6024A86EFD0DFB4CA8559D57DBFA14734
:1099C8006318F9009305A1002285EFF07F9AD9B7B3
:1099D800A947631FF906035584006C00EFE00FE701
:1099E800AA84630705160355240041669306E1001F
:1099F80055477D16AD45EFD0BFBB97D7FF1F23AFA7
:109A0800A7FCAA8649C1834844000358E1000356CD
:109A1800C10003552400A68581474E87EFF06F806B
:109A2800AA846316051003552400CE85EF00C105EE
:109A3800E30C05F003552400CE862D46D945EFD01A
:109A48003FACE30305F0AD454E85EFD03FCEEDBD0D
:109A5800B1476315F910035584006C00EFE00FDF80
:109A6800AA846307050E0355240041669306E100A6
:109A780059477D16B545EFD0BFB397D7FF1F23AF22
:109A8800A7F4AA863DE183578400C5442315F10055
:109A980003471400D147E309F7EA83474400035515
:109AA800240097D5FF1F938525F317D7FF1F23059C
:109AB800F7F28357A10017D7FF1F2310F7F297D7A4
:109AC800FF1F238D97F0EFF0904AE30F05E603554B
:109AD800240097D6FF1F938626F00546D945EFD078
:109AE8003FA2E30305E6854549BD83484400035882
:109AF800E1008357A4000356C10003552400A6853E
:109B08004E87EFE01FF2AA841DE103552400CE859D
:109B1800EFF0507DE30A05E203552400D945CE86CF
:109B28003546EFD0FF9DB545E30005E2B9B5D94705
:109B38006393F400814403A5490097B0FF1FE780B1
:109B4800E0DAE38304E0835784002315F10089B742
:109B58008357840085442315F1001DBFB947631856
:109B6800F9009305A1002285EFF0CF9925B5C147EB
:109B78006318F9009305A1002285EFF0AFDD19BD48
:109B8800C947631AF900130691009305A1002285BD
:109B9800EFE0AFFD01B5D947631DF9009305A100BA
:109BA8002285EFE0AFEBAA84E31805DEA3040100E9
:109BB80061BBE147E31AF9D89305A1002285EFE0DC
:109BC8000FD8C9BB01458280E9CA011152C42E8A47
:109BD800854522CC4EC656C206CE26CA4AC8AA8A8F
:109BE800B6893284EF101053D14715C183C7C19984
:109BF80083C6D199814419E0B684BE8613874199FA
:109C0800184393974400BA9763EDD400D547F240C0
:109C18006244D2444249B249224A924A3E85056189
:109C280082803E89C10703D727FF09C7850493F4BB
:109C3800F40FD9BF29CC9565938525C0130500027B
:109C480097B0FF1FE780E0C02326A90061D1130663
:109C58000002814593840404EF90DF922311990058
:109C6800230009002313590115C41387419A834718
:109C7800940010432304F900118C8327C900118430
:109C88001180238E870023A02901814749B7232605
:109C98000900F9B723044901FDB785473E8582804D
:109CA80093874199984383C5C19981476395F50086
:109CB80081463685828003562700BA8619C2E30A90
:109CC800A6FE850793F7F70F4107CDB7938741990C
:109CD800984303C6C19981476315F60081463685C6
:109CE800828083552700BA8689C583454700E38863
:109CF800A5FE850793F7F70F4107F9BF9387419AA8
:109D0800984383C5F19981476395F5008146368567
:109D1800828003560700BA8619C2E30AA6FE8507A1
:109D280093F7F70F4107CDB7938741999C4303C831
:109D3800D19901476315E80081463685828003D6AC
:109D48002700BE8619CA03D667006318A600D04745
:109D580009C603562600E302B6FE05071377F70F78
:109D6800C107C9BF411122C4404526C206C6AA84FC
:109D780015C0484409C597B0FF1FE78020B7484879
:109D880009C597B0FF1FE78060B6228597B0FF1F0F
:109D9800E780C0B5268541468145EF90AFFEB240C9
:109DA8002244FD57A384F4009244410182800111AA
:109DB80022CC2A840355250006CE2EC6EF10900427
:109DC800324622858145EF00906222856244F24046
:109DD80005616FF03FF90DC503572500411122C4F5
:109DE80006C62A8411CBDD45EF0050642285224443
:109DF800B24041016FF01FF7B24022444101828016
:109E08008280411126C231479304C5FF3387E4029B
:109E180097D7FF1F9387C7BD06C622C43E978356B0
:109E2800A7006397B602484305C53E849307F00F21
:109E38006306F60083470500639CC70097B0FF1FC1
:109E4800E780C0AAB147B387F402A29723A207000C
:109E5800B2402244924441018280411122C42E849E
:109E680026C24946AA848145228506C6EF908FF10D
:109E7800B9CC83C7C401139747009387419A9C4381
:109E8800BA9703D707002310E40003D7270083D726
:109E980067002311E4001387A199035707002312D1
:109EA800E40003D704002313E40003D72400231499
:109EB800E40003D744002315E40003D76400231605
:109EC800E40003D784002318F4002317E400B24009
:109ED80022449244410182809387419A03A8070053
:109EE80093874199904383C5C199014781476394FA
:109EF800E5003E8582808346060081CE544691CA9D
:109F080083C6C6019206C2966315D500850793F7E6
:109F1800F70F05071377F70F4106D1BF1306006443
:109F28003386C50293069500AA8517050000130518
:109F3800C5EA6F907F8C411122C406C62A84034566
:109F48009500EF905F9DFD57A304F400B2402244B2
:109F580041018280011122CC4AC84EC652C456C261
:109F680006CE26CA2A89AE890144138A41999D4A98
:109F780083C7D1996362F40463970902938941996D
:109F8800130AF00F83C7C1996366F4061144A1440C
:109F98002285050442041306F00FCA854180EFF0BC
:109FA8005FE6E31794FEF2406244D2444249B24964
:109FB800224A924A0561828083270A00931444004A
:109FC800BE9483C704009DC383D7640063902703AE
:109FD8006396590103D52400EF10C06226854E868A
:109FE8008145EF00D0402685EFF0DFD705041374D4
:109FF800F40FBDBF83A7090093144400BE9483C720
:10A0080004009DC383C794006380470383D764001B
:10A01800639C27012685EFF01FF22685D145EF00C6
:10A02800F0402685EFF01FD405041374F40F99BF90
:10A0380041677917630BE502411122C406C68547BB
:10A048002A846399F50022852244B2408145410162
:10A058006FF05FF089476396F5008545EF10900B28
:10A068007DD1B24022444101828082809D456FF0BB
:10A078007FEE03D5A1998280011106CE2317A10096
:10A088002316B10003C7819985476318F70070004C
:10A098009305E1000545EF40D01EF240056182803E
:10A0A800A947631CF60483C7150003C70500A20768
:10A0B800D98F2310F50083C7350003C72500A207F1
:10A0C800D98F2311F50083C7550003C74500A207A0
:10A0D800D98F2312F50083C7750003C76500A2074F
:10A0E800D98F2313F50083C7950003C78500A207FE
:10A0F800D98F2314F5000145828005458280914758
:10A108006314F60283C7150003C70500A207D98F99
:10A118002310F50083C7350003C72500A207D98F90
:10A128002311F50001458280054582809387C5FF8C
:10A1380093960701C1820D476360D7023147338781
:10A14800E70297D7FF1F9387A78ABA972381A700AB
:10A158002390B70001458280094582801307B00F1C
:10A16800AA876374A7009307B00FF117239DF1988E
:10A17800238FB1982380B19A82801905956542058D
:10A188004111938535C0418106C697A0FF1FE7801E
:10A19800406C11C5B240E95541016FF0002DB24045
:10A1A8004101828041112384A19A1306000317D527
:10A1B800FF1F1305E583814506C6238E0198238F6B
:10A1C8000198A38F0198A38E0198238C0198A38CE2
:10A1D80001982387019A239D019823AA0198EF905B
:10A1E8006FBAEF10204B03C5C19A15C995659385C1
:10A1F80045C0120597A0FF1FE780A06523A2A19A7A
:10A2080019CD9387C19A83C7170003C6C19A8145A0
:10A21800A38EF198A38FC1981206EF90AFB69387DB
:10A22800D19983C7070003C5419B95653E95137572
:10A23800F50F238EA198938555C0120597A0FF1F8F
:10A24800E780206123AAA19821C103C6C1991206FB
:10A258008145EF902FB393874199984383C6C1995D
:10A26800814725077D56639AF600B240170500001E
:10A27800130545DC41016F10606185072300C700A5
:10A2880093F7F70F4107C5B7238E0198A38E01985E
:10A29800E9BF41119397050126C206C622C4C187AA
:10A2A800AE8463DA070803C5819AEF80FFFA2A842F
:10A2B80029C903470500930700096311F7040347F9
:10A2C8001500CD476317F7060345250097C5FF1FFF
:10A2D80083C5C56083C7E1999306640001460147B9
:10A2E8002E886317E50219C2238FF19883C7E19975
:10A2F80091C7854503C5819AEF90CFB42285EF8039
:10A308001FEF2165258DB24022449244410182808D
:10A3180003C60600B29713F6F70F9377F80F637426
:10A32800B6009377F60F05071377F70F89060546EA
:10A338004DBF0125E1B793F715000145E9D7EF00B7
:10A34800D06A09C983C7E19991C7854503C5819A30
:10A35800EF904FAF13C514007DB785462A8763FB7E
:10A36800C60483C7150003C60500A207D18F2310B2
:10A37800F500639CD70083C7350083C62500A20774
:10A38800D58F2311F50001458280894601456394E4
:10A39800D70283C7350083C62500A207D58F2311AE
:10A3A800F70083C7550083C64500A207D58F23123F
:10A3B800F70082800545828091476314F60283C7BF
:10A3C800150003C70500A207D98F2310F50083C71E
:10A3D800350003C72500A207D98F2311F5000145D1
:10A3E80082800545828091476314F60283C7150071
:10A3F80003C70500A207D98F2310F50083C73500CE
:10A4080003C72500A207D98F2311F50001458280D3
:10A4180005458280A1476314F60483C7150003C766
:10A428000500A207D98F2310F50083C7350003C79D
:10A438002500A207D98F2311F50083C7550003C74C
:10A448004500A207D98F2312F50083C7750003C7FB
:10A458006500A207D98F2313F500014582800545C1
:10A4680082808947631CF60083C7150003C705006F
:10A47800A207D98F2310F500014582800545828007
:10A488008357260079714ECE06D622D426D24AD0DA
:10A498001307F007AE896372F70209473AC4231617
:10A4A800F100300093F5F50FEF10A014B2502254CC
:10A4B80092540259F2494561828003574600D946B1
:10A4C8002A89328463F8E6008357660063F4F6004D
:10A4D8006379F70023140100300093F5F90F4A85DA
:10A4E800E1B70355060002C4EFF05F81AA8459C1A1
:10A4F800EFF09F9E83C784006369F5001146A2466A
:10A50800CE854A85EF10C00455B7340026869305DA
:10A51800F00F4A85EFF04FEB75F1A247035784001F
:10A52800DC472390E700035724002391E7000357F3
:10A5380044002392E700035764002393E70003D7FE
:10A5480044002394E700DC4485CB93F4F90F22867A
:10A55800A6854A858297C167FD172A86E311F5FA11
:10A5680022459947F9452300F50023029500EFF0AD
:10A57800FF9A2DBF094661B7014651B7A947631C29
:10A58800F60483C7150003C70500A207D98F231057
:10A59800F50083C7350003C72500A207D98F23110B
:10A5A800F50083C7550003C74500A207D98F2312BA
:10A5B800F50083C7750003C76500A207D98F231369
:10A5C800F50083C7950003C78500A207D98F231418
:10A5D800F500014582800545828083C70500230078
:10A5E800F50083C71500A300F50083C7350003C72E
:10A5F8002500A207D98F2311F500828023220500A8
:10A6080003C7450089476304F7000545828083D660
:10A6180065000D47E37BD7FE9C45011106CE22CC91
:10A6280026CA4AC84EC683C4170003C60700A20438
:10A63800D18C138644006311D60403C4370083C742
:10A648002700AE8922045D8C9307C4FFC207C1832B
:10A658002A89636FF70003A5890023119900231045
:10A668008900F155EFE070602322A900014531A06F
:10A678002285EFF0EFE265F10545F2406244D244ED
:10A688004249B24905618280397122DC2E848347B0
:10A6980004004AD806DE26DA4ED619472A89B2853A
:10A6A800639AE706034624002800EFF0FFD0AA8447
:10A6B80015E903558100EFF0AFDEAA898345140040
:10A6C80015C92E8617170000130747E634009D4565
:10A6D8004A85EF00503D4E8509468145092B4E8538
:10A6E800EFF04FE8F250625426854259D254B259DD
:10A6F8002161828089472310F100835781000A86EF
:10A708002311F1008357A1002312F1004A85EF00BD
:10A71800506EC9BF4947639DE702035624002800CD
:10A72800EFF05FCFAA845DFD97C7FF1F83D7072D82
:10A7380099E3814445BF03471400834604003C0065
:10A748000146CA8517C5FF1F0345652B252E59BF2E
:10A7580051476390E702035624002800EFF05F9406
:10A76800AA8449F18345140030004A85EFF05FD18F
:10A7780095BF5947639FE704035624002800EFF06C
:10A788001F98AA8425F1835581004A85EFF0CFD917
:10A798001DC558458356A10083570700B697C207C1
:10A7A800C1832310F700D1D75C47C1D783C7E1998C
:10A7B800C9D3854503C5819AEF80DFE825B7894766
:10A7C8003EC0835781000A86834514002312F10096
:10A7D80035BF834514000A8623100100EF0070611D
:10A7E80089BF5D71A6C256DA86C6A2C4CAC04EDE4B
:10A7F80052DCAA8A03C51500AE8432C6EFF00FCD2D
:10A80800B24501ED8144B640264426850649964462
:10A81800F259625AD25A61618280230205002311DB
:10A82800050083C9040085472A84639AF90003C692
:10A8380024002808EFF07FB2AA8405492DA09D477F
:10A848006394F904034705008D47E31DF7FA03C62F
:10A85800240028080549EFF01FB9AA8409E5054630
:10A868008145228569262285EFF0EFEC03458400B7
:10A878003C080147CE862686D6852924E30509F8B3
:10A888002285EFF02FCE41B7CD47639DF9000347EE
:10A8980005009147E318F7F603C624002808EFF0EF
:10A8A8005FBC59BFD547E39FF9F4034A05008947C0
:10A8B800E31AFAF403C6240028080549EFF01FCC70
:10A8C800AA8455F183570102BDE30357810113069A
:10A8D800F0035C44930607FCC206C182636CD60091
:10A8E8000356A101D94663F7C6008356C101D9456D
:10A8F80063EFD500035524002391E7000549EF00D5
:10A90800705003560102D28522857124A9BF835550
:10A91800E1012391E7002392C7002390B700239316
:10A92800D70085472300F400014A0149D9BF014AED
:10A93800C9BF7971AA8522D426D203542500AA84D6
:10A94800280806D6EFF09FCBF24599E535E985450D
:10A958002285EFF06FF2C1A0835781011547639BF1
:10A96800E7060357A1018D4763FCE7046800EFF091
:10A97800DFC60357E100DD4763FCE7008345D100EC
:10A98800B70717008507100822853EC8EF007046F4
:10A998008357E1000357A10191076305F70022855A
:10A9A800EFF0CFEC8347C10072466C00858B11062F
:10A9B800228591CFEFF0FFE201C52285EFF00FEB82
:10A9C800884451D597A0FF1FE78040F249B7EFF0C0
:10A9D800BFCBDDB711476389E7001387A7FF42079D
:10A9E8004183854663EEE6023147F117B387E702F4
:10A9F80017C7FF1F1307C7FFBA9703D7070069D305
:10AA080003C527003008A2850D205DF90357810191
:10AA18009147E31EF7F2B250225492544561828066
:10AA28002C0822852D2E49FDFDB701114AC82A8917
:10AA3800314526CA06CE22CC2EC6B284EF80EFFD61
:10AA480021C1B2459307000A2310F5002311B50070
:10AA58002A84214611058DC0A6859790FF1FE7809F
:10AA6800C046A2854A85EF80BF850145F240624411
:10AA7800D2444249056182808145EF80BFB0D5B795
:10AA88000545EDB7797126D2AA841305000206D6CA
:10AA980022D42ECE32CC36CA3AC83EC6EF80EFF763
:10AAA80021C96246F2454247D246B2472A84130575
:10AAB80020FA2300A400A300C4002311B400230239
:10AAC800E400A302D40013058400614691CFBE853B
:10AAD8009790FF1FE780603FA2852254B2502685D9
:10AAE800925445616F80CFFD8145EF80BFA9EDB7D6
:10AAF800B25022549254456182805845797122D4CB
:10AB080006D62A84AE8641C383572700231DF10049
:10AB180093072006639FF5049387A19903D607003E
:10AB2800835767006373F600B28713F6F70F8355F0
:10AB38002701834707018D8F93F7F70F81E5890771
:10AB480093F7F70FB297FD17B3C7C702231EF1009B
:10AB5800835724008355640003458400231CF100B7
:10AB680001473C080146EFF0FFF1B250225445611D
:10AB780082800347C7019387419A9C431207BA977B
:10AB880083D76700E1B72EC6194681452808EF80AC
:10AB98007F9FB24675BF797122D406D626D22A8401
:10ABA8008DC181470147930600062E8683556400B0
:10ABB80003458400EFF01FEDB250225492544561D2
:10ABC8008280B28428005946EF80DF9B23149100CD
:10ABD80089E88357240048446C002315F100EFF0FE
:10ABE800CFA73C000147930600060146C1B779711B
:10ABF80006D6814799ED8357250058452316C1008D
:10AC08002314F1003C0011C7835727002315F100D6
:10AC18003C002E8683556500034585000147930651
:10AC28000006EFF03FE6B25045618280411122C430
:10AC380006C68347050011472A846395E7022E86D6
:10AC4800835565000345850081470147CD46EFF0F0
:10AC58007FE34946835564002244B24015454101CB
:10AC68006FF02F9A13F7B70F89466317D70001467D
:10AC7800EFF07FF25146F9BF0D476398E700224491
:10AC8800B240014641016FF09FF6B24022444101B3
:10AC9800828083D705003147F1173387E70297C7CA
:10ACA800FF1F9387E7D4BA97D84319EBD841239568
:10ACB800A7000145D8C303D725002394E700828065
:10ACC80059458280797122D4404526D24AD006D689
:10ACD800AA842E8925C0484419C597A0FF1FE7807C
:10ACE800E0C0232604008357040083D5640003C50D
:10ACF80084002315F100835724000147930640067A
:10AD08002316F100835784004A862317F1001C4854
:10AD18003EC883D724002314F1003C00EFF09FD6EF
:10AD2800A30E240123280400B2502254925402593D
:10AD380045618280280031468145EF80BF8483D7F2
:10AD4800240083D5640003C584002314F10001475F
:10AD58003C00930640064A86EFF0DFD2F1B77971DE
:10AD680052CC2A8A03D5050026D206D622D44AD048
:10AD78004ECE56CAAE84EFE0BFF219E18547BDA8B2
:10AD88004045AA8965DC83576500E39947FF8357E7
:10AD98008400638707128346C401938A419A03A7F4
:10ADA8000A009206FD173697C20703576700C1834A
:10ADB8002314F4006316F70093053006EFF0FFD371
:10ADC8005C48A5EFC84003491500834705002209E0
:10ADD8003369F90083D7240013072900631AF7029F
:10ADE800F955EFE08068C8C02391240103C58900A4
:10ADF8002686D285EFF07FC3814721E1B2502254E5
:10AE080092540259F249624AD24A3E85456182808B
:10AE18009565938515C04A8597A0FF1FE78060A3B5
:10AE280048C8C840231C2401F955EFE0006483D7C3
:10AE38002400C8C0F9172391F400484859C503D61F
:10AE480024008356A401835784013308D60063C0C5
:10AE580007090347C40183A70A0095451207BA9753
:10AE680083D7270063CF0705CC4036959790FF1FFF
:10AE7800E780A0050357A40183D72400BA97C20727
:10AE880003578401C183231DF400E399E7EE03D738
:10AE9800290003C5890030002314E1005848D285F1
:10AEA8002315F1003AC6EFF05FB811C5484897A0DE
:10AEB800FF1FE780A0A3232A0400232C04007DBDE4
:10AEC80099454E85EFE0BFEE55BDA545DDBF9145DF
:10AED800CDBF03D7250079CB83D6A199ED4763E889
:10AEE800E60C011122CC2E8426CAAA84484091453A
:10AEF80006CEEFE0805783572400AA862300F5008A
:10AF080083572400A183A300F5008357040023017D
:10AF1800F50083570400A183A301F500035624001C
:10AF2800C167F9171106420641826394F4042AC4E2
:10AF3800314532C6EF806FAEAA85CD470DC5930760
:10AF480000F93246A2462300F500F9572311F5000F
:10AF580089472302F5002313C50014C503C5819A48
:10AF6800EF800FB68147F2406244D2443E850561C6
:10AF7800828081452685EF305038AA8701E903C7CA
:10AF8800E19975D37D17238FE198F1BF09476302D3
:10AF9800E5021D476301E50249476300E5027D4775
:10AFA800E313E5FC03C7E1998147E1BFED473E851F
:10AFB8008280D1474DBF91477DB789476DB7011151
:10AFC80022CC4AC831441309C5FF3304890297C704
:10AFD800FF1F9387E7A106CE26CA3E94584031C783
:10AFE80083C6E199BE84854795CA2314A100835777
:10AFF80084000355A4002C003AC62315F100EFF095
:10B008005FED11C5484097A0FF1FE780208EB1472C
:10B01800B307F902A69723A207008547F2406244C6
:10B02800D24442493E85056182808147C5BF797116
:10B0380026D244451387A1994AD083D7640003597F
:10B04800070052CC06D622D44ECE56CA2A8A63F3BB
:10B0580027013E8903D7240142091359090183D7DF
:10B06800040141CB998F4A8463D5270113940701C2
:10B07800418089452285EFF04F90AA89CD4A25C1A4
:10B0880083D724002AC6231581002314F10083D70F
:10B09800240185E383D70401930925002300F500E3
:10B0A80083D70401A183A300F5006376240503D4A4
:10B0B800040183D72401CC4422864E85BE959790FF
:10B0C800FF1FE78080E003556A002C00EFF07FE067
:10B0D800AA8A15C54E8597A0FF1FE7802081B25028
:10B0E8002254568592540259F249624AD24A45611D
:10B0F800828089078DBF7914420441805DBF03D7E0
:10B10800240183D704003A94FD17C207420403D7E9
:10B118000401C18341802390F4002399840063775C
:10B12800E400D5FFFD57A38EF40055BF8145528535
:10B13800EFF05FB96DB701114EC683C9E19A22CC11
:10B1480052C456C25AC006CE26CA4AC84E84138A6A
:10B158004199854A130BF00F83270A009314440082
:10B16800BE9403C9040063175907DC44A5C7D84730
:10B1780035C303D7070039C383C7E19989CF26852B
:10B18800EFF0FFEAAA8515E5050483C7D199635F47
:10B19800F4002387819AF24062444A85D2444249A6
:10B1A800B249224A924A024B056182802387019A5A
:10B1B800DDB72685EFF01FB10149F1BF83C7D7017D
:10B1C800639A6701930520062685EFF01F93DC44F8
:10B1D800A38E070005041374F40F83C7D199636322
:10B1E800F4000144E31A34F7C1BF4111154506C6FE
:10B1F800EFF0FFDC09C50545B240410182801945E1
:10B20800EFF0FFDB6DF91145EFF07FDB6DF51D45C4
:10B21800EFF0FFDA6DF103C5D19979DDB240410154
:10B228006FF07FF183D705000D47F117C207C1837F
:10B238006361F706DC41B1CF411122C42E848545F4
:10B2480026C206C6AA84F92539C52685D52BC16725
:10B25800F917638FF40009ED8357240091CB8356C7
:10B2680004001947639FE60203D7A19963FBE7022D
:10B2780083C7E199A285268599C72244B2409244A2
:10B2880041016FF01FC52244B240924441016FF062
:10B298005FA0094582805145B24022449244410151
:10B2A80082806D45D5BF397126DA4ED6AA84AE891B
:10B2B8005D4589454AD806DE22DC328936C63AC45D
:10B2C800EFE0BFEB25C522472A84014511C7B246E6
:10B2D80013054400B685029793578500230034016F
:10B2E800A30024012301A400A301F400110595473C
:10B2F800231DA100231CF10022CE83C7E1992C084D
:10B30800268595C3EFF0FFBCAA8411C522859790C6
:10B31800FF1FE780A05DF250625426854259D2543F
:10B32800B25921618280EFF0DF96F9BFCD44E5B7CD
:10B33800797126D24AD052CC56CA06D6BA8A22D4B5
:10B348004ECE19472E89B284368A6394E506035592
:10B3580026000944EFE0DF942AC625C55C458359D9
:10B36800650083D727002390F400B2471547238050
:10B37800570103C6919993061600A38CD19823917F
:10B38800E7002382C700D1466319D9002391E4005E
:10B39800DC4703D784002394E7005287A686CA8532
:10B3A8004E85EFF05FF02A84324515C4EFE09F9B8D
:10B3B80009A842867400BE85AA89EFE0FF802A8426
:10B3C8004DD52285B250225492540259F249624A0C
:10B3D800D24A45618280F945EFE05FB4DDB783D793
:10B3E80005002300F50083D70500A183A300F5001D
:10B3F80083D725002301F50083D72500A183A30166
:10B40800F5001145828083D705002300F50083D716
:10B418000500A183A300F50083D725002301F500CB
:10B4280083D72500A183A301F50083D74500230214
:10B43800F50083D74500A183A302F50083D76500F3
:10B448002303F50083D76500A183A303F5002145F5
:10B45800828083D705002300F50083D70500A183E8
:10B46800A300F5000945828083D705002300F50075
:10B4780083D70500A183A300F50083D72500230106
:10B48800F50083D72500A183A301F50083D74500E4
:10B498002302F50083D74500A183A302F50083D7D3
:10B4A80065002303F50083D76500A183A303F50096
:10B4B80083D785002304F50083D78500A183A304DF
:10B4C800F5002945828003D705008546AA87230011
:10B4D800E50003D705002183A300E50003D7050095
:10B4E800631DD70003D725002301E50003D72500F6
:10B4F8002183A301E5001145828009456315A70250
:10B5080003D7250019452381E70003D725002183A8
:10B51800A381E70003D745002382E70003D745004E
:10B528002183A382E700828083D705002300F500EA
:10B5380083D70500A183A300F50083D72500230145
:10B54800F50083D72500A183A301F500114582806A
:10B55800797126D24AD04ECEB2842A89AE8929463C
:10B568008145480022D406D63684EF80AF81231661
:10B57800910085EC835724002312F1009387A19949
:10B5880083D707002314F1005C4485C383C6C70131
:10B598001387419A1843920683D787003697035733
:10B5A80027002315F1002313E1004A85170700003F
:10B5B8001307C7EB540013F6F90FD545EFF0BFCECC
:10B5C8002A8911C19DE085472300F4002302040065
:10B5D800014681452285EFF00FDCB25022544A859E
:10B5E80092540259F249456182802285EFE08FF733
:10B5F800EDB7B28617070000130727ED2E8685459D
:10B608006FF07FCA01112317A1004165700001483E
:10B618009307F00F0D4797060000938686DC99453F
:10B628007D1506CEEFF0DFD0F24005618280B2874B
:10B6380001482E86114797060000938606DDC94506
:10B648006FF01FCFB286170700001307C7E02E86DA
:10B65800CD456FF05FC5011122CC26CA4AC84EC637
:10B6680006CE2A89AE8917B4FF1F1304643B97B42A
:10B67800FF1F9384E43D1C4081C7CE854A8582978D
:10B688001104E31A94FEF2406244D2444249B2499A
:10B698000561828017B5FF1F03450525937735009F
:10B6A8000981AA97238AF19AA5C31305C003338594
:10B6B800A702A5654111850506C69790FF1FE7807B
:10B6C800401923A8A19A03C7419B09058147FD5644
:10B6D80063C2E70297B7FF1F9387873417B7FF1F27
:10B6E8001307073723A007009107E39DE7FEB24041
:10B6F800410182802310D50023010500232505027E
:10B7080085071305C503E9B782809387019B984392
:10B7180003C6419B81476315F600814636858280C2
:10B72800BA861307C703835567FCE389A5FE850717
:10B7380093F7F70FCDB7011122CC2EC632C406CE2F
:10B748002A84EFF09FFC2246B24511E9C167F91738
:10B758006303F4005145F240624405618280545508
:10B768008347450095C213F7270141456314A70095
:10B77800154575F2C18B3D45F9DF83C7A601014523
:10B78800E3FBB7FC3145C1BFC18B0145E9F715455E
:10B79800D9B7797126D2C16422D44AD04ECE52CCC0
:10B7A80056CA06D62A8901449389019B130AC00305
:10B7B800FD14854A83C7419B6364F400014525A8AD
:10B7C800B307440303A70900BA9703D727006316F2
:10B7D800970005041374F40FF1BF03C55700300038
:10B7E80093856700EFC000571946CA852800EF7097
:10B7F8009FDFE31055FFB250225492540259F24988
:10B80800624AD24A456182809387019BC166984308
:10B8180083C5419B8147FD166395F5000146328536
:10B828008280035827003A866306D8000348070039
:10B83800E307A8FE850793F7F70F1307C703E9BFC8
:10B84800411106C6EFF07FEC11C503554501B24022
:10B85800410182800145E5BF9387019B984383C6D8
:10B86800419B8147110701456393F6008280034697
:10B87800070001C605051375F50F850793F7F70F40
:10B888001307C703D5B703C5419B828017B7FF1FAE
:10B89800130707198147BA8631460C4391E58A0791
:10B8A800B69788C30145828085071107E397C7FECD
:10B8B8004D458280411106C622C4EFF01FE50DCD2B
:10B8C8002A84035525008545EFF0FFD8485409C55B
:10B8D8009790FF1FE780800122851306C0038145EA
:10B8E800EF705FCAFD572311F400230204000145DD
:10B8F800B2402244410182800945DDBF411106C69C
:10B90800EFF0BFE011C50345C500B2404101828098
:10B918000145E5BFC167F9176304F502411122C467
:10B9280006C62E84EFF07FDEAA87014591C703C5BE
:10B938004700698C33358000B2402244410182803F
:10B9480005458280011106CE2EC6EFF01FDC854723
:10B9580011C903574501B24585476305B700231A46
:10B96800B5008147F2403E850561828021C90111F9
:10B978004AC8416922CC26CA4EC652C406CE0144E2
:10B98800AA849389019B130AC0037D1983C7419B2D
:10B99800634AF400F2406244D2444249B249224A1E
:10B9A800056182803305440383A709003E958357C8
:10B9B80025006383270182940504C9BF8280938789
:10B9C800019B9C43C16603C6419B8907014501470A
:10B9D800FD1691456313E600828003D807006309CA
:10B9E800D80003C8A7006315B80005051375F50F3F
:10B9F80005071377F70F9387C703E9BF9387019B61
:10BA0800944303C6419B0147910681476310E602B0
:10BA1800858393C7F7FFC207C18305456364E502C1
:10BA280085473395A70042054181828083C506007A
:10BA380081C583D5C602CD8F05071377F70F938687
:10BA4800C603E9B793F61700E1FE0505858313756C
:10BA5800F50FE9B7797156CAAA8A2E8526D24AD037
:10BA68004ECE52CC5AC85EC662C406D622D4AE8424
:10BA7800328B368CBA8B3E8AC2894689EFF0FFC872
:10BA880049E141657D15EFF05FC82A84554531CC01
:10BA98001946DE8513056400A30284019780FF1F01
:10BAA800E780A04283570103231194002302640115
:10BAB8002319F40083574103230054012326040269
:10BAC800231AF40023064401231734012318240100
:10BAD800EFF0DFF22318A402232A04022685232C80
:10BAE80004028145EFF03FB70145B2502254925409
:10BAF8000259F249624AD24A424BB24B224C456142
:10BB080082804545DDB79387019B984383C6419B57
:10BB180081476395F60041657D1582803A86130753
:10BB2800C703835547FF6395A50003552600828008
:10BB3800850793F7F70FF1BF9387019B41669843F9
:10BB480003C8419B81477D1685482D43314E6314B8
:10BB5800F80001458280835627003A856382C60231
:10BB6800545B99CE83C506006397150183C61600FA
:10BB78006378DE00828089E583C61600E37CD3FC07
:10BB8800850793F7F70F1307C703D1B79387019B6F
:10BB98004166984383C5419B81477D162548639438
:10BBA800F50001458280835627003A85638BC600DD
:10BBB800545B81CA83C61600E51693F6F60FE37345
:10BBC800D8FE850793F7F70F1307C703C9BF89473F
:10BBD80091C909C995472380F50083470500A380CB
:10BBE800F50081473E85828039714ED652D4AE89A0
:10BBF8002A8A93053005414526DA4AD856D206DE08
:10BC080022DC32C63689BA8A9790FF1FE78060C463
:10BC1800CD4421C92A848944638009043246814578
:10BC2800231AC1004146EF70FF955686CE852285BE
:10BC38009780FF1FE78060292146630E0902CA85A5
:10BC480028089780FF1FE7804028A28650082C0804
:10BC58005285EF209067AA8422859790FF1FE7807E
:10BC6800E0C8F250625426854259D254B259225A39
:10BC7800925A2161828081452808EF70BF90F1B700
:10BC880089478DC505C5411106C6AE871947AA85DE
:10BC98002380E7001385170041469780FF1FE78040
:10BCA800C022B24081473E85410182803E85828024
:10BCB800894795C90DC9411106C625472380E50066
:10BCC80003470500AE871946A380E50093051500D4
:10BCD800138527009780FF1FE780201FB240814708
:10BCE8003E85410182803E85828089478DC505C594
:10BCF800411106C6AE872147AA852380E700138530
:10BD0800170041469780FF1FE780201CB2408147FB
:10BD18003E85410182803E85828089479DCD15CD33
:10BD2800411106C61D472380E50003570500AE876D
:10BD38002146A380E5000357050021832381E50000
:10BD480093052500138537009780FF1FE780E017CC
:10BD5800B24081473E85410182803E858280894785
:10BD68008DC505C5411106C6AE870D47AA85238036
:10BD7800E7001385170041469780FF1FE780E0140E
:10BD8800B24081473E85410182803E858280894755
:10BD98008DC505C5411106C6AE871147AA85238002
:10BDA800E7001385170041469780FF1FE780E011E1
:10BDB800B24081473E85410182803E858280894725
:10BDC8008DC505C5411106C6AE872947AA852380BA
:10BDD800E7001385170041469780FF1FE780E00EB4
:10BDE800B24081473E85410182803E85828023ACF6
:10BDF800019A23AE019A23A0019C9797FF1F93876E
:10BE080067F5171700001307075998C317070000AD
:10BE180013078746D8C317070000130727DD98C7FD
:10BE28009797FF1F9387C7F3172700001307A7CB20
:10BE380098C31707000013074760D8C317170000F7
:10BE4800130767DE98C78280C14709CD144DC147E3
:10BE580091CA784D01CB83C73600BD4663F4F6001E
:10BE6800834787013E858280411122C41384819BC8
:10BE78004AC02A89084006C626C241C5A284631E54
:10BE88000900834705002146B1CB29059780FF1F8C
:10BE9800E780A0039C400545B9CF4945EF70EFB74F
:10BEA8002A840DC5930710FC2300F500A300250183
:10BEB8008C400905414689059780FF1FE780E0000F
:10BEC8009C40A28503C51700EF708FBF88409790EC
:10BED800FF1FE780A0A123AC019A29A80905978034
:10BEE800FF1FE78080FEEF20103E054945F51C4006
:10BEF800238027010545B24022449244024941016A
:10BF080082800145CDBF1C4D639F0716411122C495
:10BF180026C22A84AE8441459305300506C697900B
:10BF2800FF1FE780009308CCCD4763040510A68562
:10BF380041469780FF1FE78040F983450400F9EDEB
:10BF48007C4C184CD04B5443058A858A6307D6002D
:10BF580083D64701F99A239AD700D04B54430582D8
:10BF68008582058A858A6307D60083D64701F59AB4
:10BF7800239AD700D04B544309828982058A858A3F
:10BF88006307D60083D64701ED9A239AD700D04B92
:10BF980054430D828D82058A858A6307D60083D62D
:10BFA8004701DD9A239AD700D04B54432182A182BE
:10BFB800058A858A6308D60083D6470193F6F6EF8B
:10BFC800239AD700D04B54432582A582058A858AB7
:10BFD8006308D60083D6470193F6F6DF239AD70085
:10BFE800D04B54432982A982058A858A6308D600E2
:10BFF80083D6470193F6F6BF239AD700D44B58430C
:10C00800AD822D83858A058B638AE60003D74701B5
:10C01800FD769386F67F758F239AE70003C7140091
:10C028007C4C11CF03C7170019CB9547A301F40027
:10C038008147B240224492443E854101828003C731
:10C048002400118B19E703C72701118B19E38547D2
:10C05800F1BF03C7070083C6040081C5B687BA8647
:10C068003E871146E147E366E6FCE364D6FC954764
:10C078003307F70297270100938787E93E9736979A
:10C088008347070065B7C5473E858280AE8715C5DB
:10C09800784D05C7834607002380D50083461700DF
:10C0A800A380D500834627012381D50083468701D5
:10C0B800584BA381D500D8C18280414681453E8531
:10C0C8006F704FCC9387C19B9C4391C703A3870094
:10C0D80063030300028309458280011122CC2A846C
:10C0E800494506CEEF904F8805C12AC62285EFF054
:10C0F800CFE119C96244324683550503F24003C5AE
:10C10800A19C05616F706FE6F24062440561828010
:10C11800797126D29947231DB100AA842E858D45B1
:10C1280022D406D632C636C4231CF100EFE0EF84D1
:10C138002ACE4D441DC13246A246AA853285829632
:10C148002A8419E52C082685EFF0CF8D2A8411C59D
:10C1580072459780FF1FE78060792685EFF0FFF72B
:10C168002285B2502254925445618280011122CC1A
:10C178009305C5012A8441460A8506CE9780FF1F8C
:10C18800E780A0D4035544000A86970600009386EA
:10C1980046BDC545EFF0DFF7F24062440561828095
:10C1A800011122CC9305C5022A8441460A8506CE90
:10C1B8009780FF1FE78060D1035544000A869706E1
:10C1C8000000938606BDC545EFF09FF4F240624437
:10C1D800056182802E86970600009386A6AAC5452B
:10C1E8006FF01FF30111B28722CC2300B1002A841B
:10C1F800BE8513051100194606CE9780FF1FE780FC
:10C20800C0CC0A862285970600009386A6AAA14577
:10C21800EFF01FF0F2406244056182802E86970697
:10C2280000009386C6ACC5456FF09FEE0111B2873A
:10C2380022CC2310B1002A84BE8513052100214693
:10C2480006CE9780FF1FE78040C80A86228597069A
:10C2580000009386C6ACAD45EFF09FEBF240624418
:10C26800056182802E8697060000938686B5C545AF
:10C278006FF01FEA011106CE22CC26CA83440500BE
:10C288008547639BF4048347150019472A84639AFA
:10C29800E7041C4D83D7470013F7071019C7784DDB
:10C2A800035747011377071021E313F7072001CB42
:10C2B800784C03574701137707206315071093F746
:10C2C800074081CB7C4C83D7470193F70740639C99
:10C2D8000714C947A300F400F2406244D244056140
:10C2E800828031476392E70A3C5091EF930530050D
:10C2F80071459780FF1FE780C05528D009C5714652
:10C308008145EF702FA82450A9C883C7A40191E7DD
:10C318002285EFF07FB3238DA40081452685414611
:10C32800EF704FA628503D478345A5019387F5FF39
:10C3380093F7F70F6364F700EF80CFB4EF70CF8700
:10C348003C50A1452398A70013852701EF808FB3A0
:10C358002C5003554400EFF0FFE7B5470355440060
:10C36800A300F400EFF06FBA414611C58357E5000A
:10C3780013D617003E966244F240D24403C5A19CEE
:10C38800854505616F706FBE3547639AE7023C517A
:10C3980089CB83D507010355450013862701EFF0A4
:10C3A800FFE81C4C83D7470013F7072039CB784C9C
:10C3B800035747011377072029C7B94745B73947B6
:10C3C800639BE700EF806FDBAA8503554400EFF01D
:10C3D800FFE4BD4761B73D476394E704EF804FD959
:10C3E800AA85630D9502814526852EC6EF800FD656
:10C3F8002A86B24503554400EFF0DFDE1C4C83D794
:10C40800470093F70740E38607EC7C4C83D7470146
:10C4180093F70740E38F07EAC14789B78144E9B733
:10C428004147E398E7EAEF800FD6AA850355440011
:10C43800EFF05FE379BD797106D622D426D2834422
:10C448000500A5E48347150019472A846394E70685
:10C458007C4D83D7470113F7170011C7184D0357B1
:10C468004700058B39EB13F7270019C7184C0357FA
:10C478004700098B631D0712918B99C71C4C83D702
:10C488004700918B639407187C4C83D7470113F7B7
:10C49800071063050718184C035747001377071050
:10C4A800630E0716B147A300F400B2502254925409
:10C4B800456182801D47639FE70A3C5089EB9305DD
:10C4C800300571459780FF1FE780A03828D0245099
:10C4D800BDC82285EFF05F97238DA400814526858E
:10C4E8004146EF702F8A28503D478345A501938721
:10C4F800F5FF93F7F70F6369F70283C781A2A5CB0E
:10C50800414681450808EF70EF87194697A5FF1F38
:10C518009385454808089780FF1FE780009B3050A7
:10C528000C082E85EF707038EF601FE93C50A1456C
:10C538002398A70013852701EF80CF942C5003552B
:10C548004400EFF03FC9A14703554400A300F4009D
:10C55800EFF0AF9B414611C58357E50013D617008E
:10C568003E96854503C5A19CEF702FA03DBFEF8087
:10C578006F915DBF21476399E7023C5189CB83D511
:10C5880007010355450013862701EFF03FCA7C4C8D
:10C5980083D7470113F7270021CF184C03574700CB
:10C5A800098B39C7A5474DB72547639BE700EF803F
:10C5B800CFBCAA8503554400EFF05FC6A94769B709
:10C5C80029476392E704EF80AFBA8547AA856304D9
:10C5D800F5008145854426852EC6EF802FB72A862B
:10C5E800B24503554400EFF0FFBF7C4C83D74701A9
:10C5F800918BE38B07E81C4C83D74700918BE3852D
:10C6080007E8AD4791B72D47E390E7E8EF80AFB76C
:10C61800AA8503554400EFF0FFC4BDB513F7072002
:10C6280009CB184C035747001377072019C3B9479C
:10C638009DBD93F7074089CB1C4C83D7470093F7E0
:10C64800074099C3C14785B5C947B1BD0DCD011193
:10C658008A8522CC06CE2A84EFF05FA383470400A4
:10C668000355440097160000938666B389E797162A
:10C678000000938666B30A869D45EFF07FA9F240D5
:10C6880062440561828005458280AA8503C5A19C14
:10C698006F704FA4411122C4405926C206C6AA840D
:10C6A80031C4084C09C59780FF1FE7802024285013
:10C6B80009C59780FF1FE7806023685009C59780E8
:10C6C800FF1FE780A022285409C59780FF1FE78035
:10C6D800E021685409C59780FF1FE7802021228543
:10C6E8009780FF1FE780802023AA0402224403D5F5
:10C6F8000403B240924441016FF03FF9411126C250
:10C7080006C622C4AE84EFF04F8031C14C592A844A
:10C718009DCD83A8C50603A88506FC51B85183C6DC
:10C72800650003D6450083C505002685EF805FAB0D
:10C738002285EFF03FF6EFF06FC511C92244B240F1
:10C74800924403C5A19C854541016F60BFEFB2408B
:10C758002244924441018280411122C4405926C298
:10C7680006C67C4CAA8483D7470113F7071019C75C
:10C77800184C03574700137707101DE313F70720DA
:10C7880019C7184C035747001377072011EB93F785
:10C7980007409DCB1C4C83D7470093F707408DC7B4
:10C7A8009947A300F4002285EFF0DFAC034714009B
:10C7B800C947631FF700224403D52400B2409244BE
:10C7C800814541016FF09FF3C947A300F400E5B725
:10C7D800B2402244924441018280411106C622C4DB
:10C7E80026C2EFF06FB521C14059AA840DCC83470A
:10C7F80004009DC79387C19B9C4389C7DC4399C3A9
:10C808002285829703471400C947631EF700224414
:10C8180003D52400B2409244814541016FF01FEED8
:10C828009387019CD1BFB240224492444101828047
:10C83800411126C24AC006C622C4AA842E89EFE046
:10C84800DFEC0DCD40595DC0835744006390970AD3
:10C858008347140019476392E70883470400BDCB58
:10C868007C4C83D7470113F7170005C3184C0357AF
:10C878004700058B19CB9D47A300F400B240224422
:10C888009244024905454101828013F7270001CBF4
:10C89800184C03574700098B19C3A547F1BF918B63
:10C8A80081CB1C4C83D74700918B99C3AD47E9B71F
:10C8B8009387C19B9C43F9D3DC43E9D322858297B4
:10C8C80003471400C9478145E31AF7FA2685EFF0B4
:10C8D800FFE26DB79387019CF1BF45476398E70076
:10C8E8006304090013092003CA85CDB7631C090036
:10C8F8002685EFE09FE119C58347450093E70701C7
:10C908002302F500A6854A85EF80AFAC85BF4111AB
:10C9180022C42E862E8497F6FFFF9386862B8945A0
:10C9280006C626C24AC02A89EFF08FFE8345040056
:10C93800AA844A85EFF09FDCB2402244268502494A
:10C948009244410182809387019C9C4395CB9C43F0
:10C9580085CB797122D406D6984110082A843AC822
:10C96800D84185453ACA829701C92306A1000355D3
:10C9780024006C00EFF0BFF9B25022544561828068
:10C988008280011122CC06CE2A842EC6EFE0FFD782
:10C998005C5991CF83D74700B245639A8700854792
:10C9A8006397F5006244F24005616FF0BFCEF24034
:10C9B800624405618280411106C6EFF0CF94C167D9
:10C9C800FD176307F500B240DD4541016FF01FD345
:10C9D800B240410182802300B5008280011126CA3D
:10C9E8004EC6AE84AA8993053005130500034AC8CC
:10C9F80006CE22CC32899780FF1FE78080E529CDBB
:10CA08001306000381452A84EF60DFB74146CE85CF
:10CA18002285EF609FBFA6850D461305D401EF6000
:10CA2800DFBE13060402930504012285EF70E06758
:10CA3800AA840D469305D4024A85EF601FBD22855E
:10CA48009780FF1FE78080EAF240624426854249CA
:10CA5800D244B24905618280CD44FDB78147414641
:10CA6800B306F5003387F5000347070003C806003F
:10CA78008507334707012380E600E393C7FE8280DA
:10CA88005D714EDE62D4AE892A8C9305300513059C
:10CA98000003A6C2CAC052DC56DA5AD85ED686C689
:10CAA800A2C4B28B368BBA84BE8A4289468A9780E2
:10CAB800FF1FE78000DA6301050E130600038145B6
:10CAC8002A84EF603FAC4146E2852285EF60FFB3E0
:10CAD800414681450A85EF60FFAA1D46DE850A8525
:10CAE800EF60BFB21D46DA8513057100EF60FFB134
:10CAF80033392001B33490004146814508082307A3
:10CB08002101A3079100EF60FFA71946D6854808C1
:10CB1800EF60BFAF1946D2851305A101EF60FFAEE4
:10CB2800930404014146CE852685EF601FAE8A85B1
:10CB38002685EFF0BFF2930904024E86A68522856A
:10CB4800EF70A0562A891DE54146CE852685977047
:10CB5800FF1FE78080370C082685EFF03FF04E86F0
:10CB6800A6852285EF7060542A8946454146CE85C0
:10CB7800EF60BFA922859780FF1FE78020D7B640C6
:10CB880026444A8596440649F259625AD25A425B6B
:10CB9800B25B225C616182804D49D5B7011126CA1A
:10CBA80052C4AA842E8A13050003930530054AC887
:10CBB8004EC606CE22CC3289B6899780FF1FE78001
:10CBC80040C931CD2A84A6854146EF601FA493044D
:10CBD80004012146D2852685EF603FA3CA852146F8
:10CBE80013058401EF607FA213090402A6854A8613
:10CBF8002285EF70804BAA844146CA854E85EF6036
:10CC0800DFA022859780FF1FE78040CEF240624474
:10CC180026854249D244B249224A05618280CD44E0
:10CC2800F5B75D71A2C4A6C24EDE52DC86C6CAC084
:10CC3800AE89328AAA84EFE05FAD4059414681450A
:10CC48000A85EF603F9451C8035944006317990857
:10CC580083470400D9E30347140099476313F70493
:10CC680014081306C4049305C40213057400EFF0F6
:10CC7800FFF225E52285EFF02F9D2A860C080A850C
:10CC88009770FF1FE78060248A854A85EF10F0645B
:10CC98000545B640264496440649F259625A6161F0
:10CCA80082802C509DC9C54683D70501631BD708D0
:10CCB8006310FA022146C9054E85EF60DF92854769
:10CCC8006318F5002285EFF02F982A862C5045BF6F
:10CCD800930520032685EFF07FA22685EFE0FFA2CB
:10CCE8002A8435CD4C55A5CD83D7050163994707CF
:10CCF8002146C9054E85EF601F8F85472A89631035
:10CD0800F5064C540A8503C6A5019770FF1FE780F6
:10CD1800C01B83C7D18591C75C5483C7B701639F84
:10CD2800270DBD452685EF10905597A7FF1F9387C0
:10CD3800E7B99C5B0145B1DF1D45894582970145EF
:10CD480089BFE31CFAF82146C9054E85EF60BF8903
:10CD58008547E314F5F82C5003C6A5010DB7938752
:10CD6800B1A103C7070097A9FF1F938929B63E8978
:10CD7800058B05CF0347540083C741A16317F7020A
:10CD88001946938551A113056400EF60DF85854737
:10CD9800631DF50083A7090381C791451D45829747
:10CDA800BD452685EF10B04DE5B503C781A283A721
:10CDB800090321CB03470900098B09CB81C7954596
:10CDC8001D4582972685EF109051D9B581C78D45AD
:10CDD8001D458297414681450810EF60AFFA194614
:10CDE80097A5FF1F938505BB08109770FF1FE78065
:10CDF800C00D0C100A862E85EF70202B8A8526859B
:10CE080071B58545D5FF7DBF8147C1463307F5001C
:10CE1800B388F5000347070083C808003308F60005
:10CE28008507334717012300E800E391D7FE828086
:10CE38000147BD471308F00F3306F5008346060087
:10CE4800B388F500FD178606558F2380E800034751
:10CE5800060093F7F70F1D83E39007FF8280814751
:10CE6800930800F8414893F6F70F3387F50063FC01
:10CE7800C600B306F50083C606002300D700850761
:10CE8800E39307FF82806395C60023001701C5BF9F
:10CE980023000700EDB701114AC856C22E89AA8A95
:10CEA80093053005414506CE22CC26CA4EC652C44B
:10CEB800328A9780FF1FE780C099AA8493053005BE
:10CEC80041459780FF1FE780C0982A84CD49B5C0A7
:10CED80021CD41468145EF60EFEA2686A285568539
:10CEE800EF70A01CAA8929E18387040063D3070691
:10CEF800A2852685EFF0DFF34A8697150100938512
:10CF0800E5022285EFF05FF08307090063D8070484
:10CF1800A2854A85EFF0DFF15286971501009385C7
:10CF2800E5002285EFF05FEE26859780FF1FE780FA
:10CF3800E09B11C422859780FF1FE780209BF24069
:10CF480062444E85D2444249B249224A924A056116
:10CF58008280CA852685EFF0BFED7DB7D2854A85E8
:10CF6800EFF01FEDD1B739715AD05ECE2A8BAE8B58
:10CF780041459305300506DE26DA52D456D262CCF6
:10CF880066CA6AC8368C328DBA8C22DC4AD84ED62C
:10CF98009780FF1FE780E08BAA8A930530054145FB
:10CFA8009780FF1FE780E08A2A8ACD44638C0A08AD
:10CFB80049C52A86D6855A85EFF0FFEDAA8435ED56
:10CFC8009305300541459780FF1FE78080882A89AF
:10CFD8009305300541459780FF1FE7808087AA8920
:10CFE8006308090E6304050E1304FD00118413760B
:10CFF800FD003DCC7D144204418025EE131544000C
:10D008004E86D6855E95EFF03FE0414681454A85DC
:10D01800EF604FD7014D93170D01C18363F4870863
:10D02800BDC04A859780FF1FE780408C6387090051
:10D038004E859780FF1FE780608B56859780FF1F7E
:10D04800E780C08A63070A0052859780FF1FE78040
:10D05800E089F250625426854259D254B259225A74
:10D06800925A025BF24B624CD24C424D2161828053
:10D078000144131544008A855E95EFF05FDE4E8605
:10D08800D2850A8549B793154D000A86DE954A85EB
:10D09800EFF09FD74A868A855A85EF700001AA84E7
:10D0A800050D95BFBDFC0A86CE854A85EFF0DFD514
:10D0B8004A868A855A85EF60507FAA846686CA8523
:10D0C80062859770FF1FE78040E0A1BFCD4491BF04
:10D0D800CD44A9BF894761C2DDCD2300A60083C71F
:10D0E8000500A300F60083C715002301F60083C7D7
:10D0F8002500A301F60083C73500A302060023021A
:10D10800F60083D74500A183858BA302F60003D7D9
:10D1180045001377072009C793E72700A302F60005
:10D1280083D7450093F7074099C78347560093E78D
:10D138004700A302F60083D74500139747016358B9
:10D1480007008347560093E78700A302F6002303EE
:10D15800060083C74500858B2303F60003D74500E7
:10D16800098B09C793E727002303F60083D74500F7
:10D17800918B99C78347660093E747002303F6001E
:10D1880003D745008147218B19C7034766001367FA
:10D1980087002303E6003E8582802E86AA85054502
:10D1A8006FF05FF32E86AA8509456FF0BFF24DC96F
:10D1B8005971A2D42A8403554500A6D2CAD0CECE2E
:10D1C800D6CA86D6D2CCDAC8DEC6B68AB2892E8945
:10D1D800EFE0AFD3AA8439C50C182285EFE01FEB26
:10D1E80083470400138A6400A9CBEF706FF82A8B79
:10D1F800014583CB5400EF706FF5AA840C10081812
:10D20800EFF0BFF9084C2C10EFF0DFF9D288268A2E
:10D2180056C05E88D2875A8714103010CE854A854A
:10D22800EFF01F86B650265496540659F649664ABA
:10D23800D64A464BB64B65618280EF706FF3AA8B76
:10D24800014503CB5400EF706FF02ACE084C0C1048
:10D25800EFF0BFF42C100818EFF0DFF4F2484DBFE0
:10D268008280894791C909C9AD472380F500834762
:10D278000500A380F50081473E858280011122CCFC
:10D288004AC806CE26CA2A84EFE0FFC72A8901CDFC
:10D29800E147630EF50E2149F24062444A85D244C3
:10D2A8004249056182807C4C83C72701858B91CFD9
:10D2B8001C4C054783C727008D8B6398E70083477D
:10D2C800640093E717002303F4008344340089477C
:10D2D8006391F402035544008545EF80EF88834746
:10D2E800640093E747002303F4008D47A300F4008C
:10D2F80065B70D476390E402035544008945EF8004
:10D30800AF8683476400A300940093E74700230394
:10D31800F40059B71147E38FE4FA0547639EE40226
:10D3280093047400A300F400414681452685EF600C
:10D338006FA51306C4023285C14532C6EF708FB49B
:10D34800324622859306C401A685EFF05FE6228562
:10D35800EFE0DFE131D181B71547E39FE4F29304B1
:10D368007400A300F400414681452685EF608FA133
:10D378006C4C4146268589059770FF1FE780E0B40D
:10D388008347640093E747002303F4005DB70D4922
:10D3980021B7397122DC405926DA4AD84ED606DE42
:10D3A800AA89AE8432896307042003552500835770
:10D3B8004400638BA700A144F25062542685425969
:10D3C800D254B259216182808347040099E39D4475
:10D3D800E5B7AD47E3EDB7FE9387E5FF93F7F70FA2
:10D3E8002547E366F7FE171701001307A7AA8A0760
:10D3F800BA979C43BA978287B2852285EFF01FE8D7
:10D40800AA845DBF4146CA851305C4039770FF1FF0
:10D41800E780A0AB2285EFE0BFD8AA8411C1A14460
:10D428009547A300F40049BF9309C404CA8541463F
:10D438004E859770FF1FE78040A9130974001408F0
:10D448004E86CA852285EFF09FD641469305C403D0
:10D458000808EF604F998547E310F5F68A861306AA
:10D46800C402CE854A85EFF06FF311ED2285EFE017
:10D47800BF9D2A8703554400814601468A85EFE00F
:10D48800AFF6AA8411C1A144994761BF03471400AC
:10D498009D47E31EF7F27C5089EB930530057145F3
:10D4A8009770FF1FE780E03A68D068500DD1414679
:10D4B800CA859770FF1FE78040A12285EFE0DF98BB
:10D4C8007C50238DA700A147A300F4008144EDB54B
:10D4D8006850E30E05EE03471400A147E319F7EE81
:10D4E800835706009305290021462318F5004905AE
:10D4F8009770FF1FE780609D7C4C83D7470113F727
:10D5080027002DC3184C03574700098B21CFA54787
:10D5180065BF03471400A547E31BF7EA3C5481EBBA
:10D52800854559459770FF1FE780A03228D42854B5
:10D5380019C54146CA859770FF1FE7800099A9471A
:10D5480061B703471400A947E313F7E828541946BD
:10D558009305190041059770FF1FE78000977C4CE1
:10D5680083D74701918B95CF1C4C83D74700918B6C
:10D578008DCBAD4791BF7C5489EB93053005514560
:10D588009770FF1FE780E02C68D46854E30505E234
:10D598004146CA859770FF1FE78020937C547D57CA
:10D5A80098CB4E85EFF04F9B15B783450600EFF0FB
:10D5B800EF9429BFAD47E39BF5F0834606008355FA
:10D5C80025001306650003450500EF70AFF0FDBDAB
:10D5D80015C1AA8709458DC141112E8541469385FC
:10D5E800170006C69770FF1FE780208EB2400145DE
:10D5F8004101828009458280828089471DC595C581
:10D60800411106C603471500AE8719462380E50079
:10D6180093052500138517009770FF1FE780E08AA0
:10D62800B24081473E85410182803E85828015C196
:10D63800AA8709458DC141112E854146938517005A
:10D6480006C69770FF1FE7804088B2400145410138
:10D65800828009458280828089471DC995C9411108
:10D6680006C60347250083461500AE872207558F57
:10D678002390E50021469305350013852700977010
:10D68800FF1FE7808084B24081473E854101828048
:10D698003E85828015C1AA8709458DC141112E8515
:10D6A80041469385170006C69770FF1FE780E08103
:10D6B800B240014541018280094582808280094744
:10D6C80011CD89CD83471500A14601472380F50078
:10D6D800FD1793F7F70F63F3F60061473A858280E9
:10D6E80015C1AA8709458DC141112E8541469385EB
:10D6F800170006C69760FF1FE780207DB2400145EE
:10D70800410182800945828082808947630905102A
:10D7180063870510411106C622C426C28347150037
:10D728002E842380F50083472500A380F5008347D6
:10D7380035002381F50083474500A381F500834721
:10D748005500858B9396870083D7450093F7F7EFAD
:10D75800D58F2392F5008346550093F7F7DFA2068D
:10D7680093F60620DD8E2392D5000347550093F6E5
:10D77800F6BF220713770740558F2392E5008347AA
:10D788005500FD769386F67F8D83858B758FAE0762
:10D79800D98F2392F50083466500F99B858ADD8E33
:10D7A8002392D500034765009377270013F7D6FF28
:10D7B8005D8F2392E5008347650093F647009377D2
:10D7C800B7FFD58F2392F50003476500DD9B4D45D4
:10D7D800218BD98F2392F500EF701F99AA845145A8
:10D7E800EF709F980347340093F4F40F1375F50F07
:10D7F800C94763609702636EE500834604001147DA
:10D80800E1476368D7008346140005476363D70080
:10D818008147B240224492443E85410182803E8540
:10D82800828015C1AA8709458DC141112E854146BF
:10D838009385170006C69760FF1FE7800069B2400E
:10D84800014541018280094582808280797122D414
:10D858002A84084506D626D22306010083440500FB
:10D8680029479387F4FF93F7F70F6362F70C1707BD
:10D8780001001307A7648A07BA979C43BA9782875F
:10D888000C08EFF09FE8C9476312F5029947230691
:10D89800F100035524006C00EFF06F87B25022545A
:10D8A8009254456182800C08EFF0DFDE29C9834776
:10D8B800C100E5F303552400EFE03F82C5B70C082B
:10D8C800EFF01FE2E5B70C08EFF07FDFC5B70C08F3
:10D8D800EFF01FD0E1BF0C08EFF01FD8C1BF0C0854
:10D8E800EFF0FFD4E1B70C08EFF03FD1C1B70C0857
:10D8F800EFF03FF365BF834715002308F100035598
:10D908002400EFD09FE0A14705C10347C50063127B
:10D91800F7029387C19B98439D4719C7184309C7C6
:10D928001008A6850297AA872306F10049B79D47E4
:10D93800B9BF9387019CC5B7411122C406C60347E6
:10D948000500930720092A846312F70A8347150004
:10D9580039476393E70283564500096761078147A2
:10D968006391E6081C452244B24003C5070093852D
:10D97800170041016FE04FCF1307E0036396E708F4
:10D98800034725009547631DF70203554500EFD06F
:10D99800FFF691476304F5008547A1A09387019C92
:10D9A8009C43FDDB03A38700E30803FE0356E40062
:10D9B80003554400930564002244B24041010283A8
:10D9C800A147631BF70083456400035544002244C4
:10D9D800B24041016FE0DFE5930600038147E304AD
:10D9E800D7FEB24022443E85410182809306000A58
:10D9F8008147E318D7FEEFF07FE5084451DD9770C3
:10DA0800FF1FE780A0EE49BF8147E1BF411122C453
:10DA180026C206C62A84EFE00FCFAA8419C9E147B7
:10DA2800630FF50AA144B24022442685924441017D
:10DA380082802285EFE09FC16C4C83C72501858BCE
:10DA480091CF1C4C054783C727008D8B6398E7004F
:10DA58008347640093E717002303F40083473400E7
:10DA680009476391E702894503554400EF70DF8F4A
:10DA78008347640093E747002303F4009147A3001A
:10DA8800F40055B79386D7FF93F6F60F05466364FF
:10DA9800D6008545D1BF6390C702A300E400414684
:10DAA800814513057400EF50FFADC1451305C4024D
:10DAB800EF605FBD8DBF9546E397D7F6A300E400FE
:10DAC80041468905130574009760FF1FE780E03F12
:10DAD8008347640093E747002303F400F9B78D44B4
:10DAE80099B7797122D4405926D24AD04ECE06D65B
:10DAF800AA89AE8432896309042003552500835717
:10DB08004400638BA700A144B250225426850259D1
:10DB18009254F249456182800347040085476314A3
:10DB2800F7009D44D5B79387F5FF93F7F70F25477F
:10DB3800E369F7FE170701001307073B8A07BA973F
:10DB48009C43BA978287B2852285EFF03FECAA847E
:10DB580065BF4146CA851305C4039760FF1FE78068
:10DB6800C0360347140091476305F7029306C401C2
:10DB78001306C402930574002285EFF04FE3228553
:10DB8800EFE0CFDEAA8411C1A1449547A300F400B9
:10DB9800A5BF8D47A300F4008144BDB79307C40413
:10DBA8003E85CA8541463E899760FF1FE780E03180
:10DBB8008A864A86930574002285EFF04FDF414636
:10DBC8009305C4030A85EF501FA28547E31EF5F2AB
:10DBD8002285EFE0EFDCAA841DF5994745BF03478E
:10DBE8001400B147E31FF7F27C5089EB9305300529
:10DBF80071459770FF1FE780C0C568D0685015D180
:10DC08004146CA859760FF1FE780202C2285EFE0F8
:10DC1800AFA37C50238DA700B547ADBF6850E30282
:10DC280005F003471400B547E31DF7EE83570600D8
:10DC38009305290021462318F50049059760FF1F21
:10DC4800E780A0287C4C83D7470113F707203DC302
:10DC5800184C035747001377072029CFB9471DBF32
:10DC680003471400B947E31EF7EA3C5489EB9305D0
:10DC7800300559459770FF1FE780A0BD28D4285468
:10DC880019C54146CA859760FF1FE7800024BD4734
:10DC980011B703471400BD47E315F7E828541946A0
:10DCA8009305190041059760FF1FE78000227C4C0F
:10DCB80083D7470193F707409DCF1C4C83D7470074
:10DCC80093F707408DCBC147F1B57C5489EB930599
:10DCD800300551459770FF1FE780A0B768D4685496
:10DCE800E30305E24146CA859760FF1FE780E01D10
:10DCF8007C547D5798CB03D529008145EFE01FA0C0
:10DD080061BD83450600DDBF8547E397F5E8032835
:10DD1800460083473600034726008346160083558E
:10DD28002500034606000145EF60BFF1B5B50111B6
:10DD380026CA06CE22CC89441DCD95CDAA842E8430
:10DD480068008D45EF601F948347E1002685228691
:10DD580093F7F70393E707046C002307F100EFE05C
:10DD6800FFC7AA8409E90D466C00130534009760C3
:10DD7800FF1FE7808015F24062442685D244056182
:10DD880082805D714EDE86C6A2C4A6C2CAC052DCBD
:10DD980056DA5AD85ED6894955C54DC6138B450003
:10DDA800420B135B0B01AE8A2A8A930530055A850C
:10DDB800B2849770FF1FE780C0A92A84CD4959C152
:10DDC800EF603FBD2A895686D285935A8900135A37
:10DDD8000901937BF90F1305440093FAFA0F137A9C
:10DDE800FA0F13598901EF505F82A30174012301CF
:10DDF8005401A300440123002401EF60DFB8AA8581
:10DE080041460808EF507F80214734005A86A28592
:10DE18000808EFF04F95AA890DE121462C002380D0
:10DE28007401A380540123814401A3812401138533
:10DE38004400EF508FFDEF60BFB622859770FF1F3B
:10DE4800E780C0AAB64026444E8596440649F25952
:10DE5800625AD25A425BB25B61618280011106CE7E
:10DE68002AC6EFD0DFF8324599452385A19CEFC03B
:10DE7800EFABF24017F5FFFF1305E5B005616FD072
:10DE8800FFA083C7B19CA18B1777FF1F130787ECEF
:10DE980091E3014723AEE19A01458280797152CC22
:10DEA8002A8A2E8506D622D426D24AD04ECE2EC60F
:10DEB800EFD0BF8545C5405945C4834734008949DB
:10DEC800F91793F7F70F63EDF90883574400B24544
:10DED80089446394B706130974004146D2854A857C
:10DEE8009760FF1FE78060FE1306C4023285C145B4
:10DEF80032C6EF602FF932469306C401CA852285DF
:10DF0800EFF0EFAA03470400834714000DC30D4741
:10DF180081446394E702A300340122852254B2505D
:10DF280092540259F249624A45616FE02FA41147A1
:10DF3800639EE700A30094008144B25022542685D2
:10DF480002599254F249624A456182800D478144E0
:10DF5800E395E7FE9547A300F400C1B78944F1BFF4
:10DF6800C944E1BF79719397050122D406D626D218
:10DF78004AD04ECEC1872E8463D1070403C5A19C25
:10DF8800EF508FAD2AC611CDEFF01F9BB24519E5B2
:10DF980003C5919C9307F00F631EF5002E85EF5083
:10DFA8000FA52165218DB250225492540259F2498D
:10DFB80045618280EF50CFB0EDB793F7150091C758
:10DFC800EFE0BF8113451400F9BF8DE90145E1BFBA
:10DFD800850493F4F40FEFD01F8BE3F9A4FE339577
:10DFE80099001319050113590901B3772401EDD3D9
:10DFF8004A85EFE05F9C3345240175B78544854920
:10E00800D9BF39C9011126CA06CE22CCAA8409452E
:10E018009DCD0D4628002E848D059760FF1FE78053
:10E02800C0EA8347A10070002C0093F7F70393E739
:10E03800070426852305F100EFE05F9A09E90D46FC
:10E04800A2856800EF502FDA7D153335A000F24025
:10E058006244D244056182800945828083C7B19CAD
:10E06800918B1777FF1F1307A7CF91E3014723A0D1
:10E07800E19C01458280011152C42A8A32854EC62C
:10E0880056C25AC006CE22CC26CA4AC82E8BB28A9D
:10E09800B689EFD08FE709ED8944F24062442685BE
:10E0A8004249D244B249224A924A024B05618280CF
:10E0B8005C592A89C544F5F34D45EF70EF8A13740E
:10E0C800F50F5145EF704F8AE38809FC83C7890132
:10E0D800E3E487FC1375F50FE360F5FC9305300561
:10E0E800130500079760FF1FE780A076232AA9027F
:10E0F8002A84CD445DD1130600078145EF508FC8AF
:10E10800A3000400230044012301640123125401E5
:10E11800232E3405232C0400A301040063170A00EE
:10E128008547A300F40081448DBF2285EFE00FD21C
:10E138008547A300F400AA842DD14A85EFE08FD546
:10E14800A9BF397122DC06DE26DA4AD84ED652D467
:10E1580056D25AD05ECE62CC66CA0944630F060E08
:10E16800630D070EAA8B3A89368BB28A2E8CEFD0B4
:10E17800CFD92A8A51446302050E930530054145DB
:10E188009760FF1FE780E06CAA894D4479C58344F6
:10E19800190083472900A204C207BE9483470900D7
:10E1A800BE9483473900E207BE9483278A0263E658
:10E1B80097007D570944639DE70863070C00834770
:10E1C8004A000544898BC9C7930C4B0021468145F9
:10E1D8000A85C20CEF500FBB93DC0C019305300588
:10E1E80066859760FF1FE780C0662A8C4D442DC165
:10E1F8005A86D6851105EF504FC11146CA856285EA
:10E20800EF50AFC0414693058A014E85EF50EFBFEE
:10E2180021478A866686E2854E85EFE0DFD42A8428
:10E228001DE121468A852800EF502FBE214693051F
:10E2380049002800EF502FBB8547631EF502A685CD
:10E248005E85EF704F9D62859760FF1FE780006ACB
:10E258004E859760FF1FE78060692285F2506254FF
:10E26800D2544259B259225A925A025BF24B624C2A
:10E27800D24C216182800544F9B7397162CC2A8C6D
:10E28800594526DA4AD84ED652D456D25AD05ECEFE
:10E2980006DE22DCAE8B328BB68A3AC63E8AC2894B
:10E2A800468983440104EF405FF72DCD916793873A
:10E2B80017E92310F50085472301F5002A84324722
:10E2C800210563080C0493071003A301F400194601
:10E2D8008145EF502FAB23036401A3035401230AA4
:10E2E80094002312740123174401231834012319BD
:10E2F8002401A2856254F250D2544259B259225A8A
:10E30800925A025BF24B624C03C5819C21616F40BB
:10E318003FFBA30104001946BA859760FF1FE780F9
:10E32800C0BA55BFF2506254D2544259B259225A17
:10E33800925A025BF24B624C21618280011122CC1D
:10E348002A84314506CE2EC632C436C23AC0EF40C2
:10E35800DFEC1DCD9167938717E92310F5008D47F2
:10E368002301F500A3018500B245224692460247E3
:10E378006244F2402312B5002313C5002314D500CC
:10E388002315E500AA8503C5819C05616F405FF3ED
:10E39800F24062440561828001114AC82A893945E0
:10E3A80026CA06CE22CC2EC6B284EF401FE721C172
:10E3B800B2459167938727E92310F5009147A30198
:10E3C80025012312B5002A842301F500A685190525
:10E3D80021469760FF1FE78040AFA2856244F24064
:10E3E800D244424903C5819C05616F407FEDF240EC
:10E3F8006244D24442490561828001114AC82A898F
:10E40800414526CA06CE22CC2EC6B284EF40FFE094
:10E418001DCD9167B245938727E92310F5009547ED
:10E428002A84231225012301F50021461905976046
:10E43800FF1FE78080A9A285231794006244F24059
:10E44800D244424903C5A19C05616F407FE7F24071
:10E458006244D244424905618280011122CC2A8457
:10E46800394506CE2EC632C436C23AC0EF40FFDA6E
:10E478001DCD9167938717E92310F500994723016C
:10E48800F500B245224692460247231285006244AF
:10E49800F2402313B5002314C5002315D500231615
:10E4A800E500AA8503C5819C05616F407FE1F240C4
:10E4B800624405618280797122D406D62A842EC6E8
:10E4C80032C436C23AC0EFD04FA41DC1B24522466D
:10E4D80092460247231CB100231DC1002C081306D5
:10E4E800F00F2285231ED100231FE100EFD02F94C7
:10E4F800B250225445618280011122CC2A843945C8
:10E5080006CE2EC632C436C23AC0EF401FD11DCD4A
:10E518009167938717E92310F5009D472301F500BC
:10E52800B245224692460247231285006244F240D1
:10E538002313B5002314C5002315D5002316E500C1
:10E54800AA8503C5819C05616F409FD7F24062444C
:10E55800056182805D712AC613052002CAC04EDE9D
:10E5680052DC56DA5AD85ED662D466D26AD086C6EB
:10E57800A2C4A6C26ECE2E8CB28B368B3AC43E8D08
:10E58800C28CC68A035A010583594105034981058E
:10E59800EF40BFC84DCD91663243938616E9A9472F
:10E5A8002A842310D5002301F500930DE4002105EA
:10E5B8009304440122476305030693071003A3014C
:10E5C800F40019468145EF40FFFB194681456E85E9
:10E5D800EF405FFB194681452685EF40BFFA2303CC
:10E5E8007401A30364012300240323128401231D5F
:10E5F8005401231E4401231F3401A2852644B6403A
:10E6080096440649F259625AD25A425BB25B225C7E
:10E61800925C025DF24D03C5819C61616F405FCAE7
:10E62800BA85A301040019469760FF1FE780E089B7
:10E63800EA856E8519469760FF1FE78000891946AD
:10E64800E68526859760FF1FE780208849BFB6408A
:10E65800264496440649F259625AD25A425BB25B42
:10E66800225C925C025DF24D61618280011122CCD4
:10E678002A84214506CE2EC632C4EF401FBA0DC5E6
:10E688002246930710592310F50023018500B2454F
:10E698002303C5006244F2402312B500AA8503C5CE
:10E6A800819C05616F40DFC1F24062440561828050
:10E6B800011122CC2A84214506CE2EC632C4EF4051
:10E6C800DFB50DC922469167938727E92310F50026
:10E6D800A1472301F500B24523038500A303C50024
:10E6E8006244F2402312B500AA8503C5A19C0561C6
:10E6F8006F401FBDF240624405618280011122CC47
:10E708002A84314506CE2EC632C436C23AC0EF40FE
:10E71800DFB005CD22468567938717C92310F5001A
:10E7280023018500B2452303C5009246024762448F
:10E73800F2402312B5002314D5002315E500AA855D
:10E7480003C5819C05616F40BFB7F2406244056113
:10E758008280011126CAAE844AC82A891385C4005A
:10E7680006CE22CC32C6EF405FAB0DCD8567B245F1
:10E77800938717E923019500231225012A84231082
:10E78800F500310508C426869750FF1FE780E0731F
:10E79800A2856244F240D244424903C5819C056186
:10E7A8006F401FB2F2406244D24442490561828000
:10E7B800011122CC2A84194506CE2EC6EF40FFA5AA
:10E7C80015C58567938717F92310F5008547230139
:10E7D8008500A301F500B2456244F2402312B5005A
:10E7E800AA8503C5819C05616F409FADF2406244D4
:10E7F80005618280411122C42A840D4506C6EF4076
:10E80800DFA115C1930710F92300F500E947A3001C
:10E81800F500230185002244B240AA8503C5819CE6
:10E8280041016F40FFA9B240224441018280011199
:10E8380022CC2A84214506CE2EC6EF401F9E1DC538
:10E848009167938727E92310F500930700032301B5
:10E85800F500B245230385006244F2402312B50057
:10E86800AA8503C5A19C05616F409FA5F24062443B
:10E87800056182800111214506CE2EC632C4EF40C3
:10E88800DF9915C58567938707392310F500B245C9
:10E89800224685472301F500F2402312B5002313D1
:10E8A800C500AA8503C5819A05616F407FA1F24022
:10E8B80005618280797122D44AD04ECE56CA06D6D6
:10E8C80026D252CC5AC8894AAA8932843689639A90
:10E8D8005511938A019A83C7019A568A8944C1C3FC
:10E8E80083C7160003C70600A207D98F2397F19C98
:10E8F8001307C6FF6399E70831452EC6EF40FF911D
:10E90800AA8435CDB245420441802302B5002313C1
:10E918008500930700F91504A1652310F50023115C
:10E928003501850522859760FF1FE78080F288C43E
:10E9380031C183C70A009305E9FF13562400FD1768
:10E948002380F19A9750FF1FE780205A9C44A685A0
:10E9580003C5819A89079CC4EF409F968144B250B1
:10E968002254268502599254F249624AD24A424BAD
:10E978004561828026859760FF1FE78020F72396F0
:10E98800019C8544E9BF1307D6FFE3CAE7FE83C7A6
:10E99800419C89CB9387019D884309C59760FF1FD8
:10E9A800E780C0F403D5E19C1105A1654205850502
:10E9B80041819760FF1FE780C0E923A8A19C71D11E
:10E9C80083470A002286CA85FD172380F19A97504B
:10E9D800FF1FE780804F2396819C85472382F19C07
:10E9E800B5BF83D7C19C138BC19CC1DF03D7E19C02
:10E9F800138A019DB386C700110703250A006344E3
:10EA0800D7063E95CA859750FF1FE780004C0356EE
:10EA18000B0081443294420441802396819C83D721
:10EA2800E19C9107E31DF4F23145EF400FFFAA8501
:10EA38000DC9930700F92310F50083570B00231124
:10EA48003501230255012313F50083270A001CC54D
:10EA580003C5819AEF40DF862396019C2382019C9F
:10EA6800FDBD03250A0009C59760FF1FE78000E880
:10EA78002396019C2382019C29B76F70A0236F7095
:10EA8800C024411106C6EF706024B240014541011F
:10EA980082806F70E0266F70E0286F70002C6F70B6
:10EAA800002E6F70E02F6F70C0316F70A0336F70E1
:10EAB80080356F7060376F7060396F70403B6F7072
:10EAC800403D6F70403F6F70E0408347160003463B
:10EAD8000600A2075D8E6F7020426F7060436F70F2
:10EAE80020466F70E0486F70A04B6F70804E6F705B
:10EAF800A0506F70C0526F70E0546F7000571307CA
:10EB0800A5FF420785672A8841831385A7C7636CD9
:10EB1800E502138707C801456368B70263E6050382
:10EB28001307301F6362C702138766FF42074183DA
:10EB3800938767C763EAE70005063306B6028E06C1
:10EB48003325D60082800145828011C983270509B3
:10EB580093E707402328F508FD572300F502828034
:10EB6800011122CC06CE2A84034505029307F00F33
:10EB78002E866309F5002EC6EF40FFD93246FD57B1
:10EB88002300F402834734020357C40393060402A4
:10EB980093E70706A301F40283574403A285F240D2
:10EBA800BA97231DF402624417050000130525FADD
:10EBB80005616F407FC4011122CC06CE2A8403452B
:10EBC80015029307F00F2E866309F5002EC6EF4055
:10EBD8009FD43246FD57A300F40293061402A2857F
:10EBE8006244F24017150000130525FD05616F40CA
:10EBF800BFC0011122CC06CE2A8403452502930703
:10EC0800F00F2E866309F5002EC6EF40DFD032469E
:10EC1800FD572301F40293062402A2856244F240C0
:10EC280017150000130505FC05616F40FFBC9787A9
:10EC3800FF1F938767ED03C70702ED46A30DE51293
:10EC480003C71702230EE51203D72702A30EE51206
:10EC58002183230FE51203C74702A30BE51203C75D
:10EC6800570283D767022311D514230CE512A30C8E
:10EC7800F512A183230DF512B7071B00938787149C
:10EC88002322F514930780142314F514ED47130772
:10EC98008004A306F514854723070514A307E51484
:10ECA8002308F514A308D51423090514A309E514AA
:10ECB800230AF51482800357E50395470356250375
:10ECC800B307F7028356E50293D537406355B6007C
:10ECD800118F93173700B3C7D702C207C183231E0A
:10ECE800F50282808327C50E0D469306F00F03C7F1
:10ECF80007000D8B2305E5006314C70083C62700B2
:10ED0800A30AD50003C70700418B2308E50083C782
:10ED18001700A305F50082800327050F630307107A
:10ED2800411122C406C683478500032605152A8497
:10ED380093F7C70F2304F500834597002182835674
:10ED4800C700420613958501418261856375D60621
:10ED5800635E05040345870093F5F507A304B70030
:10ED6800854593E627006314B50093E6170023044E
:10ED7800D4005C4389075CC31376F60FA304C40070
:10ED88000325840E4C4309059750FF1FE780E013C5
:10ED98008327040F03469400D44303D7C700B296D1
:10EDA800118FD4C32396E700894715A893E7170066
:10EDB8002304F400D1B713F6F60F635B050403458B
:10EDC8008700854593E627006314B50093E617008E
:10EDD8002304D400A304C400A30407008547A30B9D
:10EDE800F4008327040F01459C4399CF0347A402ED
:10EDF8009787FF1F83C797AE6378F7008347840020
:10EE080093E707012304F400B240224441018280C1
:10EE180093E717002304F400A304C400A304070025
:10EE280085B70545828083478500CD9B2304F5007F
:10EE380082808327C50E0347850083C70700935642
:10EE480037408987B58F858B99C713478700230477
:10EE5800E50001458280054582808327C50E03476A
:10EE6800850083C70700935627408D87B58F858B0C
:10EE780099E7134747002304E500014582800545CB
:10EE880082808327050C85072320F50C91E78327CB
:10EE9800450C85072322F50C8327450C93F70708B3
:10EEA80091C785472320F50C2322050C834735029B
:10EEB80093F7070491CF835745030357C503BA97C0
:10EEC800231DF5028327450993F7F7BF232AF50881
:10EED80082808327850C85072324F50C91E78327F7
:10EEE800C50C85072326F50C8327C50C93F707085F
:10EEF80091C785472324F50C2326050C8347350243
:10EF080013F7070409C793E70702A301F5028280F4
:10EF18009787FF1F938747BFBC470145054791E384
:10EF2800828083C677006393E60005059C43C5BFCE
:10EF3800411122C491452A84014506C6EF40BFD835
:10EF48002315A4041787FF1F0357C7C1854763F418
:10EF5800E70483574403835624050355C4041787DD
:10EF6800FF1F130767BA9D8EB386A602832704087E
:10EF78008328870485451303F5FF130E8002BE9688
:10EF880083270415A183C207C18393872702858736
:10EF9800AD0763E66500B2402244410182803388B0
:10EFA800C50346877D56369801E72315B404E5B7AF
:10EFB8006314E400184075DB832EC7076398AE001E
:10EFC800032607083306C8403376A6026364F600B2
:10EFD8001843D9BF890575BF1787FF1F035787B81F
:10EFE800854763FDE706832705158345950417873D
:10EFF800FF1F130767B1A183C207C1839387270245
:10F00800032387048587AD07FD150546130E800287
:10F018006363B6008280B306C603032705087D58DC
:10F02800BA961A8701E72315C50482806314E500A0
:10F03800184175DB832EC7078328C507639A1E010D
:10F04800832807083388D84063E4160133881641BB
:10F058006364F8001843F9B705065DBF8280178717
:10F06800FF1F035727B0854763F0E70E41119787C5
:10F07800FF1F938767A922C4A04706C626C2A28796
:10F0880089EB09EC230C0500B2402244924441016B
:10F09800828003C7A7016DFB9C43DDB76314A400FE
:10F0A80000406DD083477400D1EF785C7C5D630BC2
:10F0B800F7080347850193070008AA84631BF70430
:10F0C8008357E4021946930500082314F50623150F
:10F0D800F506835704032317F504835724032318DD
:10F0E800F50403554500EF30C0008547238DF40033
:10F0F80083C7840193F7F707238CF4001305C4052D
:10F108002244B240924431469305F00F41016F40CA
:10F118006FC78357E5021946930500082314F406C0
:10F128002315F406835705032317F404835725038F
:10F13800035544002318F404EF20B07B8947230DBE
:10F14800F4006DBF004035BF230C050082804111DB
:10F1580026C206C622C41787FF1F0357A7A08547E4
:10F16800AA8463F8E71A8347050E898B6383071A15
:10F178009787FF1F93874799B847BA85C1E183A747
:10F18800041501447D58A183C207C18393872702D0
:10F198008587AD077D5525EB630C04108347740004
:10F1A8000357E402C5EB89472316E404A304F404D7
:10F1B80003574405835744032285BA97C1071D8B1B
:10F1C800998F2319F404835704032317F4048357EE
:10F1D80024032318F404EFF0BFD58327440993E7E9
:10F1E8004700232AF4088547A30CF4008D47230D14
:10F1F800F400B240224492444101828083C7A501B1
:10F20800EDFB8C41A5BF144363149700D1D6368714
:10F218000326070883A604086361D602B306D6400E
:10F22800F05C6374D600B3F6C60263F6A6003685B2
:10F2380063F3F600BA851843B9BF918E705F6374A3
:10F24800D600B3F6C602E3F806FF3688E3F5F6FE05
:10F258003A84D5B783D7E402B3F7E702D9FB9D46D2
:10F26800994763F5E600935717008D070567231440
:10F27800F406130707C88A076353F700BA872315EC
:10F28800F406835704030355440013066008231744
:10F29800F40483572403930500082318F404C9478A
:10F2A800230DF4002244B240924441016F2070645F
:10F2B800ADC103D7E40283D7E502B3F7E702B1EBA8
:10F2C8008387840163D707049D46994763F5E60061
:10F2D800935717008D0705672394F406130707C88B
:10F2E8008A076353F700BA872395F40683D7040384
:10F2F80003D54400130660082397F40483D7240336
:10F30800930500082398F404CD47238DF400EF20DB
:10F31800505E238C0400F1BD1787FF1F03578784B5
:10F32800854763FDE720397122DC26DA4AD84ED6B4
:10F3380052D456D25AD05ECE66CA06DE62CC6AC8AD
:10F348006EC6032C05155149AA8C135C8C00420C1F
:10F35800135C0C01130C2C02135C1C402D0C33594C
:10F368002C037945E5449777FF1F9387E7791306C0
:10F378001027814681457D6AA0478569B70A020042
:10F38800930B8A84938909C8130A0A408D0A3305A6
:10F39800AC02B3049C02EFB090552A8BA58005E01F
:10F3A800F2506254D2544259B259225A925A025BCC
:10F3B800F24B624CD24C424DB24D21618280639532
:10F3C8008C0003A40C0069DC8347A401E9E3785CA2
:10F3D80083A7CC0763EDE70A03A50C088327040875
:10F3E8006367F50A177DFF1F034D8D4F931D8D0130
:10F3F80093DD8D411D8DDE8763C70D0093761D005B
:10F40800D28791E2D6876374F5086374A7003375D1
:10F41800E502637E8507935717006373FC00E28754
:10F42800AA9763D80D067945130610278146B3B508
:10F43800A7023385A702EFB0904B930715008546C6
:10F448006387D704034674000357E4023DE223169A
:10F45800E4040357040385832315F4042317E40401
:10F46800035724032318E4040947A304E40483D7B7
:10F478004C03A30CD400A9072319F40483274409D7
:10F4880093E74700232AF4089147230DF40000402E
:10F4980039B713771D0009C7514533D5A70271BF86
:10F4A80065473385E702B3B7E7022581DE075D8D3F
:10F4B80069B783D6EC0263FFE602B3F6E602DA87A1
:10F4C80063C70D0013761D00CA8711E2A68785075A
:10F4D800858363E1F602DA8763C80D00137D1D009A
:10F4E800A68763030D00CA8785078583B307F7409E
:10F4F800E3FFD7F89D46994763F5E6000583930730
:10F5080037002314F4061397270063D3E9004E87C6
:10F5180083570403035544002315E4062317F40412
:10F528008357240313066008930500082318F4047E
:10F53800D147230DF400EF20D03B91BF8280938701
:10F54800419D9C43411122C406C6858B2A84B5EF90
:10F558004165130525F5EF00504425C98347E500AB
:10F568002317F5008327840FA1EB232CA40E232E49
:10F57800A40E8547231BF402232005008347B4000B
:10F588002316F5008347A4002304F5008547A30448
:10F59800F5009777FF1F83D7A75785072285177729
:10F5A800FF1F2317F7569750FF1FE78060BF0145DD
:10F5B800B2402244410182808327C40F88C3835705
:10F5C8006403232EA40E850775B783478400230898
:10F5D8000400054593C747002304F400D1BF97777B
:10F5E800FF1F83C7973263800712411126C206C6E0
:10F5F800AA8422C44AC07D55CDC89777FF1F938738
:10F60800A750B8475DC31779FF1F1309292C0305B5
:10F6180049019775FF1F83C5352D85057D5405481C
:10F62800B708C0A8130E000C834677008327070885
:10F63800639906050353070783560703637DD306BB
:10F648000346D700631906070326070F2DE603268E
:10F65800470935E20346F700631FC605705FB386A6
:10F66800664079163306D60283264708B356D60273
:10F67800B297AE96C206C182231BD7066350050413
:10F68800958F63F387003E84184359FF9387019150
:10F698009C4382976368A402B307A4409CC09C4023
:10F6A80035476361F70423A00400B2402244924422
:10F6B80002494101828083566707C9B7E3F2D7FC44
:10F6C800C6977DBFB307854063DB07008307490101
:10F6D800E3C407FCB707C0A8A297898FC1B723A0C6
:10F6E800040075BFCD179CC08307490163D5070087
:10F6F800130534FF5DBFB147E3EC87FE3705C0A8AB
:10F708004D1522955DB77D5582809387819D9843DD
:10F71800011126CA06CE22CC4AC84EC6AA8435C7CD
:10F728003E891777FF1F0357E7438547631FF70491
:10F738001777FF1F130787198306470183270508D3
:10F7480003546507BA8963DD0604338487409387C9
:10F7580001919C438297636BA404B307A440177577
:10F76800FF1F03458518058103270900637CF506FB
:10F778003385A7409777FF1F83C78716939687011E
:10F78800E18663D3060416050297F24062449307A4
:10F7980000FB2386F4004249D244B24905618280C5
:10F7A800E3F587FA3707C0A8BA9745B73307854006
:10F7B8008147E35607FA83874901E3C007FAB70789
:10F7C800C0A8A297898F61BF858B99C79307803E90
:10F7D8003305F50215814DBF9307D0033305F502B4
:10F7E80005815DB701454DB79777FF1F9387C731EF
:10F7F800FC4B411122C426C206C62A84AE846396F5
:10F80800A7009777FF1F23AB07348327840F81CB8B
:10F8180003554400014693050008EF20900D8357D7
:10F82800840381CB035544004D4693051008EF200F
:10F83800500C03554400154693051008EF20700B33
:10F8480023030400A3060400230494041777FF1F6E
:10F8580003574731854763E6E70085450145EF4093
:10F868000F9BB24022449244014541018280834764
:10F8780065006380073483570507411122C406C613
:10F8880085072318F5068347F500230F05002A840A
:10F898001397870161876344070203574503954718
:10F8A80063E4E700014501A89305E003EFF0DFF307
:10F8B8002301A4040945B24022444101828013F780
:10F8C80007022DCB93F7F7FDA307F500832705095A
:10F8D800034775002301050493E747002328F5082B
:10F8E80085476319F704032745087C5D9776FF1F52
:10F8F80083C606FF13968601B3D7E7021777FF1F63
:10F90800034797FE61869107BA97C207C183231AF6
:10F91800F50686071397070141838347B502635DA0
:10F9280006129306204EB387D702BD079583BA9770
:10F938002319F4068347E40013F71700630F07221F
:10F948008357240503574403639AE7208357040326
:10F958008355040503452402231AF40483479404B9
:10F968002319B4029205A305F4028357A404F915D8
:10F978002316F4028357E4042318F402EF40CF80DF
:10F9880003467400231804069776FF1F83C646F5BE
:10F998008357C4020357C404631B06129395860158
:10F9A800E1850326040863D9050C1305204EB387A7
:10F9B800A702BD0795835106B29763C905003706AC
:10F9C800C0A863E5C70037064057B2972320F4085C
:10F9D8002317E40263D3050C9307204EB307F702FD
:10F9E80095837CDC63DA050C06079377E701230E21
:10F9F800F40083574403230204022313F4028347C9
:10FA0800A40181C72285EFF02FDD8347F40093E737
:10FA18000702A307F4008347E400F99B2307F400D7
:10FA28008347340293F70704E38E07E60357A403DA
:10FA380083574403E318F7E60347D4009307200AE3
:10FA48006315F7008547A306F4008327440993E765
:10FA58000740232AF408B9B5858A91C6930680021F
:10FA6800B387D702E9B585669386B647B387D702C9
:10FA7800938707049D8365BD13F5160011C513050B
:10FA88008002B387A70205BF05651305B547B3878D
:10FA9800A702938707049D8339BF93F7160091C780
:10FAA80093078002B307F7022DBF85679387B7478F
:10FAB800B307F7029D8335B7858A81478DFA856735
:10FAC8009387B747B307F7028983FD8B0DB79395E3
:10FAD8008601E1859DC70326040863D00504130544
:10FAE800204EB387A702BD079583B29763C9050067
:10FAF8003706C0A863E5C70037064057B2972320EA
:10FB0800F4082317E40263DB05029307204E33074A
:10FB1800F7023D07158378DCCDBD13F5160011C536
:10FB280013058002B387A702C9B705651305B54752
:10FB3800B387A702938707049D8345BF858A91C62B
:10FB4800930780023307F702F9B785679387B747AA
:10FB58003307F702130707041D8375BF998F13979F
:10FB68000701E35F07EA930580022285EFF0DFC70C
:10FB78002301A404130580023DBB898BE38207EAB5
:10FB88000357A41083574403B306F740139606019E
:10FB9800E34B06FCE316F7E81546930554101305E6
:10FBA80004109740FF1FE78040328347E400F59B2D
:10FBB800B5B50545828005C541119305200222C4CB
:10FBC80006C62A84EFF05FC2FD572301A404A306EA
:10FBD8000400A300F402B2402244410182808280E2
:10FBE8000DC9411122C406C68307F5002A8493056E
:10FBF800E00363D30700A145EFF01FBFFD572301C2
:10FC0800A404A30604002301F402B24022444101E3
:10FC1800828082801776FF1F130606EF3846630E30
:10FC28000746797126D29774FF1F938424CA838864
:10FC380044012C4A06D622D44AD04ECE52CC56CABB
:10FC48005AC85EC601457D583703C0A883260708F1
:10FC58008357670763D80810B387F64063F5070131
:10FC6800BA853E880545184375F309C59777FF1F80
:10FC780023A4B7EE204A856913890191370AC0A8E1
:10FC8800B70A4057054B9389B94783270900832B47
:10FC980004088297637D752F035764079777FF1FC2
:10FCA80083C7A7C4B38BAB40BA9763E7772383575F
:10FCB80044032285A30E04008507231AF40289272A
:10FCC8002285EFF0DFBA41E583864401230504026B
:10FCD800832704080357640763DA06083387E74075
:10FCE80038DC785CBA9763C906003706C0A863E5B4
:10FCF800C70037064057B297034674002320F4081C
:10FD08008545631DB606835704078356040363ECD1
:10FD1800F60A8346D4006398C60A8326040FC5E60C
:10FD280083264409CDE20346F4009306000C631CC5
:10FD3800D608B387E70203274408B3D7E702177743
:10FD4800FF1F034777BA0507BA97231BF406B2507B
:10FD5800225492540259F249624AD24A424BB24B57
:10FD680045618280E3FAF6EE9A96FDB5E3F8E7F688
:10FD78003706C0A83E963307E6409DB70347C4013F
:10FD880039C383554403035664022313B4023386EC
:10FD9800C5403307C7020346440232971377F70F6B
:10FDA8002302E4027D466370E6021387170063CAE4
:10FDB8000600B706C0A86366D7003707405705078F
:10FDC8003E972320E408832709008297AA8983277E
:10FDD80009008297E30D35FF8327090083298407EB
:10FDE80082979777FF1F83C7A7AF1397870161870C
:10FDF800635C07063385A9404DC5745C6373D50AF7
:10FE0800635A07061605834744021387019F184360
:10FE1800A166938636303E9554C7060528D39306C7
:10FE280000F81776FF1F2307D6C2B16693863630CF
:10FE380054C77D476375F70081172302F402EF402A
:10FE4800404CEF40404F034774008547814563119C
:10FE5800F704173500001305E5EEEF305FBB930795
:10FE680000FD2306F400E5B5E3F6A9F8B706C0A837
:10FE7800B69949B7858B99C79307803E3305F50234
:10FE8800158151B79307D0033305F5020581A5BF46
:10FE980017150000130545E2EF307FB7930710FCF4
:10FEA800C9B703477400854703A304036317F70022
:10FEB8009545E30E03E8154529A0E30A03E89545AF
:10FEC80019452254B25092540259F249624AD24A10
:10FED800424BB24B4561028363DC0B0483574403F6
:10FEE80022858507231AF402212B2285EFF03F98FB
:10FEF800785C83270408BA970387440163450700A1
:10FF080063E34701D6972320F40883477400639579
:10FF180067012285EF20B0608347D40185458507B6
:10FF2800A30EF4009C58E38207D615458297B1BB0F
:10FF3800835724031777FF1F0347879A9316870170
:10FF4800E1868E0763D506021307204EB387E702C2
:10FF58009583E3FE77DFA1452285EFF0FF8803A3B1
:10FF680004032301A4048945E31703F4CDB3058BE7
:10FF780011C713078002B387E702E1BF05671307BC
:10FF8800B747B387E702938707049D83D9B7835799
:10FF980024031777FF1F0347A79493168701E18669
:10FFA800B30B75418E0763D5060A1307204EB38736
:10FFB800E702958363F5FB0C832709008297835733
:10FFC8004403AA8B22858507231AF4021529228562
:10FFD800EFF0FF89E31D05D6785C83270408BA97FC
:10FFE800038744016345070063E34701D69723204D
:08FFF800F4088347D40113F75C
:020000021000EC
:10000000070F25CB2285EFF0AFB1A30E04008327A5
:100010000408E3F7FBFA835604077C5C03274408D3
:10002000B387F602B3D7E7021777FF1F0347578C52
:100030001107BA97231BF40683477400639F670375
:1000400083570403E3F7D7C42285EF20D04D9C5893
:10005000E38107C48D45F1BD058B11C713078002ED
:10006000B387E702A1BFB3873703938707049D8354
:10007000B1B78507A30EF40059BF9C58E38B07C0A6
:100080008D45194545BDE3C80BCCA1452285EFF050
:100090002FF603A304032301A404E30E03CA91452E
:1000A00039BD8280411122C406C62A848327040FE9
:1000B000D9E78327840FD5E70325840E09C5975018
:1000C000FF1FE7802083034514029307F00F6304AA
:1000D000F500EF30DF84034504029307F00F63045B
:1000E000F500EF30DF83034524029307F00F63042C
:1000F000F500EF30DF8203554400952C9767FF1F12
:100100009387477D9C4785CB9777FF1F83D707A6AB
:100110009DE39767FF1F9387A77FC84F09CD97403F
:10012000FF1FE780207D9777FF1F23A10780976738
:10013000FF1F23AF077EB240224441018280C843A3
:1001400009C59740FF1FE780E07A8327040F03D794
:10015000E700136707F02397E7009C432328F40E7A
:10016000B1B703D7E700C843136707F02397E70049
:1001700009C59740FF1FE780E0778327840F9C43E2
:10018000232CF40E3DB79777FF1F93876798BC47E2
:1001900099E33E85828003D74700E30CA7FE9C438A
:1001A000C5BF9777FF1F9387A796BC4FC16697651A
:1001B000FF1F83C525730147FD1603D6E700630BB8
:1001C000A6006309D60005071377F70FC107E3F60A
:1001D000E5FE81473E8582809777FF1F938747938F
:1001E000BC4FD1EB1775FF1F0355C59413051502BE
:1001F0009767FF1F83C7076F158585071605920749
:100200003E954205411141819305B02006C69740B5
:10021000FF1FE78080641DC59766FF1F83C6866C3D
:10022000138716009777FF1F23A0A79412079395B3
:1002300006012A97C1818147130840F5930820F5EC
:1002400063D5F600B240410182808DE3231715018A
:1002500058C1A304050041052A8663E3B70001469F
:100260008507C2072328C5FEC183D9BF231705010F
:1002700023220500F9BF828041119305A0201305B8
:10028000801506C622C426C29740FF1FE780E05CA7
:100290001306801581452A84EF304FAF014559C8B8
:1002A0009774FF1F9384C486B04429C6F44483D74F
:1002B0004600138717009317070193150701C183A1
:1002C00063D305008547328783554700E383F5FEF6
:1002D00018437DFB2312F400B9C780C29777FF1F34
:1002E00023AE878683D7C40585071777FF1F231F93
:1002F000F78615A085472312F4001777FF1F232DDB
:1003000087841777FF1F232B87841777FF1F231FEF
:10031000F784EFF07FECFC4423A0070023030400E4
:100320002306040031A022859740FF1FE780805CF0
:1003300003554400B240224492444101828041115D
:100340009767FF1F9387C77C22C4A04F06C609E8A2
:10035000B24022449777FF1F23A807804101828083
:1003600022859740FF1FE780E0580040CDB741113C
:1003700022C41764FF1F1304A479344406C601473E
:10038000B687B5C303D647006315A6060DEF98429E
:100390009766FF1F23A2E67C3E859740FF1FE780FC
:1003A00060557C4423A007009767FF1F83D7077C15
:1003B00095E7EFF0DFF89767FF1F23AF0778B240AC
:1003C00022444101828074446397F6009766FF1FC0
:1003D00023A6E678D1B7944314C37DBFFD171767F2
:1003E000FF1F2315F7789767FF1F83D72778E1FB57
:1003F000C9B73E879C4371B7614681451765FF1FAA
:10040000130585756F308F98011126CA4AC806CE2C
:1004100022CC4EC652C456C25AC02A8993074510F0
:100420009306F50F814401479319870003C707001E
:1004300013D68401B3693601A204FD17D98C4E8707
:10044000E394D7FE83478902034439013E94137431
:10045000F40F9307400263F687001304B4FD13748E
:10046000F40FA309890022862685CE85EFA0F045EA
:10047000058909CD23098900F2406244D2444249EA
:10048000B249224A924A024B05618280814A014A5E
:10049000130B500256862685CE85EFA010430589A2
:1004A00001C5050A137AFA0F850AE3956AFF3374CA
:1004B0004403814A014A130B500252862685CE8599
:1004C000EFA0B040058911C963958A00230949014D
:1004D00065B7850AE20A93DA8A41050AE31F6AFDD5
:1004E00061BFA3090500828083270509411122C449
:1004F00006C62A846389071813F7270019CBF59BD2
:100500002328F50803554500194693050008EF1008
:10051000D03E8327040913F7470021CBED9B232806
:10052000F4088347340293F7070491CB83274409E7
:10053000228593E70740232AF408EFE04FF883472A
:10054000940199E78347340293E71700A301F4026B
:10055000035544000D4693050008EF10103A930729
:100560000004231CF400230D04008327040913F75F
:10057000070139C7BD9B2328F4088347140403559A
:100580004400214689C7A300040413060003930511
:100590001008EF1090368347340293E71700A30149
:1005A000F4028347040489CF8347040EC18B89CBAF
:1005B0008355E40322859205C205C181EFE0CFDABD
:1005C0008327040913F7072001CF0355440093F74D
:1005D000F7DF2328F408314693051008EF10F031B7
:1005E0008327040913F7070415C30355440093F741
:1005F000F7FB2328F408114693050008EF10F02FAD
:100600008347340293E71700A301F4028327040908
:1006100013974701635507027D771307F77F03554B
:100620004400F98F2328F4081D4693050008EF10B5
:10063000D02C8347340293E71700A301F4028327E9
:10064000040913F7074009CF0355440093F7F7BF98
:100650002328F4081306700593051008EF10F029FD
:100660008327040913972701635F07008347340238
:1006700083458404228593E71700A301F402EFF079
:100680002F972301A4048347640085CF8327840F19
:1006900099CF8347640181EF0355440001469305D8
:1006A0000008EF10902501E58547230BF4008357E0
:1006B000840381CB035544004D4693051008EF1089
:1006C000D02383473402F1C7918B91CF0346D400E6
:1006D000C165938505A02285EFE06FCE8347340284
:1006E000ED9BA301F40283473402858B8DC3034540
:1006F00014029307F00F6307F500EF304FA2FD5788
:10070000A300F40283473402F99BA301F402834758
:100710003402898B89CF8355240303452402920533
:10072000EF300FA783473402F59BA301F402834700
:100730003402A18B99CF835524030D46228592055F
:10074000C205C181EFE0AFC783473402DD9BA3013F
:10075000F4028347340213F7070101CF0345040273
:1007600093F7F7F8A301F402EF306F9BFD572300D6
:10077000F4028347340213F7070201CF8355E403E1
:100780000345040293F7F7FDA301F4029205EF304D
:100790002FA08347840193F7070C99C72285224431
:1007A000B24041016FE03F8CB2402244410182805F
:1007B000411122C426C206C64AC08347A5022A8424
:1007C0009384419E85072305F50283471501BDE704
:1007D0000347850093070004A308F5008327450914
:1007E000319B13673700A30B05002304E5009396A4
:1007F000070163D50602E176FD16F58F232AF50879
:100800008327850E2380E7008327840E0347940007
:10081000A380E7009C400327840E81A80347D500EE
:10082000054963172723638D072013F7070829C796
:1008300093F7F7F7232AF508EF10E0140347740144
:1008400085476318F7148327040F03478400DC43AC
:100850002380E7008327040F03479400DC43A38031
:10086000E7000327040F9C405843B240224498CB32
:10087000924402494101828013F7072011CBEF1007
:10088000A01E8327440993F7F7DF232AF4087DB7D6
:1008900013F7270019C7F59B232AF508EF10E02C62
:1008A00071BF13F7470019C7ED9B232AF508EF0026
:1008B000306369B713F7870019C7DD9B232AF50852
:1008C000EF00D06DA5BF13F7074001CB93F7F7BF3B
:1008D000232AF508EF10804095B71397370163502E
:1008E0000702EFE0EFC339D9832744097D777D17ED
:1008F000F98F232AF4082285EF10C04281B713F73D
:10090000070211CFEFE0CFC115D983274409228513
:1009100093F7F7FD232AF408EF10001005B713F73B
:10092000070401CBEF0050718327440993F7F7FBCD
:10093000A9BF13F7071001CBEF10E0098327440983
:1009400093F7F7EF99B7139717016355070271777C
:100950007D17F98F232AF5088347040E918B99C7D9
:10096000BD452285EF102035854799A82285EF10D7
:100970006018DDBF1397F7006352070241777D17B8
:10098000F98F232AF5088327050993E727002328F1
:10099000F5088327840E03478400ADB51397E7005D
:1009A0006356070201777D17F98F232AF5088347DD
:1009B000050E918B89CBBD45EF10E02F930720F9F1
:1009C000A306F400A5BDEF10E012CDBF1397D7002A
:1009D000635307023707FCFF7D17F98F232AF508B9
:1009E0008347050E918B89C7BD45EF10C02CB9B563
:1009F000EF104010A1B50567130707807D8F11CB5D
:100A0000EF10A030832744097D771307F77FF98F14
:100A1000ADBD1397C70063520702EFE06FB0E30F5D
:100A200005E0832744093707F8FF7D17F98F232A4C
:100A3000F4082285EF10203711B5232A050891BF4D
:100A4000EFE00FAEE30C05DE2285EF10A03CFDB316
:100A500065DF930650076306D71863EAE608930636
:100A600090046304D71663E9E60493073003630E2A
:100A7000F71463ECE70093070003E317F7FCEF00BC
:100A80007058D9472304F40455BB93075004E30D71
:100A9000F7FA93078004E319F7FA2285EF108037FD
:100AA0008347E400DD9B2307F4008327040993E7D1
:100AB00007012328F4084DBD930630066304D714BC
:100AC00063E9E600930730056300F71293075005CA
:100AD000D9B793065006630CD71293074007E31566
:100AE000F7F68547A300F504EF00105581BB930787
:100AF000300A6304F71863E2E7069307900963EF8F
:100B0000E702930780096370F70A93075008630FA1
:100B1000F71293073009E319F7F283472504794761
:100B2000E38CE7E20549639527078357850603575A
:100B3000A506BA9785872316F50495BB9307A009E8
:100B4000E314F7F003472504F947631EF704EF00A9
:100B5000707A8547A306F40095A09307300B6301D4
:100B6000F71263E9E7009307500AE3EFE7ECEF10B1
:100B7000602AC5B79307400B6304F7129307500B25
:100B8000E314F7ECEF1000298547A306F40005A253
:100B9000EF10402883270409A306240193E72700C8
:100BA0002328F40861B9835784060357A4062285D5
:100BB000BA9785872316F404EF00903283473402F6
:100BC00093E71700A301F40295B92285EF10802462
:100BD000832704090967A3060400D98F2328F40892
:100BE000B1B9EF00506699B98D472300F504232071
:100BF000050C2322050C2324050C2326050CEF00ED
:100C000010542DB9EF00305DA306240105B9034748
:100C1000C5138346B5132207558FED4663FBE600E7
:100C20000347050E1377070209C70567D98F232AE3
:100C3000F5082285EF10001E8547A306F4008327E0
:100C400004092301040493E7070499BFEF10801CF3
:100C50008347B401858B99CB8327040923010404BE
:100C6000A30D040093E707202328F40883473402E8
:100C700093E71700A301F402C5B9EF10000969B7A3
:100C8000EFE00F8AE30C05BA2285EF10C01183272D
:100C9000040905671307078023010404D98F11BDD8
:100CA000EF1040178547A306F400230104048327AF
:100CB0000409056713070780D98FDDB50111976710
:100CC000FF1F9387E7E422CCA04B26CA4AC84EC632
:100CD00052C4B164216A0569B729020056C206CE22
:100CE0005AC0930A3A3093843430130909809389A7
:100CF00049068347C4001307100C6392E714138B53
:100D0000019F83270B0098430D8B05C3B84B619B54
:100D1000B8CB98431367870098C39C438D83858B1A
:100D200089C701000100010001002285EFF05FA8E2
:100D300003270B003C53FDFF9767FF1F238007D25B
:100D4000834794006389070E83470404898BE5C7B2
:100D5000A2850545EF30E03683270B001307A00777
:100D6000B8CB83270B001307000AB70600F9B8D3E6
:100D70007D47D8C39387019E9C43FD16984F758F7E
:100D8000B7060002558F98CF984F137737F813673F
:100D9000870198CF1387819F1443D856759BD8D667
:100DA000034724019376F7079843137707F8558F85
:100DB00098C303278408B70600F0FD1698C70327D9
:100DC000C408D8C3D857719BD8D79843758F98C398
:100DD0009767FF1F238307C8930700F81767FF1F54
:100DE000A30DF7C69767FF1FA38A07C69767FF1F64
:100DF000238707C6930730FC2306F400EF30E0504A
:100E0000C1471767FF1FA30CF7C403270B003C5310
:100E1000FDFF834794002326570192079387871588
:100E20003CD3930700F89766FF1F2389F6C244C797
:100E3000EF3080487DBD9307A0053CCB1DB713075D
:100E4000400C6396E77E9767FF1F83C717C1858BAA
:100E5000176BFF1F130B4BC06383077A9767FF1F46
:100E6000A38D07BE8347F400139787016187634E04
:100E7000070093E707F8130700F8230CE400A30723
:100E8000F4009767FF1F23AF07CC834504040325B5
:100E9000C40E1306440185899730FF1FE780A070B8
:100EA0009767FF1F238DA7BA05896311056A8347DA
:100EB0003402A30F04002318040693E72700A301BC
:100EC000F4022285EFD07FF721ED8327040FA308DA
:100ED00004008DCF0347740115CB03C79700058B22
:100EE00015E703D7E700C843136707F02397E70028
:100EF0009740FF1FE78000A0835784038507231CCA
:100F0000F4028327040F9C432328F40E83479400A4
:100F100081CB83470404898B81C72285EFD0FFF6FC
:100F200083470404858BE5C383476B00898BE1CF3E
:100F30008347F4018507A30FF4008347F40163900E
:100F400007628347E40193F7E70F639A07602285FE
:100F50009730FF1FE780202A85476312F5602285BE
:100F6000EFF01F85834694009387019F9C4313975E
:100F700046001307C72023A65701B8D3130700F86C
:100F80001766FF1F230CE6ACC4C783470404898B94
:100F90006384075C6382065CA2850545EF306012BE
:100FA0001305A0079730FF1FE780C0518327840FE8
:100FB000B1C30347F400137707040DCFD44303C62E
:100FC000C70083C58700035544008906EF60A00071
:100FD00015E18327840F03D7E700136707F02397F2
:100FE000E7009C43232CF40E8357640381C7FD174D
:100FF000231BF4029730FF1FE780004A930730FC61
:101000002306F400FDB12285EFD0BFE51DF5228552
:10101000EFD0DFCD0347E4009377870095C7834780
:10102000B4009DC383475401C54663E6F600B3D7B9
:10103000F900858B91EB9307D0032304F404930705
:101040009004A306F40091A08346A4008D47639406
:10105000F64A83475401BD466393D70A8346B400DA
:10106000E1476393F6488347040E898B638E0746F6
:101070000D8B0DCB9307A0022301F40483274409B1
:1010800037070400D98F232AF40883470404858B8B
:10109000E38507EA8347B400E38107EA2285EFD0BE
:1010A000DFE361BD8347D4000547639AE7002285EB
:1010B000EF0010582301A404930730F959B79306A1
:1010C0002004639CD7002285EF0090562301A404DE
:1010D0004DFD83274409416775B793062009639541
:1010E000D740930730022301F40483274409B7064D
:1010F0000200A306E400D58F232AF40879B7C1467D
:101100006395D7020347B400E147631FF73C0347E9
:10111000D400930720096319F73C2285EF00D060C3
:101120002301A4049307A0F929BF0946639FC700C0
:101130000347B400631AF73A8327C40E83C7370006
:101140002304F40493073003EDBD2D46639CC702CE
:101150000347B40085476319F7380347D400930762
:1011600020076313F73893075007A306F40083475B
:1011700034022300040493F70704E38007DCA3018F
:10118000D40265BB91466396D7088346B400B54741
:10119000639CF6348346D400930720046396F634A8
:1011A0008327C40E1367870083C6570003C6470012
:1011B000A2064206B29603C66700B29603C637007F
:1011C0006206B296232ED40883C6970003C6870012
:1011D000A2064206B29603C6A700B29603C67700DF
:1011E0006206B296232CD40883C6C70003C6D70074
:1011F000A2064206B29603C6B70083C7E7002307DC
:10120000E400B296E207B697232EF40A930750043F
:101210000DBD15476390E7020347B400854763158A
:10122000F72C0347D40093075004631FF72A930752
:10123000300501BD19476392E7020347B4008547B3
:101240006314F72A0347D40093074005631EF72869
:101250002301040493075005EDB33947639DE70468
:101260000347B400A5476311F7288347040EA18BF9
:10127000638C07260327C40E9307040D1306840D01
:101280000D078346070083C507008507A383D700A2
:10129000ED8EA387D7000507E315F6FE0347D400BC
:1012A00085476315F7009307300661BB8327440920
:1012B00093E70710C9BB25476394E7040347B400CD
:1012C000A5476313F7220347D40093072006631D45
:1012D000F7200327C40E9307040D1306840D0D0792
:1012E0008346070083C507008507A383D700ED8EDB
:1012F000A387D7000507E315F6FE9307500691B3C1
:1013000031476396E7040347B4009947631EF71C0F
:101310002285EF00B05B0347D40093072008631DCC
:10132000F700930750F8A306F4008347B40193F73E
:10133000F7FBA30DF40091BB8307B401E3D707FECD
:101340008327440993E70720232AF408F9BF494774
:101350006394E7048347B40005476397E71803479E
:10136000040E418B630207180347D4006315F7008E
:10137000930730FAF9B19306200A631AD70003479E
:101380003402A306F40013671700A301E4028327C5
:101390004409B3E72701C5B94D476390E702034706
:1013A000B40085476312F7140347D4009307200A5B
:1013B000631CF712930740FA69B15147639DE70236
:1013C0000347B400A5476311F7128347040E93F750
:1013D0000702638B07102285EF0030420347D400D9
:1013E00085476315F700930730FBA1B983274409AC
:1013F0003707080041B955476395E7020347B40032
:10140000A5476313F70E0347D4009307200B631D12
:10141000F70C930740FBA306F4002285EF00F03D94
:10142000ADB11D47639FE7040347B4008947631DBF
:10143000F70AE9472301F4048347D4001307200A7D
:101440006395E700930750FAEDBE130720066395F6
:10145000E70093077006F5B613072009639CE700C1
:10146000930790F9A306F4008347040EF59B23002D
:10147000F40E21B91307200BE399E7C0930750FB43
:10148000C9B63547639CE7000347B4008947631D2D
:10149000F7048327C40E83C7370029A845476395FF
:1014A000E7040347B4008D476310F7048327C40E95
:1014B00083C747002301F4048347D400130720099E
:1014C0006386E700130770096395E700930780F9C7
:1014D0008DBE130720046386E7001307500463954D
:1014E000E70093078004B1BE22859D298327440924
:1014F000B3E7470149BE8347B40099C72285EFE0AF
:101500008F84E30405B815BC83471401E39F07B635
:101510008347D400C9466398D70013671700230791
:10152000E400854739BE9306200213672700E3884D
:10153000D7FE13072003E39AE7B48327040909675A
:10154000A3060400D98F2328F40881B68347E40159
:101550008507230FF400D5B21305A005A1B4EF2031
:10156000105E8327840FB1C30347F4001377070489
:101570000DCFD44303C6C70083C58700035544007D
:101580008906EF50502515E18327840F03D7E70024
:10159000136707F02397E7009C43232CF40E83572F
:1015A000640381C7FD17231BF4022285EFE0DFF3FC
:1015B0008347F4018DCB37C700400327073893F7E3
:1015C000070F81CB9305D0032285EFE06FA22301A3
:1015D000A4049757FF1F9387E72F9C5B89C7954506
:1015E00013056008829722856244F240D244424942
:1015F000B249224A924A024B05616FE08F9193876C
:10160000019F9C43BC53639607EE9757FF1F2387A8
:101610000744EF20D0522285EFE01FED83473B00C7
:10162000E207E187E3D107FCEF20EFF06DBF13077E
:10163000300C6394E70A9757FF1F83C70742858BD7
:10164000D9C39757FF1F238A07408327040913979D
:10165000270163530702EF20904E03451402EF2049
:101660000FAC83458404FD57A300F4022285EFE00C
:101670002F982301A40485BF834704150347F4145E
:10168000138B019FA207D98F86071757FF1F232BA4
:10169000F73C83470404858B95C3A2850145EF2061
:1016A000702883270B0013079007B8CB930740FCE3
:1016B0002306F400EF20103E6FF0AFE383270B000A
:1016C00013079005DDB79387019F9C43BC5363923A
:1016D00007E29757FF1F23830738EF20504621B7B3
:1016E000B147A304F5008327850EDDC70947A3048E
:1016F000E504835625050357450363E6E600998E06
:1017000015466345D6029756FF1F83D626468D455C
:10171000114663E5D500850613F6F60F8356450599
:10172000A304C504369721072319E5042381070084
:1017300003479504A381E7000347A5042382E7003C
:101740000357A5042183A382E7000347C50423832D
:10175000E7000347D504A383E7000347E504238498
:10176000E7000357E5042183A384E7000347050549
:101770002385E70003471505A385E70003472505F3
:101780002386E700035725052183A386E700C94781
:10179000A306F5000145828005458280411126C2DD
:1017A0008324850E06C622C4A147A304F500A9C858
:1017B00083574503035745052A8493055510BA9767
:1017C000A9072315F51085472381F40013853400FC
:1017D00015469720FF1FE780C06F8347A41001457F
:1017E0002384F4008357A410A183A384F4009307F7
:1017F0002002A306F400B2402244924441018280B8
:101800000545D5BF8327850E0947A304E5009DC381
:101810002381E70003478504A381E700834735025E
:1018200093E78700A301F50293072003A306F500C1
:10183000014582801D458280411126C28324850E88
:1018400006C622C4DD47A304F500BDC88D472A841F
:101850009305F5102381F400214613853400972069
:10186000FF1FE780006783478411034774112146F7
:10187000A207D98FA385F400A1832386F4009305E2
:1018800094111385D4009720FF1FE780806413858F
:1018900054011146930514129720FF1FE7806063DF
:1018A00083473402014593E74700A301F4029307FD
:1018B0002004A306F400B2402244924441018280F5
:1018C0000545D5BF411126C28324850E06C622C414
:1018D000B547A304F500A9C091472A842381F400E9
:1018E000930585122146138534009720FF1FE7805A
:1018F000405E1385B4001146930504139720FF1F23
:10190000E780205D93074004A306F4000145B24040
:1019100022449244410182800545D5BF8547A304F6
:10192000F5008327850E91CB15472381E7009307A8
:101930002005A306F5000145828005458280854784
:10194000A304F5008327850E91CB19472381E70077
:1019500093074005A306F500014582800545828076
:101960008947A304F5008327850E81CF1D47238176
:10197000E7008327850E034755010145A381E70052
:10198000828005458280A547A304F5008327850E44
:10199000A9C3411122C406C621472381E7002A8436
:1019A0000325850E9305040D21460D059720FF1F85
:1019B000E780205283473402014593E74700A301A3
:1019C000F40293072006A306F400B240224441012A
:1019D0008280054582808327850E2547A304E50084
:1019E00095CB411106C62381E70083477500AA8580
:1019F00021460325850E81EF9385050D0D05972062
:101A0000FF1FE780004DB240014541018280938570
:101A1000850DEDB7054582808547A304F500832732
:101A2000850E85C329472381E7008347350293E765
:101A30004700A301F50293072007A306F50001451F
:101A40008280054582808547A304F5008327850EA3
:101A500091CB2D472381E70093074007A306F500AC
:101A600001458280054582809947A304F5008327BC
:101A7000850EBDCF31472381E7001757FF1F13079E
:101A800027098356E700A381D700834607012382F5
:101A9000D70003471701A382E7001757FF1F03472B
:101AA00047082383E7001757FF1F03578707218342
:101AB000A383E7008347B50113F7070409CF930712
:101AC00020F8A306F5008347B50193F7F707A30DA8
:101AD000F50001458280858BFDD783270509230109
:101AE0000504A30D050093E707202328F508E1BFAF
:101AF0001D4582808947A304F5008327850E81CF89
:101B000035472381E7008327850E034725040145D8
:101B1000A381E700828005458280A547A304F500E4
:101B20008327850EA9C3411122C406C639472381E4
:101B3000E7002A840325850E9305840D21460D05B3
:101B40009720FF1FE780E03883473402014593E781
:101B50004700A301F40293072006A306F400B24055
:101B600022444101828005458280E147A304F500BB
:101B70008327850ED9CF411122C406C63D47238154
:101B8000E700034785062A849305C505A381E7007E
:101B90000347950631462382E7000347A506A38243
:101BA000E7000357A50621832383E7000347E504E5
:101BB000A383E7000357E50421832384E700034759
:101BC0000505A384E700034715052385E7000357B0
:101BD0008505A385E7000347A5052386E70003578E
:101BE000A5051385E7002183A386E7009720FF1F43
:101BF000E780202E83473402014593E74700A30185
:101C0000F402930720F9A306F400B24022444101F4
:101C1000828005458280E147A304F5008327850E75
:101C2000C9CB411122C406C641472381E7000347BF
:101C300085062A849305C505A381E7000347950619
:101C400031462382E7000347A506A382E700035736
:101C5000A50621832383E7000347E504A383E70068
:101C60000357E50421832384E70003470505A38484
:101C7000E700034715052385E70003578505A3857E
:101C8000E7000347A5052386E7000357A50513854D
:101C9000E7002183A386E7009720FF1FE7806023EA
:101CA000930770F9A306F400B240224401454101B4
:101CB0008280054582808D47A304F5008327850E29
:101CC00081CF45472381E700A381B700034725045F
:101CD00001452382E7008280054582808547A30471
:101CE000F5008327850E85C349472381E7009307C5
:101CF00020FAA306F5008347350293E74700A301C6
:101D0000F50201458280054582808547A304F500E0
:101D10008327850E91C74D472381E70001458280C7
:101D200005458280A547A304F5008327850EB5CB22
:101D300051472381E7000347851383467513220724
:101D4000558FA381E70021832382E70003278513B2
:101D5000218342074183A382E70021832383E70095
:101D60000347C5138346B5132207558FA383E700A6
:101D700021832384E7000327C5132183420741837E
:101D8000A384E70021832385E7008347350293E797
:101D90004700A301F502930720FBA306F5000145C8
:101DA000828005458280A547A304F5008327850E20
:101DB000A5C355472381E700034785138346751361
:101DC0002207558FA381E70021832382E7000327A1
:101DD0008513218342074183A382E7002183238364
:101DE000E7000347C5138346B5132207558FA38326
:101DF000E70021832384E7000327C51301452183DE
:101E000042074183A384E70021832385E700828082
:101E10000545828083478500A3040500F19B93E775
:101E200017002304F5000325850E13351500828065
:101E30008325C50E411126C206C622C483C74500AC
:101E400003C735000568A207D98F1387A7FF42078C
:101E500041839306A8C7F94463E2E60C03C7650013
:101E600083C65500130808C82207558FF9446367D5
:101E7000E80A6365F70A03C6850083C67500220673
:101E8000558E9306301F63EBC60883C6A50083C832
:101E90009500A206B3E616016362D808130816007F
:101EA0003308F80293983600635A180783C8B500C0
:101EB000139808011358080163840800636007073A
:101EC0008358E5028144639D1701631BF700835823
:101ED00005036397C80083542503958C93B41400BD
:101EE0002317C5042314F5062315E5062318D50486
:101EF000231C050583C7D50003C7C5002A84A20794
:101F0000D98F231DF5043146B9051305C505972062
:101F1000FF1FE78000FC9147230DF400B2402244EC
:101F200026859244410182808325C50E85681387EA
:101F3000A8C783C6450083C73500A206DD8E9387F8
:101F4000A6FFC207C1836367F70A03C7650083C79B
:101F50005500938808C822075D8FF94763EDE808AC
:101F6000636BD70803C8850083C775001306301F4D
:101F700022083368F800F947636F060703C6A50017
:101F800083C7950022065D8EF94763E6C80693086D
:101F90001800B388D80213133600634E130583C7A5
:101FA000B5009398070193D8080181C7F947636486
:101FB0001705411106C62318C5042314D506231599
:101FC000E50623170505231C150583C7D50003C7A0
:101FD000C5001305C505A207D98F231FF5FE31469D
:101FE000B9059720FF1FE780C0EEB24081473E85CC
:101FF00041018280F9473E8582808327C50E832870
:10200000851303C6470003C737002206598E2311E4
:10201000C51403C7670083C657002207558F2312D4
:10202000E51483C5870083C67700A205D58D2313E9
:10203000B51483C6A70003C8970083477513A2068B
:10204000B3E6060113F8F80F22083368F8002314EA
:10205000D514C28763F30501AE87C207C18393D548
:102060008800A306F514A1832307F514AE87C205E3
:10207000C18163F3B600B6878326C513C207C18347
:1020800093F5F60FA307F51493D88801A183A20551
:102090002308F514B3E51501AE876373B600B28764
:1020A000C207C183A182A308F514A1832309F514F3
:1020B000B687C206C1826373D700BA87C207C183DD
:1020C000A309F514A183230AF51482800327C50E02
:1020D00083473700A301F504834757008346470031
:1020E000A207D58F2312F504834777008346670044
:1020F000A207D58F2313F5048280011122CC2A84F4
:10210000114506CE2EC632C4EF10AF911DC1B245A7
:102110002246231185002300B500A300C5006244B8
:10212000F240AA851745FF1F0345B57E05616F1074
:10213000AF99F2406244114505618280397106DE33
:1021400022DC26DA4AD88347050013070008639A81
:10215000E7428344150095476386F43863E39702AA
:102160000544638B840EB5C48D476383F432914775
:102170006383F4342285F2506254D254425921616F
:102180008280930710086386F42863EA97009947D2
:10219000638DF4369D476384F43A0544E1BF9307A9
:1021A00020086380F42A93076008E398F4FE03553F
:1021B0002500EFD05FFD05C5035705058356E504EF
:1021C0000356A5068355850603554500EF40B05CD0
:1021D00051A003552500EFD01FFBAA8419E1094443
:1021E00051BF8347F500230B05000D4493F7070407
:1021F000D1D38327850FA9CFD44303C6C70083C596
:102200008700035545008906EF40F05C15E183A780
:10221000840F03D7E700136707F02397E7009C4379
:1022200023ACF40E83D7640381C7FD17239BF4020C
:1022300083A7840F91CF03D544000146930500087E
:10224000EFF0BFEB2A8419E58547238BF4001DB717
:10225000239B0402014439BF03552500EFD0BFF290
:102260002A8435DD034775009757FF1F9387478AF8
:10227000631A970C845BA5D483C717081389640776
:10228000898BC9CF03C7440689471946631CF706E3
:102290009385640628089720FF1FE78080C303C743
:1022A00054078547194663F4E706CA850810972046
:1022B000FF1FE78000C2AC501946910528109720F7
:1022C000FF1FE78000C1834794028358E40283C65E
:1022D000540783554400034524043EC48357240314
:1022E0001308010238103EC28357040305463EC05E
:1022F0003C08EF40D04A8347F40093E70704A30764
:10230000F40089BF81452808EF104FA849BF8145D7
:102310000810EF10AFA71946CA854DB703479402BE
:1023200083582503035805038357E5028355450069
:1023300083C654070345250405463AC04A87EF4043
:10234000F04355BFA443E38C04E883C717081389FF
:102350002404898BD9CF03C704038947194663191D
:10236000F7069385240328089720FF1FE78060B6AF
:1023700003C70404894719466311F706CA85081084
:102380009720FF1FE780E0B4AC481946281091055C
:102390009720FF1FE780E0B3BC4883C7370093E76F
:1023A0002700A380F4048358E40283C614048355F1
:1023B00044000345240402C4835724031308010284
:1023C00038103EC28357040301463EC03C0815B78F
:1023D00081452808EF108F9B61BF08108145EF10E1
:1023E000EF9A1946CA8528109720FF1FE78060AE34
:1023F0005DBF83582503035805038357E5028355C2
:10240000450083C61404034525044A8702C00146DB
:102410003DB79747FF1F9387A76FB843E30107DCDA
:10242000835807010358E7008357070283461704C0
:10243000014602C01307270481450945EF401034C7
:1024400011BD9747FF1F9387A76C985BE30907D8D7
:1024500083C71708898B85C302C402C202C08148A2
:102460000148814701478146054681451305C00360
:10247000EF40F032C5B38346D706814802C0014819
:1024800081471307E706054681451305C0037DB75D
:1024900003552500EFD03FCFE30305D403570505CF
:1024A0008356E5040356C5048355450003452504BA
:1024B000EF40702D45B303552500EFD0DFCC2A86C1
:1024C000E30F05D083477500835545000345250478
:1024D000639787001306060DEF40302BA5BB13064C
:1024E000860DDDBF03552500EFD0FFC9E30905CEFA
:1024F00083478511034675119305F5100355450073
:10250000A2075D8EEF40B028B1B303552500EFD090
:102510009FC72A84E30505CC035705058356E504C8
:102520000356A5068355850603554500EF407026E2
:102530008347E40093E747002307F40021BB0355DA
:102540002500EFD05FC4E30C05C88325051583265D
:10255000C5148347451513F7F50F13D8860113D615
:102560008501A182A18103554500A2072207C20669
:10257000C20533670701C1825D8EC181EF40F02142
:10258000D1B9130710080544E396E7BE8347150049
:102590004D47638BE70E6366F70621476382E70AC0
:1025A00031476380E70C1547E396E7BC03552500E8
:1025B000EFD07FBD2A84E30405C28327050F95C7AA
:1025C000035685030506420641829C431307160005
:1025D00042074183A5E7231CC40201CA8355440076
:1025E0000545EF40701E231C0402034524040346E6
:1025F000840483554400EF40F01B2285EFD09FAA4E
:1026000091B9130700036385E70A6360F70269471E
:10261000E392E7B603552500EFD0FFB6E30105BC12
:1026200003452504EF40901A35B113077005638EFA
:10263000E708138417F0333480002DBE3A8671B753
:1026400003552500EFD03FB4E30B05B8034605045E
:1026500083554500034525043336C000EF40D015AF
:10266000D5BE03552500EFD01FB2E30A05B60357C8
:1026700065048356450403463504835545000345E8
:102680002504EF40B013F9B603552500EFD0BFAFD6
:10269000AA84E30605B4035685030144E30C06ACA3
:1026A000835545000545EF403012239C0402D9B400
:1026B00003552500EFD03FADE30305B28355450038
:1026C00003452504EF40D01071B603552500EF40B7
:1026D000701049B641119747FF1F9387674322C483
:1026E00006C6805F9747FF1F83C7B73781CF17475D
:1026F000FF1F0347073795476316F7009747FF1FEC
:10270000A38107369746FF1F83C676359387A6FFBA
:1027100093F7F70F0547636AF7009747FF1F238278
:10272000D7349747FF1FA38EE732EF105041484C34
:1027300023130400230204009720FF1FE780801B5F
:10274000C145231C0400232E040023200402174546
:10275000FF1F0345151CEF106F982244B240174528
:10276000FF1F0345151B9305000241016F100F97D2
:1027700083270509411122C406C62A84638A071EDD
:1027800013F7270019CBF59B2328F50803554500BF
:10279000194693050008EFF05F968327040913F7A5
:1027A000470041C7ED9B032744082328F4087C5CBD
:1027B000B3D7E7021747FF1F034797139107BA974D
:1027C000C207C183231AF40686072319F406834738
:1027D000340293F7070491CB83274409228593E7BA
:1027E0000740232AF408EFC08FCD83472404130742
:1027F000000499E313070008230CE4000347940145
:1028000019EF8347340293E71700A301F40203553D
:1028100044000D4693050008EFF03F8E29A00357B2
:10282000640511E3EDD7230D04008327040913F792
:1028300087000DC303554400DD9B2328F40815468B
:1028400093050008EFF07F8B8347340293E747003E
:10285000A301F4028327040913F7070139C7BD9BBD
:102860002328F4088347140403554400214689C7EC
:10287000A30004041306000393051008EFF0FF877C
:102880008347040EC18B89CB8355E40322859205CF
:10289000C205C181EFC04FAD8347340293E71700F3
:1028A000A301F4028547A306F4008327040913F764
:1028B000072001CF0355440093F7F7DF2328F408DE
:1028C000314693051008EFF05F838327040913F75F
:1028D000070415C30355440093F7F7FB2328F408B6
:1028E000114693050008EFF05F818347340293E7B8
:1028F0001700A301F40283270409139747016355C6
:1029000007027D771307F77F03554400F98F2328CB
:10291000F4081D4693050008EFF02FFE83473402AC
:1029200093E71700A301F4028327040913F7074074
:1029300009CF0355440093F7F7BF2328F408130683
:10294000700593051008EFF04FFB832704091397D8
:102950002701635F0700834734028345840422858F
:1029600093E71700A301F402EFC09FE82301A4043A
:102970008347640085CF8327840F99CF8347640101
:1029800081EF03554400014693050008EFF0EFF690
:1029900001E58547230BF4008357840381CB03555E
:1029A00044004D4693051008EFF02FF5834734029D
:1029B000F1C7858B8DC3034514029307F00F63079E
:1029C000F500EF00DFF5FD57A300F4028347340262
:1029D000F99BA301F40283473402898B89CF835585
:1029E0002403034524029205EF009FFA8347340233
:1029F000F59BA301F40283473402918B91CF0346E8
:102A0000D400C165938505A02285EFC04F9B834705
:102A10003402ED9BA301F40283473402A18B99CFCA
:102A2000835524030D4622859205C205C181EFC05E
:102A30000F9983473402DD9BA301F40283473402DC
:102A400013F7070101CF0345040293F7F7F8A30139
:102A5000F402EF00DFECFD572300F4028347340259
:102A600013F7070201CF8355E4030345040293F7EC
:102A7000F7FDA301F4029205EF009FF18347840163
:102A800093F7070C99C722852244B24041016FC0D9
:102A90008FECB240224441018280411126C206C619
:102AA00022C4EFD06FFDAA8439C9EFD0CFED2A84BC
:102AB00071CD930710112313F5009307001B231604
:102AC000F5009747FF1F83C7D7E195071307000459
:102AD0003E8563F4E7001305000493057020137529
:102AE000F51F9720FF1FE78040D72324A40E11ED88
:102AF00003554400EFD0BF872285EFD09F9EB240A0
:102B0000224426859244410182809747FF1F938784
:102B1000A7F49C4F21469745FF1F9385E506232682
:102B2000F40E1305840D9710FF1FE780803A2146AD
:102B30009745FF1F938545051305040E9710FF1F4A
:102B4000E7802039FD57231AF4022310F4022301F1
:102B5000F4028347B40131469305F00F93E707FC75
:102B6000A30DF4001305C405EF005FA285679387EA
:102B700087BB231FF4022285EFC0EF8B2285EFC0B5
:102B80000FAB9747FF1F239907F8BDB7854485BF53
:102B9000411122C406C68347950217B700001307E8
:102BA000673A9746FF1F83C626D48607BA9783D70E
:102BB00007001396860161862322F5082A84635054
:102BC000060ED1072322F40803274408B7470F0055
:102BD0009387072433D7E7028357E4022322E408CC
:102BE0006351060E9305204EB387B702BD07958348
:102BF0007CDCB3D7E7021747FF1F034777CF2C5C76
:102C00009107BA97C2070357C402C183231AF40677
:102C100005076359060C1305204E3307A7023D072D
:102C2000158386079D8D2E9763490600B705C0A8BA
:102C30006365B700B70540572E972320E408C20705
:102C4000C1830347B4026350060C9306204E33073A
:102C5000D7023D071583BA972319F4062285EFC0E2
:102C60000F868355240322859205C205C181EFB0EA
:102C7000DFF803554400054693050008EFF0EFC761
:102C8000854517D5FFFF1305A5F9EF00DFD8B24042
:102C90009747FF1F23A887EC22444101828093F5C8
:102CA000360081C59387873E31BF93D5464099C58D
:102CB00086052E9703570700BA9729B793872703EE
:102CC00011B793F5160091C593058002B387B7023B
:102CD00005B785659385B547B387B7029387070422
:102CE0009D8339B713F5160011C51305800233070C
:102CF000A70205BF05651305B5473307A7021307EC
:102D000007041D8339BF858A91C693068002330765
:102D1000D70291B785669386B6473307D702130764
:102D200007041D830DBF83570507894603574507D1
:102D300063F3F6008947C207C183FD17B317F70095
:102D4000231BF5066F003FFF79719747FF1F93879D
:102D500027DC22D4A04B26D24AD052CC5AC83169A3
:102D6000216B8564370AF8FF4ECE06D656CA5EC67A
:102D700093093B3013093930938404807D1A8347CB
:102D8000C4001307000D6396E712938A019F83A680
:102D90000A009C428D8B89C79C4293E787009CC2A6
:102DA0009387019E9C43370600F97D16984F718FDB
:102DB00037060002518F98CF984F137737F8136773
:102DC000870198CF1387819F10435856759B58D61B
:102DD000034724011376F7079843137707F8518FB9
:102DE00098C3032784083706001098C70327C40830
:102DF000D8C3D857719B13672700D8D79843518FF2
:102E000098C3FD47DCC2EF104050C1471747FF1F72
:102E1000A307F7C4930710FD2306F40083470415A6
:102E20000347F414A207D98F86071747FF1F232BE8
:102E3000F7C2930700FC1747FF1F230FF7C003A734
:102E40000A009747FF1FA38907C09747FF1FA38763
:102E500007C03C53FDFF9747FF1F238107C08357DF
:102E6000640783562407232637018607B6979A07F7
:102E7000938707053CD3930700F89746FF1F238FDE
:102E8000F6BC2326270185471CC383470404858B92
:102E900089CFA2850545EF10E02883A70A00130714
:102EA0009007B8CBEF102044D9BD930790053CCBD9
:102EB000D5BF1307100DE39BE75C9747FF1F83C740
:102EC000A7B9858B974AFF1F938A0AB9E38E0756E5
:102ED000834504040325C40E130644018589971015
:102EE000FF1FE780406C9747FF1F238AA7B605891D
:102EF00063190578834734028346F40093E727007B
:102F0000A301F40283C70A00E207E18763D1070641
:102F100093F70602705C89CF032744089747FF1F89
:102F200083C7179D3357E60211073E97231AE4061D
:102F300083A70A0103574407F917B297998F1747D8
:102F4000FF1F130727990307470163490700370746
:102F5000C0A863E5E70037074057BA972320F40875
:102F600083576407231804068583231BF406E206AF
:102F7000E18663D906082285EFB03FEC41E583275F
:102F8000040FA30804008DCF0347740115CB03C7BA
:102F90009700058B15E703D7E700C843136707F0D1
:102FA0002397E7009720FF1FE780C094835784038F
:102FB0008507231CF4028327040F9C432328F40E67
:102FC0008347940081CB83470404898B81C7228582
:102FD000EFB0BFEB0347D400930740046314F7023C
:102FE000832704092301040493E787002328F408B6
:102FF0008347E40093E787002307F4009307600406
:10300000A306F40083470404858BE9C783C76A00DD
:10301000898BE9C38347F4018507A30FF400834735
:10302000F4001397870161876340070493E707F86B
:10303000A307F400930700F8230CF40003274408C7
:103040007C5CB3D7E7021747FF1F0347778A9107D6
:10305000BA97C207C183231AF40686072319F40618
:103060009747FF1F23A007B09747FF1F2386079EA0
:103070008347A402938A419E85072305F402834770
:103080001401639907620347840093070004A308AF
:10309000F400832744093D9B13673700A30B04000A
:1030A0002304E4009396070163D3065EE176FD16E0
:1030B000F58F232AF4088327840E2380E7008327D3
:1030C000840E03479400A380E70083A70A00032728
:1030D000840E09AD2285EFB0DFD831F1A30F0400D3
:1030E0002285EFB0BFC08347E400A18B95C383471F
:1030F000B40099CF83475401094793F7B70F638909
:10310000E7008347840093C747002304F40001BF0E
:103110008346A4008D47639CF654834754013D4782
:103120006394E7060347B400E147630CF700228588
:10313000EFE01F8383274409B3E76701232AF408DC
:10314000A9A68347040E898BFDD38347D400054786
:103150006386E70013072009E39BE7FC2285EFE085
:103160003FCD0347D4002301A4049307200963182B
:10317000F7008347340293E71700A301F402930793
:1031800030F9A306F40011A6A9EB0347B400B14738
:10319000E31FF7F88347D4000547638AE700130766
:1031A00020096385E70213077009E392E7F8CD472A
:1031B000A306F4009547230DF40083470404858B90
:1031C000E38F07E42285EFB05FD191BD83473402DE
:1031D00093E71700A301F402D9BF05476399E704F9
:1031E0008346B4002147E394E6F40347D400631711
:1031F000F70093073002A306F400C1B79307200934
:10320000E317F7F29307A0022301F40483270409CC
:1032100093E747002328F40893074002A306F4002D
:103220008347340293E71700A301F40279B70946F4
:10323000639FC7000347B400E31BF7EE8327C40E68
:1032400083C737002304F404930730036DB729467E
:10325000639DC7008347B400E39BE7EC0347D400BA
:10326000E317F7EC9307300779B72D46639BC70246
:103270008347B400E39DE7EA0347D4009307400780
:10328000E317F7EA834734022300040493F70704A3
:1032900081C7C147A301F40293075007A306F400B6
:1032A000BDBB6391D7100347B400DD47E311F7E8D6
:1032B000832AC40E21461305F41093853A00971013
:1032C000FF1FE78000C183C7CA0003C7BA00A20777
:1032D000D98FA30BF410A183230CF410EF004F8EB1
:1032E0002324A412EF00CF8D2326A41283C7FA0053
:1032F00003C7EA0093168501A2074207BA9703C7DE
:103300000A01BA9703C7DA006207BA972322F40AC0
:1033100083C73A0103C72A01A2074207BA9703C726
:103320004A01BA9703C71A016207BA972320F40A21
:10333000034794128347A4124207A207BA97034790
:10334000B412BA97034784126207BA97232EF4087F
:103350004167935705017D17A207F98F1357850120
:103360003697BA9722053707FF00798DAA97232C45
:10337000F408EF00EF842328A41283C76A0103C76F
:103380007A01A2074207BA9703C75A01BA9703C73F
:103390008A01232EA40A6207BA97232CF40A930702
:1033A0003004C5B39946639FD7008347B400E390C8
:1033B000E7D80347D40093072005E31AF7D693070D
:1033C000500515BD21476393E7040347B400A547A3
:1033D000E31FF7D40347D4008547E31AF7D4032744
:1033E000C40E9307040D1306840D0D0783460700D2
:1033F00083C587008507A38FD7FEED8EA387D700EF
:103400000507E395C7FE93073006F5B32547639399
:10341000E7040347B400E31CF7D00347D400930745
:103420002006E316F7D00327C40E9307040D1306F6
:10343000840D0D078346070083C587008507A38F8A
:10344000D7FEED8EA387D7000507E395C7FE930748
:10345000500655B3B146639AD7040347B400994761
:10346000E317F7CC2285EFE07FC60347D40093072C
:1034700020086311F702930750F8A306F40083476E
:10348000B40193F7F7FBA30DF4008347B400E39670
:1034900007D271B68307B401E3D307FE832744093B
:1034A00093E70720232AF408D9BFC9466395D704B8
:1034B0008347B4000547E39CE7C60347040E418BEE
:1034C000E30707C60347D4006315F700930730FAF4
:1034D0001DB39306200A631AD70003473402A306DC
:1034E000F40013671700A301E40283274409C58F82
:1034F000232AF408D9B1CD466390D7020347B4001C
:103500008547E316F7C20347D4009307200AE31068
:10351000F7C2930740FAC5B1D1466397D7028347F4
:10352000B400E396E7C02285EFE03FAD0347D40047
:1035300085476315F700930730FBA1B18327440942
:1035400037070800D98FDDBED5466392D70283477F
:10355000B400E39EE7BC0347D4009307200BE318B5
:10356000F7BC2285EFE07FA9930740FB19B91D47FF
:10357000639FE7040347B4008947E31AF7BAE947B2
:103580002301F4048347D4001307200A6395E7005E
:10359000930750FA8DB1130720066395E700930750
:1035A000700691B913072009639CE700930790F90F
:1035B000A306F4008347040EF59B2300F40E8DB19F
:1035C0001307200BE39BE7BE930750FB2DB1354754
:1035D000639AE7020347B4008947E31AF7B48327E5
:1035E000C40E83C737002301F4048347D4001307B4
:1035F00020096383E706130770096396E7069307BC
:1036000080F9D5BE4547E394E7B20347B4008D4740
:10361000E31FF7B08327C40EB94603C7370083C73B
:1036200047002301F4048347D400631ED700130727
:1036300020066398E7008347340293E71700A3014D
:10364000F40285474DBEBD46E303D7FAD146631C5D
:10365000D7001307200BF1BF8347340293E717000D
:10366000A301F40269BF0547E393E7ACB9B683470A
:10367000B400E386079A2285EFB0FFECE311059AC8
:1036800029B58347E4018507230FF40049BA0347AE
:10369000D400854B631C771F6381071E13F7072037
:1036A00075C72285EFE04FBC8327440993F7F7DF06
:1036B000232AF40883477401858B638E075683277A
:1036C000040F03478400DC432380E7008327040FB3
:1036D00003479400DC43A380E7000327040F83A77C
:1036E0000A005843D8CB834694009387019F9C439C
:1036F000139746001307C72023A63701B8D3130733
:1037000000F81736FF1F230BE63423A62701638A30
:10371000065283470404898B63850752A2850145BD
:10372000EF00301A1305A0079710FF1FE780C0E2D3
:10373000930720FD2306F4008327840FB1C30347BA
:10374000F400137707040DCFD44303C6C70083C525
:103750008700035544008906EF30F00715E1832701
:10376000840F03D7E700136707F02397E7009C4314
:10377000232CF40E8357640381C7FD17231BF40227
:103780009710FF1FE780E0D96FF06FDF13F707088E
:1037900009CB93F7F7F7232AF4082285EFE0EFB778
:1037A00011BF13F7270001CBF59B232AF4082285CC
:1037B000EFE0AFBB01B713F7074009CB93F7F7BFB3
:1037C000232AF4082285EFE06FD1EDB51397370176
:1037D000635207022285EFB0AFD4E30D05EC8327D7
:1037E00044097D777D17F98F232AF4082285EFE0BD
:1037F0006FD3C9B513972701635B070079777D17EE
:10380000F98F232AF4082285EFE0EFC065B51397FE
:1038100017016354070271777D17F98F232AF40883
:103820008347040E918B638C0726BD452285EFE00C
:103830008FC88547A306F400B5BD33F7970019CBB1
:103840007D771307F77FF98F232AF4082285EFE0AD
:10385000CFCB8DB51397C700635F073C2285EFB0D0
:103860002FCCE30905E4832744092285B3F74701F8
:10387000232AF408EFE02FD335BD2285EFB04FCADD
:10388000E30A05E22285EFE0EFD82DB565DF930767
:103890007006630FF73063E1E714930730046302A7
:1038A000F72863E9E70C9307400263E1E70A93070F
:1038B00030026376F720CD47E316F7FC8327C40E6A
:1038C00003C73700A304E40403C7570083C64700B7
:1038D0002207558F2315E40403C6770003C767004A
:1038E0002206598E2316C40483C6970003C7870097
:1038F000A206D98E2317D40403C7B70083C5A70037
:1039000022074D8F2318E40483C5C70083C7D7005F
:10391000A207CD8F8355E4022319F4048147639BEA
:10392000C500035604036317D60083572403998FF9
:1039300093B71700231BF4048347E40093E71700B1
:103940002307F4002285EFE0EFCCE5B593071003E1
:10395000630AF71A93073003E316F7F22285EFE0C4
:103960006FCB832704090967D98F2328F408A3069E
:10397000040089B393070005630EF71C63E9E700B1
:10398000930770046306F71E93079004F1B793073B
:1039900030066301F720930750066307F72093076B
:1039A0005005E311F7EE834704042320040C23227F
:1039B000040C93E727002300F4042285EFD03FF89E
:1039C0008347E40023010404DD9B2307F4008327DD
:1039D000040993E70701BDA09307900963E7E70691
:1039E000930780096371F70C930750076307F71279
:1039F00063E7E70293073007E316F7E82285EFB0A5
:103A00002FB2E30905CA8547A300F4042285EFE03D
:103A10008F8383470404F99B2300F40461B993075F
:103A200050086304F71A93073009E31DF7E483474E
:103A30002404E39707DE2285EFE0CFBD8327040946
:103A400093E727002328F408EDB39307500A63EEA9
:103A5000E7009307400A6372F71A9307300AE313EB
:103A6000F7E22285EFE06FAAE9B39307400B630208
:103A7000F71A9307500B6309F71A9307300BE313F8
:103A8000F7E02285EFB0CFA9E30605C22285EFE07B
:103A90008FB18327040923010404C58F65B72285EC
:103AA000EFE04F8579B32285EFE0CFB68327040995
:103AB000A306740193E747002328F408E5BE832793
:103AC000C40E03C73700A302E41003C74700230353
:103AD000E41003C75700A303E41003C767002304DF
:103AE000E41003C77700A304E41003C7870083C76B
:103AF0009700A207D98F2315F4108347E40093E7BA
:103B000027003DBD2285EFD0FFCFD9472304F40421
:103B1000832704090967D98F45B72285EFE08FAF66
:103B2000B9B58347040E13F7170009C72285EFD0F4
:103B30007FD949B669472301E404918B81CB8D4538
:103B40002285EFE04F97A3067401ADB62285EFD032
:103B50007FFAD5BF2285EFD07FDC8347040423247E
:103B6000040C2326040C93E717002300F40499B6F1
:103B70008347040E918B99CB8D452285EFE0AF935F
:103B80008347E400DD9B2307F40065B12285EFD075
:103B90007FF6FDB72285EFD01FE4832704092301B8
:103BA000040493E7070479BD2285EFE0AFA6F5B7DB
:103BB0002285EFE02FA6E9472301F40483270409B7
:103BC00093E707042328F408BDBF2285EFE08FA404
:103BD0008347B401858B99CB83270409230104040F
:103BE000A30D040093E707202328F4088347340239
:103BF00093E71700A301F4022DB92285EFE08FA10E
:103C000083473402A306740193E71700A301F4026B
:103C100055B42285EFE00FA0A3067401230104042C
:103C200083270409C58F49BD2285EFE0AF9E8547F4
:103C3000A306F400F5B78327840E034784006FF0D2
:103C4000CFC71305A005CDB49387019F9C43BC53F8
:103C5000639707929737FF1F238207E0EF00206EDC
:103C600083C70A002285E207E18763DD070EEFF0D4
:103C70008F8B22852254B25092540259F249624AE3
:103C8000D24A424BB24B45616FB0BFA81307200D1B
:103C9000639AE70E9737FF1F83C717DC858BF1C741
:103CA0009737FF1FA38A07DA8347F401BDEF8347E5
:103CB000E40193F7E70FB5EB22859700FF1FE7803C
:103CC000805385476313F506938A019F03A70A0073
:103CD00093070019232637013CD3930700F8973642
:103CE000FF1F238DF6D6232627018347041583461D
:103CF000F414A207D58F86079736FF1F23A4F6D6A4
:103D000083470404858B91CFA285292983A70A00C4
:103D100013079007B8CB930710FD2306F4006FF04C
:103D20006F98930790053CCBFDB7112D8347F401A5
:103D30008DCB37C700400327073893F7070F81CB98
:103D40009305D0032285EFB0BFAA2301A4049737BF
:103D5000FF1F938727B89C5B89C7954513055008BB
:103D600082972285EFE0DFA029B79387019F9C43CC
:103D7000BC5399C36FF0AF809737FF1F238007CEE6
:103D80007D2BC5B76D2BF5B5411106C6EF603054DC
:103D90009737FF1F9387C7D717F7FFFF130727D062
:103DA000B240B8D317F7FFFF1307C7DEF8D34101BE
:103DB000828001119737FF1F938787D522CCE05768
:103DC00026CA06CE2AC42EC6854419E40145F2400F
:103DD0006244D24405618280834791000347140006
:103DE000858B6304F7000044CDB719469305A10005
:103DF00013052400EFF0AEFFE31795FE0545C1BFA4
:103E0000011126CA9734FF1F938484D022CCE0543A
:103E10004AC84EC652C456C206CE2A898149130AE0
:103E20002500854A21E89305802031459710FF1F22
:103E3000E780A0A22A84014525C0834719001946BE
:103E400093052900A300F400130524009700FF1F29
:103E5000E7802008FC54B1EB9737FF1F23A087D2DF
:103E600083D784062324040085071737FF1F2315F3
:103E7000F7D015A003471400834719006305F70026
:103E8000A289004445B71946D28513052400EFF0F6
:103E90000EF6E31755FF0545F2406244D24442490D
:103EA000B249224A924A05618280E38B09FA23A42F
:103EB00089007DB79737FF1F938787C5E85711E9BA
:103EC0009737FF1F23AC07CA9737FF1F239607CAF0
:103ED0008280411106C622C400459710FF1FE7806B
:103EE00060A1228575F8B24022449737FF1F23A7AF
:103EF00007C89737FF1F239107C841018280973772
:103F0000FF1F9387E7C023A6070623940706828036
:103F10009386C19D9C429843659B98C303471500B7
:103F200003482500220742084297034805004297AC
:103F3000034835006208429798D703475500034865
:103F4000650022074208429703484500429703480C
:103F5000750062084297D8D7034795000348A5002B
:103F60002207420842970348850042970348B5005C
:103F70006208429798DB0347D5000348E500220713
:103F8000420842970348C5000345F5004297620581
:103F90002A97D8DB03C7150003C525002207420571
:103FA0002A9703C505002A9703C5350062052A979D
:103FB00098CF03C7550003C56500220742052A971D
:103FC00003C545002A9703C5750062052A97D8CF17
:103FD00003C7950003C5A500220742052A9703C51C
:103FE00085002A9703C5B50062052A9798D303C7B1
:103FF000D50003C5E500220742052A9703C5C50081
:1040000083C5F5002A97E2052E97D8D3D843759B30
:10401000D8C3D84313671700D8C398431367170052
:1040200098C398425C43858BD9E31C4F014523001C
:10403000F6009C429C4FA183A300F6009C429C4F3B
:10404000C1832301F6009C429C4FE183A301F6004B
:104050009C42D84F2302E600D84F2183A302E600FA
:10406000D84F41832303E600D84F6183A303E600C2
:1040700098532304E60098532183A304E600985341
:1040800041832305E60098536183A305E600D853D6
:104090002306E600D8532183A306E600D8534183C4
:1040A0002307E600DC53E183A307F60082800100CA
:1040B0008DBF411106C6EFF0BFE5B2400145410199
:1040C00082809387C19D9C4303A7050C1605136549
:1040D000051088C398CB03A7450C0145D8CB03A78F
:1040E000850998CF03A7C509D8CF03A7050A98D398
:1040F00003A7450AD8D303A7850A98D703A7C50AFB
:10410000D8D703A7050B98DB03A7450BD8DB03A77C
:10411000850B98C703A7C50BD8C798431367070437
:1041200098C382809387C19D9C4303A7850C160585
:104130001365051088C398CB03A7C50C0145D8CBE0
:1041400003A7850998CF03A7C509D8CF03A7050AF8
:1041500098D303A7450AD8D303A7850A98D703A7FE
:10416000C50AD8D703A7050B98DB03A7450BD8DBF7
:1041700003A7850B98C703A7C50BD8C79843136738
:10418000070498C3930700F81737FF1F2309F78C1C
:1041900082809386019E90429727FF1F83C7A77452
:1041A000139787000C4293F7F703A2074D8FB7854B
:1041B00000014D8F18C21842F1759385F50F6D8F70
:1041C000D98F1CC237170040930770052300F704EE
:1041D000930780FA2300F704010001001726FF1F50
:1041E00003466670D14763FBC7048357270293E7F2
:1041F00007012311F7029C424567130787E7D8D7C9
:10420000984FA166558F98CF984FE1769386F60721
:10421000758F8D6693860650558F98CF130720159E
:10422000D8DB9707FF1F9387A70BB2073707001448
:10423000B183D98F37E700E07CD78280835727028C
:10424000C207C183BD9BC207C18365B71737FF1F74
:10425000130787809387419E9C43544B184F0966F0
:1042600094CBD4CB98CFD8CF9447D18E94C7D8478E
:10427000518FD8C794470566D18E94C7D847518FC0
:10428000D8C798431367270098C39843136707025A
:1042900098C382809387C19E9C4399CBD443904717
:1042A0009842518F98C2D447DC4B9842D98F9CC218
:1042B0001703FF1F6700431E9387C19E9C4399CB42
:1042C000944BD04B9842518F98C294439C4798424C
:1042D000D98F9CC29387019F9C43094798C31703BA
:1042E000FF1F6700631B9387C19E9C4399CBD443F8
:1042F00090479842518F98C2D447DC4B9842D98F4F
:104300009CC21703FF1F6700C3219727FF1F83C7A6
:1043100057758DE71727FF1F034777749307B7FF7C
:1043200093F7F70F894663EBF6009727FF1F238A61
:10433000E77285471727FF1FA305F772828013874F
:10434000019F1C4394438D8A85C2B44BE19AB4CB40
:10435000944393E6860094C39C438D83858B89C7E1
:1043600001000100010001001C4323A807049387FA
:10437000C19E9C4399CBD44390479842518F98C299
:10438000944BDC4B9842D98F9CC29727FF1FA38880
:10439000076C82809386019F9C4298430D8B05C3D6
:1043A000B84B619BB8CB98431367870098C39C4375
:1043B0008D83858B89C7010001000100010093876F
:1043C000019E9C4337080010D857719B1367270044
:1043D000D8D798433367070198C3984F370800F937
:1043E0007D1833770701370800023367070198CF3C
:1043F000984F137737F81367870198CF1387819FFA
:10440000032807000327C802759B2326E8021377B9
:10441000F6079043137606F8598E90C388C7CCC32D
:104420009727FF1F238A07629727FF1FA38807622A
:1044300098429727FF1F23830762FD475CC393873A
:10444000C19E9C4399CB904BCC4B1442CD8E14C251
:1044500090439C471442D58F1CC285679387870B76
:104460009726FF1F23A0F66085471CC3930790057E
:104470003CCB828041119727FF1FA384075E22C493
:1044800006C626C21724FF1F0344A45D954763197F
:10449000F4069727FF1F9387A767985F3E8483469C
:1044A0007700B1CA03465700B755550037C5898E06
:1044B00093855555130565EDEFF0DFED9726FF1F4A
:1044C00083C6F6599387A6FF93F7F70F0547636AEC
:1044D000F7009727FF1F2386D7589727FF1FA38230
:1044E000E75895471727FF1FA30BF7561C5C1307C8
:1044F00010FA2383E700B2402244924441018280B3
:104500009947631EF4029724FF1F93846460BC40A4
:1045100003C777006DD303C65700B755550037C59D
:10452000898E93855555130565EDEFF0BFE6972706
:10453000FF1FA3868752BC40130710FB5DBF9D473A
:10454000E31BF4FA9727FF1F83C7C752858B1726F3
:10455000FF1F034656549726FF1F83C6C65395C3B5
:104560009727FF1F93870753C84301CD8345150045
:104570000905792149D185471727FF1FA303F74E66
:104580009DBF81450145F5B71387019F1C439443A7
:104590008D8A85C2B44BE19AB4CB944393E68600EE
:1045A00094C39C438D83858B89C701000100010062
:1045B000010014439307A0051387819FBCCA93078A
:1045C000000ABCD29387019E9C4303280700D1C5F3
:1045D0000327C80213650504759B2326E802137799
:1045E000F5078843137505F8598D3747767188C3E9
:1045F0001307971298C73757550013075755D8C355
:104600001727FF1F230B07441727FF1FA307074484
:104610001727FF1F2304074423A20600D857B70516
:1046200000F0FD15719BD8D798436D8F98C3BC528D
:10463000FDFFA167938737301206DCC6130686118B
:10464000B0D2930700F81727FF1F2309F740B1677F
:1046500093873730DCC66FF03FC6984FB70500F937
:10466000FD156D8FB70500024D8F98CF984F1377CA
:1046700037F81367870198CF0327C802759B232655
:10468000E8021377F5078843137505F8598D37C786
:10469000898E88C3130767EDB1BF9727FF1F9387E4
:1046A000A73B9C4FA9CB411106C622C4EFF01FBA0D
:1046B0001384019F1522F923EFF0BFAD1C401307AF
:1046C000D005B8CBEF00B00FEF10405E2D27EF0004
:1046D000407A85471727FF1F2304F7381C4023A87B
:1046E0000704EFF09FC2B24022449727FF1FA38820
:1046F0000736410182808280411122C41724FF1FA6
:10470000130484351C4C06C626C285CB9384019FB6
:104710009C401307D005B8CBA92F9C4023A80704C1
:104720008347840085071727FF1F230BF732EFF01D
:10473000DFBD9727FF1FA3840732B2402244924473
:104740004101828023A6019EB7C7004023A2F19EAB
:104750001387073023AEE19C1387072023A8E19E2F
:104760009387071037D7004023ACE19E23A0F19E2A
:10477000054741119727FF1FA383E72E22C4172463
:10478000FF1F130424151C4006C69726FF1F23AFE6
:10479000F62C938707119726FF1F23ABF62C97273C
:1047A000FF1F238FE72AEFF05FEF37E700E0B7073F
:1047B00010002320F710B70620002320D71003078E
:1047C0004401635707001387019F1843FD177CD3EB
:1047D000B2402244410182809387019F9C4393060B
:1047E00000052947D4CBD8CF9305C008CCD31306F6
:1047F000C003D0D7CCDBD0DFF4C3F8C71307600FFA
:10480000B8CF316713073730D8C79707FF1F938793
:1048100027E2370700F07D8FB7E600E0B207F8C265
:10482000B18337070015D98FBCD682809387019E4C
:104830009C43B70600F9FD16984F758FB706000424
:10484000558F98CF984F137737F81367C70198CFD4
:104850001387819F1443F5CD37B724001307F7E979
:104860006361A7089843137707F81367570298C343
:1048700005476394E500130585C1D856370810FE37
:104880007D1813672700D8D64167130707A0335652
:10489000E5023377E5021305A00F7D8A93154601E3
:1048A000F042337606014D8EF0C2F042B705FCFFB0
:1048B0006D8E2A073357A7023A073983518FF8C202
:1048C0001727FF1F0347071B098B19CB9843137743
:1048D000F707936607049843137707F8558F98C333
:1048E0008280370725001306F7486363A6023767FF
:1048F000DBFF130707932A971306007D3357C70280
:104900007D1790431377F707137606F8518F85B715
:10491000130707496318E5009843137707F81367EF
:104920006702B1B737D725001307F777636DA70084
:104930003767DBFF130707932A971306007D33576A
:10494000C70279177DBF9843137707F8136777027B
:1049500039BFD856759BD8D61377F507884313759A
:1049600005F8498F98C3A9BF938701919C434111D2
:1049700022C406C626C282979727FF1F93878711F6
:104980008047630AA406BE849727FF1F938787F496
:104990008387470163D90704018D13545500972776
:1049A000FF1F83C7C70E6368F4049700FF1FE780EB
:1049B000E0DF98449727FF1F83C7670D9396570042
:1049C00036971D8C9726FF1F23AAE60CE37FF4FC85
:1049D0002244B24092441725FF1F0345B509814583
:1049E00041016FF0BFE4E37985FAB707C0A83384CB
:1049F000874022955DB7B2402244924441018280B3
:104A0000011126CA9384019F9C404EC652C498430C
:104A100056C25AC006CE22CC4AC80D8B2A8AAE890D
:104A2000328BB68A05C3B84B619BB8CB98431367EA
:104A3000870098C39C438D83858B89C70100010043
:104A4000010001001724FF1F1304C404834744011D
:104A50001729FF1F13090902918B99E78347090062
:104A600093F707046395071681451725FF1F034534
:104A70007500EFF0BFDB9387019E9C4303278900FD
:104A8000B706001098C70327C900D8C3D857719B31
:104A900013672700D8D79843558F98C383470900D9
:104AA0009840858B93E7E7015CC39727FF1FA3849A
:104AB00067FF9727FF1F238057FF5C43858BADC798
:104AC0005C4085E31725FF1F034595FC9305900483
:104AD00009059700FF1FE78040D89727FF1F23ADE8
:104AE000A7FA5C400545F1CB1727FF1F0347A7FA3C
:104AF0002380E7005C4063000A0E638E090CA380EC
:104B0000370148404E86D285090597F0FE1FE780A1
:104B1000403C9387419E9C435840D8CB9307000468
:104B20001727FF1F230AF7F2EFF02FFE83476401D8
:104B300093E747001727FF1F2309F7F69727FF1F63
:104B4000A38C07F09727FF1FA38A07F09727FF1F63
:104B5000238607F09D471727FF1FA302F7F097272B
:104B6000FF1F938727D79C5791CB13060064C1453D
:104B70001725FF1F034585F3EFE0BEBF9387C19E56
:104B80009C4399CBD44390479842518F98C2D447C5
:104B9000DC4B9842D98F9CC29727FF1F83C747EFF2
:104BA0009D0792071727FF1F232EF7EA9C40054712
:104BB000014598C313079005B8CBF2406244D24434
:104BC0004249B249224A924A024B05618280854598
:104BD0000325490079BDA380070025BF9387819FE6
:104BE00094430566D846518FD8C6514701007D17BA
:104BF00075FF9043FD76FD165846758F58C6514790
:104C000001007D1775FF94430566D846518FD8C6BD
:104C1000514701007D1775FF9443D846136717006D
:104C2000D8C6514701007D1775FF9443D846799B3C
:104C3000D8C6514701007D1775FF9443D8461367C6
:104C40001700D8C6514701007D1775FF9443D84619
:104C500013670710D8C6514701007D1775FF9443AD
:104C6000D8461377F7EFD8C6514701007D1775FF77
:104C700098435C4793E707105CC7D1470100FD17D5
:104C8000F5FF8280411106C6EFF05FF59387819FA3
:104C90009C43130700483703009098D7B8477D130B
:104CA000370E0020337767003367C701B8C7B847AE
:104CB000B70600F9FD16758F37060004518FB8C787
:104CC000B8473706F9FF7D16419B13679700B8C7B1
:104CD000B847B7080080B70E0002718FB8C7B84751
:104CE000370600FF7D1633671701B8C7F8474575CB
:104CF0007D1E619B13673700F8C7F8471377F7F8F5
:104D000013670703F8C7EC4793F5F58F93E5053074
:104D1000ECC7F847718FF8C7F84711663367D701BA
:104D2000F8C703A807051307F5FF7D753378E8007A
:104D30003368C80023A8070503A847057D15137825
:104D400008FF1368480023AA0705F04B13660608FE
:104D5000F0CBF04B698EF0CBC85F798D2167598D10
:104D6000C8DFCC5F37070040F58DB3E5D501CCDF58
:104D7000D05FB70570003376C601598ED0DFD057AB
:104D800009674D8ED0D7D057F18ED4D7D4577576CA
:104D90007D16F18ED98ED4D7D4573706FDFF7D16F8
:104DA00037070200F18ED98ED4D7945BC19A94DB79
:104DB000945B93F6F6F094DB945B93F6F68F94DBBA
:104DC000985BB70600504D8F98DB985B3377670090
:104DD000558F98DB985FB70608FFFD16758FB706ED
:104DE0001800558F98DF985FB368170123AC17033D
:104DF000B240410182801387819F1C4341767D161A
:104E0000B44BF18EB4CB944737062000D18E94C7B3
:104E1000D44793E60601D4C7D447BD9AD4C701004E
:104E200001000100010014430566DC4693E7070119
:104E3000DCC6DC42D18FDCC283A7C609A183858B87
:104E4000E5DF01000100010001001C43416603A7EA
:104E5000C709B44BD18EB4CB9376F701B84B019B05
:104E6000558FB8CB9847B706E0FFFD16758F98C7EA
:104E700082801388819F417703C6419F8327080062
:104E80007D1763180610B44FC1654111F98EB4CF78
:104E90009447C16E3D4FCD8E94C78D4F8147414E93
:104EA00083260800CC4693F5F5EFCCC6CC42B3E59B
:104EB000D501CCC2CC4693E50510CCC683A5C60867
:104EC000A1818589E5DD0100010001000100832643
:104ED000080003A5C608CC423D89F98DCCC2630504
:104EE000E50105061376F60F814513F3F50F636AA6
:104EF000F3006311F30493080101C6952388A5FE0E
:104F000015A8AE888505B302B10083C2F2FFE37E27
:104F100055FCBE8593020101AE9283C3F2FEFD15DE
:104F200093F5F50F238872FEE316B3FE0C08AE98D6
:104F30002388A8FE6308F601850793F7F70FE3912E
:104F4000C7F731C28347010021476371F702F517A4
:104F50002300F10083470100BD8B13977700BC4EFF
:104F600093F7F787D98FBCCE4101828011476374D4
:104F7000F700F917F1BF05476374F700FD17C9BFC4
:104F8000F1FB8D47F1B7BC4E93F7F78793E70728FE
:104F9000D9BFB44F4166F98EB4CF9447D18E94C730
:104FA000D44793F6F6EFD4C7D443758FD8C3D4470C
:104FB00093E60610D4C7D843518FD8C38280397185
:104FC00022DC1384819F1C4006DE26DA4AD84ED6A6
:104FD00052D456D25AD05ECE62CC66CA6AC86EC669
:104FE000D843FD76FD161377F7EFD8C39857758F22
:104FF00098D7D857B70602003D9BD8D79847558F0A
:1050000098C7D84313670701D8C303C7C19F83C696
:10501000F19F558F71E3D84381749384F40F799B8A
:10502000D8C3985FB166658F558F98DFD8431367F3
:105030001700D8C397F0FE1FE780607F1C4003A7CE
:1050400007091377F703238EE19E03A747092983F6
:105050001377F707A38FE19ED843B966938606704E
:10506000799BD8C3985F658F558F98DFD8431367B6
:105070001700D8C397F0FE1FE780607B1C4003A792
:1050800007091377F703238FE19E03A747092983B5
:105090001377F707A380E1A0D843B566938606305F
:1050A000799BD8C3985F658F558F98DFD843136776
:1050B0001700D8C397F0FE1FE7806077184083275A
:1050C000070993F7F703A38EF19E83274709A98366
:1050D00093F7F7072380F1A01C4003CCD19F83C630
:1050E000C19F03A7070AB386864113F6F600419BCA
:1050F000518F23A0E70A130760023387E6021306E5
:10510000700283A5070A7D7E130EFE0F93F5F5F05E
:105110001305400245737D13130430023347C70261
:10512000B708F1FFFD1813082002930E10027D4FFF
:10513000F94FF542F1436D4DD14B454BBD443949D3
:10514000314AAD4AB5493D8B12074D8F9305500248
:1051500023A0E70A3387B60283A5070AB3F5C50182
:105160003347C7023D8B22074D8F23A0E70A3387C1
:10517000A60283A5070A370500F17D15B3F5650082
:105180003347C7023D8B32074D8F23A0E70A338791
:10519000860283A5070A6144B3F515013347C702A8
:1051A0003D8B42074D8F23A0E70A3387060383A573
:1051B000070A370810FF7D18B3F505013347C7020A
:1051C0003D8B52074D8F23A0E70A3387D60383A573
:1051D000070AB70E0010FD1EE98D3347C7023D8B4D
:1051E00062074D8F23A0E70A139756003347C70283
:1051F0009315C70103A7070A3377D7014D8F23A063
:10520000E70A3387E6035D4F3347C7029375F7001C
:1052100003A7470A419B4D8F23A2E70A3387F60372
:1052200083A5470AD94F93F5F5F03347C7023D8B65
:1052300012074D8F23A2E70A3387560283A5470A38
:10524000D542B3F5C5013347C7023D8B22074D8FC9
:1052500023A2E70A3387760283A5470ACD43B3F535
:1052600065003347C7023D8B32074D8F23A2E70A03
:105270003387A60383A5470A494DB3F51501334784
:10528000C7023D8B42074D8F23A2E70A6947338748
:10529000E60283A5470AB3F505013347C7023D8BF4
:1052A00052074D8FE54523A2E70A3387B60283A54F
:1052B000470AE98D3347C7023D8B62074D8F23A212
:1052C000E70A338786020D443347C7029315C701A7
:1052D00003A7470A3377D7014D8F23A2E70A338705
:1052E000E603254F3347C7029375F70003A7870AE4
:1052F000419B4D8F23A4E70A3387F60383A5870AD2
:105300009D4F93F5F5F03347C7023D8B12074D8F44
:1053100023A4E70A3387560283A5870A9942B3F587
:10532000C5013347C7023D8B22074D8F23A4E70AEF
:105330003387760383A5870AB3F565003347C70231
:105340003D8B32074D8F23A4E70A3387760283A56E
:10535000870A9543B3F515013347C7023D8B4207D2
:105360004D8F23A4E70A3387A60383A5870A294D17
:10537000B3F505013347C7023D8B52074D8F23A478
:10538000E70A3387660383A5870AE98D3347C70297
:105390003D8B62074D8F93954600B3C5C50223A48C
:1053A000E70A03A7870A3377D701F2054D8FB38544
:1053B000960223A4E70A03A7C70A419BB3C5C50207
:1053C000BD894D8F23A6E70A3387260383A5C70A25
:1053D00093F5F5F03347C7023D8B12074D8FB3C5E8
:1053E000860223A6E70A03A7C70A3377C701BD8948
:1053F000A2054D8F23A6E70A3387460383A5C70A74
:10540000B3F565003347C7023D8B32074D8F23A6A6
:10541000E70A3387560383A5C70AB3F51501334757
:10542000C7023D8B42074D8F23A6E70A3387A603A9
:1054300083A5C70AB3F505013347C7023D8B520761
:105440004D8F23A6E70A3387E60383A5C70AE98DB4
:105450003347C7023D8B62074D8F93953600B3C526
:10546000C50223A6E70A03A7C70A3377D701F205C7
:105470004D8FB385F60323A6E70A03A7070B419BCD
:10548000B3C5C502BD894D8F23A8E70A33875602ED
:1054900083A5070B93F5F5F03347C7023D8B120741
:1054A0004D8F23A8E70A3387760283A5070BB3F550
:1054B000C5013347C7023D8B22074D8F23A8E70A5A
:1054C000139726003347C70283A5070BB3F5650082
:1054D0003D8B32074D8FB3C5360323A8E70A03A7D8
:1054E000070B33771701BD89C2054D8F23A8E70A43
:1054F000139716003347C70283A5070BB3F50501C1
:105500003D8B52074D8FB3C5C60223A8E70A03A7F8
:10551000070B698FBD89E2054D8F23A8E70A03A712
:10552000070B930580023377D70123A8E70A03C747
:10553000E19F3307EC40B34DB70283AC470B93FCBC
:105540000CFFB34B770393FDFD00B3ECBC0123AA22
:10555000970B83AC470BCD4D93FCFCF093FBFB000A
:10556000920BB3EB7C0123AA770BB30B870283ACBE
:10557000470BB3FCCC01B3CBBB0293FBFB00A20BEC
:10558000B3EB7C01B34CA70323AA770B83AB470B88
:10559000B3FB6B0093FCFC00B20CB3EB9B0123AAA2
:1055A000770BA14BB34B770383AC470BB3FC1C01C8
:1055B00093FBFB00C20BB3EB7C0123AA770BB30B6D
:1055C000570283AC470BB3FC0C01B3CBBB0293FB7C
:1055D000FB00D20BB3EB7C0123AA770BB30BF703D1
:1055E00083AC470BB3FCAC00B3CBBB0293FBFB001B
:1055F000E20BB3EB7C01B34C770223AA770B83ABAE
:10560000470BB3FBDB01F20CB3EB9B01B30CE703DD
:1056100023AA770B83AB870B93FB0BFFB3CCBC02A6
:10562000B30A570393FCFC00B3EB9B0123AC770B4D
:10563000914B83AC870B93FCFCF0B34B7703330A9D
:10564000470393FBFB00920BB3EB7C0123AC770B7E
:1056500083AB870BD54CB3FBCB01B3CABA02B309FA
:10566000370393FAFA00A20AB3EA5B0123AC570BA3
:1056700083AA870BD94BB3FA6A00334ABA023309BB
:105680002703137AFA00320A33EA4A0123AC470BA4
:1056900003AA870BE14A337A1A01B3C9B902B304EA
:1056A000970293F9F900C209B3693A0123AC370BA9
:1056B00083A9870B654AB3F909013349B902B3C419
:1056C000B4021379F900520933E9290123AC270BFD
:1056D00003A9870BE9493379A900330B6703BD8818
:1056E000E204B36499001319470023AC970A83A41A
:1056F000870BB3F4D4013349B902334BBB027209AF
:10570000B3E4240123AC970A83A4C70BC198137B8D
:10571000FB0033EB6401C944B304970223AE670B6B
:1057200003A9C70B5D4B1379F9F0B3C4B402BD886C
:105730009204B364990023AE970AB304B70303A994
:10574000C70BF54D3379C901B3C4B402BD88A204B7
:10575000B364990023AE970A8944B344970203A91E
:10576000C70B33796900BD88B204B364990023AED6
:10577000970AB304970303A9C70BF94C33791901AE
:10578000B3C4B402BD88C204B364990023AE970ABF
:10579000B304770303A9C70BFD4B33790901B3C4E5
:1057A000B402BD88D204B364990023AE970AB3044F
:1057B000670303A9C70B130B10023379A900B3C405
:1057C000B402BD88E204B364990023AE970AB3041F
:1057D000570303A9C70B930A20023379D901B3C435
:1057E000B402F204B364990023AE970AB3044703EA
:1057F00003A9070C130A3002137909FFB3C4B402DA
:10580000BD88B364990023A0970CB304370303A9A0
:10581000070C930940021379F9F0B3C4B402BD88B0
:105820009204B36499006D4923A0970CB304270335
:1058300003A9070C3379C901B3C4B402BD88A2041B
:10584000B364990023A0970CF144B304970203A911
:10585000070C33796900B3C4B402BD88B204B364E1
:10586000990023A0970CB304B70303A9070C33795D
:105870001901B3C4B402BD88C204B364990023A063
:10588000970CB304970303A9070C33790901B3C438
:10589000B402BD88D204B364990023A0970CB3046A
:1058A000770303A9070C3379A900B3C4B402BD88F8
:1058B000E204B364990023A0970C93145700B3C477
:1058C000B4021399C40183A4070C3306C702B3F4CE
:1058D000D401B3E4240123A0970C03A9470C137946
:1058E00009FFB3046703B3C4B402BD88B36499006D
:1058F00023A2970CB304570303A9470C1379F9F0BB
:10590000B3C4B402BD889204B364990023A2970C77
:10591000B304470303A9470C3379C901B3C4B402E4
:10592000BD88A204B364990023A2970CB304370383
:1059300003A9470C33796900B3C4B402BD88B2042B
:10594000B36499001309500223A2970CB3042703F0
:1059500003A9470C33791901B3C4B402BD88C2044A
:10596000B364990023A2970C93046002B3049702D6
:1059700003A9470C33790901B3C4B4023346B60214
:10598000BD88D204B364990023A2970C83A4470C6A
:10599000E98C3D8A6206458E23A2C70C03A6470CFC
:1059A0009314C7013376D601458E23A2C70C130684
:1059B00090023306C70283A4870CC1983346B6020F
:1059C0003D8A458E23A4C70C1306A0023306C702E6
:1059D000B345B60203A6870C1376F6F0BD8992058F
:1059E000D18D23A4B70C83C501A003C611A03386B3
:1059F000C540B304A60303A9870C3379C901B3C416
:105A0000E40293E48400BD88A204B364990023A453
:105A1000970CB304E60303A9870C33796900B3C478
:105A2000E40293E48400BD88B204B364990023A423
:105A3000970C93143600B3C4E40203A9870C33799E
:105A4000190193E48400BD88C204B364990023A4BF
:105A5000970CB304F60303A9870C33790901B3C487
:105A6000E40293E48400BD88D204B364990023A4C3
:105A7000970CB304560203A9870C3379A900B3C469
:105A8000E40293E48400BD88E204B364990023A493
:105A9000970CB304760203A9870C3379D901B3C4F8
:105AA000E40293E48400F204B364990023A4970C05
:105AB00093142600B3C4E40203A9C70C137909FFA9
:105AC00093E48400BD88B364990023A6970CB304C3
:105AD000860203A9C70C1379F9F0B3C4E40293E476
:105AE0008400BD889204B364990023A6970C931494
:105AF0001600B3C4E40203A9C70C3379C9013347C4
:105B0000E60293E48400BD88A204B364990023A64E
:105B1000970C03A6C70C33766600136787003D8B8E
:105B20003207518F23A6E70C03A7C70C3377170161
:105B300023A6E70C03C7F19F0D8F3346D70293F5D9
:105B4000F507E2053D8A9314460103A6C70C33040A
:105B5000870233760601458E23A6C70C131617005D
:105B600083A4C70CE98C3346D6023D8A6206458E73
:105B700023A6C70C03A6C70C3344D402B37ED601B8
:105B800013162700B3037702720433E48E0023A6B2
:105B9000870C3346D602B3025702937EF60003A663
:105BA000070D419A3366D60123A8C70C03A6070D3B
:105BB000B3C3D3021376F6F0B3C2D20293F3F30069
:105BC0009203B363760023A8770C03A6070D337EF8
:105BD000C601B30FF70393F2F200A202B3625E00B4
:105BE00023A8570C03A6070D33736600131637005E
:105BF000B3CFDF02330FE70393FFFF00B20FB36FA2
:105C0000F30123A8F70D03A3070DB378130133465F
:105C1000D602330DA7033D8A420633E6C80023A807
:105C2000C70C03A6070D33780601334FDF02B346D6
:105C3000DD02137FFF00520F336FE80123A8E70D49
:105C400003A7070D798DBD8AE206C98E23A8D70C5C
:105C5000D84385663D9BD8C3D843799BD8C3985712
:105C6000558F98D7D857B7060081FD1613670701DF
:105C7000D8D71377FC0303AC8703137C0CFC336C7D
:105C8000EC0023AC8703985F758FD98D8CDF62544D
:105C9000F250D2544259B259225A925A025BF24BF4
:105CA000624CD24C424DB24D216182809387819FDC
:105CB00098435C4393E707105CC38280411106C69A
:105CC000712B93056040EF10E02FB2400145410178
:105CD0008280E1A319C591C509C683570600014515
:105CE0009DE301110565C9471306F100130555C36E
:105CF000854506CEA307F100EF10802CF240034546
:105D0000F10005618280828001111305910006CEA9
:105D10004D2B2304A1000565300025059D45EF109E
:105D2000202AF2400345810005618280011193051C
:105D3000F10006CE22CC2A847D232306A10005652E
:105D4000A30681007000218013055540914523076B
:105D50008100EF10E026F24062440345C100056176
:105D6000828001111305D10006CE792B2306A100F4
:105D70000965700009059145EF108024F240034544
:105D8000C10005618280011106CE792BA307A10015
:105D900009651306F10015058545EF106022F240F4
:105DA0000345F10005618280011106CE2D25A30770
:105DB000A10009651306F10019058545EF10402083
:105DC000F2400345F10005618280011106CEE12D0C
:105DD000A307A10009651306F10021058545EF1011
:105DE000201EF2400345F10005618280011106CEBC
:105DF000FD2DA307A10009651306F10025058545C2
:105E0000EF10001CF2400345F10005618280011192
:105E100006CE1527A307A10009651306F100290581
:105E20008545EF10E019F2400345F10005618280DD
:105E3000011106CEEF00F000A307A10009651306CB
:105E4000F10031058545EF10A017F2400345F10040
:105E500005618280011106CEEF00F007A307A100C3
:105E600009651306F10039058545EF106015F2400C
:105E7000014505618280011106CEEF00703CA30749
:105E8000A10009651306F10041058545EF10401397
:105E9000F2400345F10005618280011106CEEF005A
:105EA000901DA307A10009651306F100450585456E
:105EB000EF100011F2400345F100056182804111AD
:105EC00006C622C4EF00F0238965CD052A84EF10B1
:105ED000600F2285B24022444101828001111305E6
:105EE000510006CEEF00F03A2302A10009655000F0
:105EF0006105A545EF10C00CF240014505618280A7
:105F0000411106C6EF00503C8965E505EF10800B96
:105F1000B240014541018280011106CE22CC2A8483
:105F2000EF0030552306A1000965A306810070002B
:105F3000218069058D4523078100EF106008F2403C
:105F40006244014505618280011106CE22CC2A847B
:105F5000EF00D05D2306A1000965A3068100700053
:105F600021806D058D4523078100EF106005F2400B
:105F70006244014505618280011106CE22CC2A844B
:105F8000B52F2306A1000965A306810070002180BA
:105F9000130505028D4523078100EF106002F240D2
:105FA0006244014505618280011106CE22CC2A841B
:105FB000EF00D0082306A1000965A3068100700048
:105FC0002180130515028D4523078100EF00507FC6
:105FD000F2406244014505618280011106CEEF0066
:105FE0009059A307A10009651306F1001305750276
:105FF0008545EF00F07CF2400345F10005618280A9
:10600000011106CEEF001062A307A1000965130677
:10601000F100130595028545EF00907AF2400345A3
:10602000F10005618280011106CEEF00B060A30788
:10603000A10009651306F1001305D5028545EF009F
:106040003078F2400345F10005618280011106CEEF
:10605000EF009063A307A10009651306F100130583
:10606000E5028545EF00D075F2400345F10005617A
:1060700082806F0030669717FF1F83D707AA99E7C2
:106080009307F01F1717FF1F2319F7A89717FF1F74
:1060900083D7A7A8A146014513F707108607C207B3
:1060A0003357D740C183598D13D6574013D79740E4
:1060B000318F058BFD161375F50FD98FF1FE17176C
:1060C000FF1F231CF7A482809717FF1F83D707A504
:1060D00081EBE17793C7F7FF1717FF1F2310F7A492
:1060E0009717FF1F83D787A3B94601451168194643
:1060F00033F707018607C2073357D740C183598D4D
:1061000013D7E74093D5F700058B2D8FFD16137538
:10611000F50FD98FE39EC6FC1717FF1F2310F7A0BA
:106120008280011126CA4AC84EC656C29717FF1F61
:106130009387879206CE22CC52C4AE843289B68A27
:1061400083A9470131CDAD472A8463E3A702130435
:10615000F5FF1374F40F6300090A8547631FF908FC
:1061600026869305000F13852900EFD02EC281A843
:10617000B147630AF5029307600263E5A7001304C1
:10618000E5FFC1BF930770024945E306F4FCF24006
:106190006244D2444249B249224A924A056182800D
:1061A000130450024DBF1304600275B7EFF0BFEC4B
:1061B000B38749012381A700050AE3499AFE1379B1
:1061C000F900E20A23802901A380990093DA8A4129
:1061D0002686854563C30A0081452285EFE0CFBA54
:1061E0009717FF1F83D7479385071717FF1F23159F
:1061F000F792014569BF014AC9B789476316F9009B
:1062000026869305A00A85B78D47631EF900014ACB
:1062100001A8EFF07FEBB38749012381A700050AAE
:10622000E3499AFE69BF91476316F90026869305F4
:10623000F00F15BF95476315F9002686814525B7F0
:1062400099476315F9002686BD4531BF9D474945ED
:10625000E31FF9F226869305500531B7011106CEEA
:106260002EC6EF905FF205C903476500AA8749452E
:10627000418B01CFB24503C777002384B70409EBF4
:1062800013070003A386E7000145F2400561828001
:1062900013071003C5BF4945CDBF011106CE22CC5F
:1062A0002EC6EF905FEE01CDB2452A84EF904FD419
:1062B0002301A4040145F2406244056182804945FE
:1062C000DDBF1717FF1F1307A78481479946834532
:1062D00087083306F50085072300B6000507E39815
:1062E000D7FE01458280011106CE2EC6EF90BFE990
:1062F00011C983074501B24501452380F500F240ED
:10630000056182800945E5BF9707FF1F9387875C7A
:1063100003C7F700A30005002300E50083C70701BA
:106320002301F5000145828019E1494582809707E4
:10633000FF1F9387E77D985B411122C406C62A841C
:1063400009C703477700314539EF985F09C703470D
:106350007700314529EBBC4389C783C777003145B6
:10636000B9E385471946A2851715FF1F1305258335
:106370001707FF1F230FF77897E0FE1FE78060B530
:10638000834754001307000C93F7070C6391E7024F
:106390001946A2851715FF1F1305C58097E0FE1F3C
:1063A000E78020B30145B24022444101828081EB65
:1063B0001946A2851705FF1F1305257FC5B71307CB
:1063C00000044945E391E7FE1946A2851705FF1F22
:1063D0001305057EE1B7170EFF1F130E6E7303231F
:1063E0004E036300030C797122D403240E0326D2DA
:1063F0004AD04ECE52CC56CA5AC85EC662C406D6E1
:10640000C689428A3E89BA8A368BB284AE8B2A8C80
:1064100009E402932A840D4521C4231B8401231C13
:1064200074018547639AF404A3089400A3026407E7
:10643000194681454A85EFD08E9F2DE18547230679
:10644000F406A30654071946CA851305E40697E027
:10645000FE1FE78000A823094401A306340101457B
:10646000B250225492540259F249624AD24A424BE3
:10647000B24B224C4561828089476396F40099476C
:10648000A308F40065B70D47E38CE4FE91476394DD
:10649000F400C547F5B7A308040049BF2306040666
:1064A0005DBF494582801707FF1F130767665C5B66
:1064B000011126CA06CE22CCC94485C72A84085BAE
:1064C00011E52EC682978D44B24501CD1376F401B5
:1064D000A309C500814411C4790597E0FE1FE78038
:1064E000409FF24062442685D244056182801707AE
:1064F000FF1F1307E7615C5B85CF011122CC2A8463
:10650000085B06CE11E52EC682978D47B24501CDB8
:106510001376F401230AC5001305E50397E0FE1F77
:10652000E780209B8147F24062443E85056182807E
:10653000C9473E8582809707FF1F9387675DD85BB9
:1065400019E349458280411106C622C411E99C5BCA
:10655000DDC783C77700C5C7EF40C00B01454DA01D
:106560008546631ED508805B0DEC02972A8461C9BD
:10657000856793870780231BF500231CF5009D4743
:10658000A30805002309F500A3020506194697058F
:10659000FF1F938565601305650697E0FE1FE78082
:1065A0004093034774008547630BF7048347140146
:1065B000B98B8DCF8347140113F7F7002304E40050
:1065C00005476393E70499470566231DF400130606
:1065D000068091451705FF1F0345B533EFD06E992F
:1065E0000323C4072244B24041010283EF80DF92BB
:1065F0009707FF1F83C7C72F8D8BE31DF5FA49450A
:10660000B2402244410182800357840183576401D0
:106610009166BA978587139707014183231DE4008C
:1066200063D5F600231DD40065BF93060002BA8728
:106630006374D70093070002231DF40055B70D457E
:10664000C1B79707FF1F9387A74CD85F59C3411164
:1066500022C406C62E8401ED9C5F91E74945B240F5
:10666000224441018280EFC0EF860145CDBF8546BF
:10667000E316D5FE9C5F91EF0297AA870D45E5D3FF
:106680004147A38507002399E700239AE700A382E7
:10669000070203C7770079F383D627011167637474
:1066A000D7002399E70003D7270183D647016374F6
:1066B000D700239AE70003D74701930650052387A5
:1066C00087003307D7022187239BE700BC438297CB
:1066D00069BF314582809707FF1F93876743BC439B
:1066E000314581CF83C7770089CB411106C6EF4082
:1066F0006042B2400145410182808280011126CA78
:106700004AC84EC652C456C25AC02E89368BBA8960
:10671000BE8A06CE22CCB284428AEF90DFA613074F
:10672000A9FF4207856741839386A7C763E6E61002
:10673000938707C82A84494563E8970A63E6240BD0
:106740001307301F6362670B63E0370B93071B006F
:10675000B387970213973900860763D7E70849C4C0
:106760008347E40013F747003DC7ED9B2307F40080
:10677000834774002314240723159406D5E7035791
:10678000C405C167FD17630BF706631999068357A4
:10679000E4022315E4042316F4049707FF1F83D7AC
:1067A000E73C8D46114763E5F600850713F7F70FC1
:1067B000A304E4042285EF802FF883574403A9073C
:1067C0002319F4048327440993E74700232AF40894
:1067D000C547230DF4002316540723174407231736
:1067E0006405231834050145F2406244D24442490D
:1067F000B249224A924A024B05618280835784053E
:1068000091C7B3D4F402B387970271B7B305990067
:1068100085814A85EFD0EECD2316A4049305C404E8
:106820002685EF30E04C95BF832744090967D98F4F
:10683000232AF408C14771BF49457DB701112EC60F
:1068400006CEEF905F94B24509E54945F2400561F7
:1068500082808347E5002301B50413F7470075D70D
:10686000ED9B2307F500832745091167D98F232A5C
:10687000F5080145E1BF1707FF1F130767291C5BD8
:1068800081CB83C6770089C683C6D700C947A1E2FA
:106890001C5F89CB83C6770091C683C6C700C947F2
:1068A000858A95E63C4381CB03C7770009C703C7B8
:1068B000D700C94709EF9707FF1F83D7E7011707DD
:1068C000FF1F0357672BA983636AF7009D473E8527
:1068D00082809D47F2403E85056182800111A304BC
:1068E000A10019461305A10006CE97D0FE1FE78030
:1068F000405E2800EFD0CFD08547E31CF5FC8147F0
:10690000D1BF011126CA4AC806CE22CCAE84328934
:1069100036C63AC43EC242C0EF90FF86630E0510F1
:106920009385A4FFC2050566C1819308A6C72A8482
:10693000494563E2B808130606C8636E2607636C10
:106940009906B2469305301F63E7D5062247636474
:10695000E606138616003306960293153700635C2D
:10696000B6040346E400058A39E68325440913F694
:10697000650031E2924702482318E404034774009B
:106980002316F4062314940623152407231704075B
:106990002317D4048347A401014551E389EF8347BA
:1069A000840D898B99CF93E52500232AB408C94724
:1069B000230DF4000145F2406244D244424905618E
:1069C0008280638B2405B305990085812685EFD0ED
:1069D0004EB22316A4049305C4044A85EF30403117
:1069E0009707FF1F83D787188D46114763E5F60089
:1069F000850713F7F70FA304E4042285EF80CFD3B4
:106A000083574403A9072319F4048327440993E710
:106A10004700232AF40861BF23169404D1B7C1FFAD
:106A20008347040E898B99CB93E52500CD47232A14
:106A3000B408230DF40041B74945B5BF6945A5BF6A
:106A40009707FF1F9387C70C985B01CB834677009E
:106A500089C60347D700494505EF985F09CB8346B0
:106A6000770091C60347C7004945058B15E3BC4332
:106A700081CB03C7770009C783C7D700494589EB96
:106A8000411106C6EFD00FC3B240014541018280DB
:106A90008280411122C426C24AC006C62A89014406
:106AA000A1449305F00F0545EFD06EA2B30789000E
:106AB0002380A7000504E31694FEB24022449244CA
:106AC0000249014541018280011126CA4AC806CE09
:106AD00022CC2EC63289B684EF90EFEA63090518FE
:106AE000834775002A84B2450945DDEB214613052D
:106AF000F41097D0FE1FE780C03DA30B241113595B
:106B00008900230C241183C7E40003C7D400A20723
:106B10004207BA9703C7F400BA9703C7C4006207D5
:106B2000BA972324F40A83C7A40003C79400A207DA
:106B30004207BA9703C7B400BA9703C78400620735
:106B4000BA972326F40A83C7640003C75400A20738
:106B50004207BA9703C77400BA9703C74400620795
:106B6000BA972328F40A83C7240003C71400A20796
:106B70004207BA9703C73400BA9703C704006207F5
:106B8000BA97232AF40A834704048DC38547A300D8
:106B9000F4048327440993E70702232AF4080145F4
:106BA000F2406244D244424905618280EFC05E8176
:106BB00093578500A30CA410230DF41093570501DF
:106BC0006181A30DF410230EA410EFC06EFF0347E4
:106BD000B4110346A41193570501220742063297C8
:106BE0000346C41193558501935685003297034699
:106BF0009411A30EA410A30FF4106206329723225F
:106C0000E40A41679304F7FFA2076205230FD4103B
:106C10002E953709FF00E58FC206B3F62601AA9725
:106C2000B6972320F40A2300B412EFC06EF913576D
:106C300085009356850193570501A300A4122301F3
:106C4000E4122302D4121375F50FE2062207A30102
:106C5000F4123695658FC207B3F727013A953E9532
:106C600083274409232CA40A93E707043DB7094569
:106C700005BF011106CE2EC6EF90EFD055C5834754
:106C800075002A870545B245639DA7088346D7004E
:106C90009307600401456396F60883C7E50083C641
:106CA000D500A207C206B69783C6F500B69783C67D
:106CB000C500E206B6972324F70A83C7A50083C65A
:106CC0009500A207C206B69783C6B500B69783C6DD
:106CD0008500E206B6972326F70A83C7650083C6B8
:106CE0005500A207C206B69783C67500B69783C63D
:106CF0004500E206B6972328F70A83C7250083C616
:106D00001500A207C206B69783C63500B69783C69C
:106D10000500E206B697232AF70A93070005A306A3
:106D2000F700F240056182800545E5BF411106C6C6
:106D3000EF906FC51DCD834675000547AA870945AD
:106D40006396E60283C6D700130760046390E602E9
:106D500019472381E70413077004A386E70003C7DC
:106D60003702014513671700A381E702B2404101D2
:106D700082800945E5BF9707FF1F938767D9985B16
:106D80001D7186CEA2CCA6CACAC8CEC609C7034703
:106D90007700314441E3985F09C7034777003144E6
:106DA00035EBB84309C703477700314425E7170798
:106DB000FF1F035767B29709FF1F83C969DC298347
:106DC0001D4463F9E90483C78707314493F7070437
:106DD000B1C33289A303A10019462800B68497D015
:106DE000FE1FE780000F4146CA851305E10297D0D8
:106DF000FE1FE780000E4146A6851305E10197D0EE
:106E0000FE1FE780000D4800EF30106C7D15631306
:106E1000350101442285F6406644D6444649B649C8
:106E200025618280411106C6EF30707EB240014577
:106E3000410182801707FF1F130787CD1C5B89C79D
:106E400083C67700C9478DEE1C5F89C783C677006C
:106E5000C9479DE63C4389C703C77700C9470DE38F
:106E60009707FF1FA386A7CA9707FF1F83C757D29D
:106E700011C993E767001707FF1FA30BF7D08147DE
:106E80003E858280E59BC5BF130700643305E5029C
:106E900041119707FF1F9387A7C722C4E05B26C253
:106EA0004AC006C6BE841309F00F1707FF1F23252B
:106EB000A7C801E8B2402244924402490145410179
:106EC000828003450400630525018C54EFC05EAC4D
:106ED000405CC5B7011126CA4AC84EC606CE22CCB0
:106EE0002E89B289B684EF900FAA59C5639D090017
:106EF00085472381F1A00145F2406244D2444249D2
:106F0000B2490561828003C721A085472A846315A1
:106F1000F700238101A009494165130545F5EF906C
:106F20004FA80DCD8347E5002317F5008327040FF5
:106F300095E32328A40E232AA40E930710F8F9142E
:106F40002320050023163501A304F50023042501A1
:106F500044C155B78327440F88C3F1BF9707FF1F6C
:106F6000938747979C5B1D45C1DB956505459385D8
:106F7000555582971D4549B70945BDBF03430100DB
:106F80001AC06F700FB06F70EFBB6F706FC16F7012
:106F90004FC76F700FCD6F708FD26F706FD6035366
:106FA0000100035E4100834E81001AC072C276C4A4
:106FB0006F70CFDA6F700FEC6F700FF06F708FF42F
:106FC0006F70AFF96F704FFF6F705F8B6F701F83C3
:106FD0006F707F8682806F707F8E23A2A1A08280D7
:106FE0001307850183570500110593C7F7FF231E7B
:106FF000F5FE8347E5FF93C7F7FF230FF5FEE31385
:10700000E5FE828099473305F50201110A86C145E4
:1070100006CE130505021375E50FEFC03EFA11E524
:107020000345C100F240056182800145E5BF411181
:1070300022C426C24AC006C6814401441389C1A0A5
:1070400083C711A16369F400B24022442685024936
:107050009244410182808327090013154400194698
:107060009305F00F3E95EFC08EDC01E5850493F4A7
:10707000F40F05041374F40FE1B79387C1A3884399
:1070800005C1411106C6EFC00E9723AE01A293873A
:1070900011A183C70700B2402385F1A0410182807E
:1070A000938711A183C707002385F1A082801D71FA
:1070B000A6CA86CEA2CCCAC883C7A1A0AA84639E52
:1070C000A700854503C521A1EFC0CEE7894503C5CB
:1070D00021A1EFC02EE7EFF05FFA194933892403AD
:1070E0007000C1451379F90F130409021374F40FEA
:1070F0002285EFC0BEEC09C901442285F6406644F2
:10710000D64446492561828019469305F00F6800F0
:10711000EFC0EED175F1680041469305F00FEFC066
:10712000EEC6481871469305F00FEFC02EC66808EA
:1071300061469305F00FEFC06EC57000C145228512
:10714000EFD08E962A84130519025018F145137555
:10715000F50FEFD06E95498C130529025018F145B3
:107160001375E50FEFD04E941374F40F498C13058B
:1071700039025018C1451375F50FEFD0EE92137414
:10718000F40F498C130549025018C1451375E50FDA
:10719000EFD08E911374F40F498C130559025018D7
:1071A00091451375F50FEFD02E901374F40F498CA1
:1071B000138504077008E1451375F50FEFD0CE8EE7
:1071C0001374F40F498C03C541851374F40FEFD089
:1071D0000E8825B7411122C406C60145014483C764
:1071E00011A16373F40009C5B240224441018280B9
:1071F00022850504EFF0BFEB1374F40FCDB74111F6
:1072000022C426C206C64AC00144EF709F8B9384F5
:10721000C1A083C711A16368F400B2402244924424
:1072200002494101828088401319440019469305A0
:10723000F00F4A95EFC0AEBF09E58C40CA95EF70DC
:107240009F8805041374F40FE9B7397122DC4AD81A
:1072500052D406DE26DA4ED60144EF70DF89138958
:10726000C1A0194A83C711A1636AF400F2506254A5
:10727000D2544259B259225A216182800325090011
:107280009319440019469305F00F4E95EFC02EBA9E
:1072900039E133054403832709000A86C145CE97A7
:1072A00083C4570093F4040C938404F81305350247
:1072B0001375F50FEFC09ED01008C1450945EFC00A
:1072C000FECF83250900B334900014080A86CE95BA
:1072D0002685EF701F8205041374F40F61B7011146
:1072E00006CEEFF0DFD40547A9476373A7008947AF
:1072F0001306F10085451545A307F100EFF07EE781
:10730000F24005618280011122CC26CA4EC606CE0B
:107310004AC801449384C1A0994983C711A16362FB
:10732000F404EFF0DFD0938781A203C711A183C7D4
:107330000700631DA70693E717002384F1A283C704
:1073400091A099C3EFF0BFEB83C781A099C3EFF081
:10735000DFEF6244F240D2444249B24905616FF026
:107360001FF833053403904013194400C1454A9671
:10737000130505021375E50FEFC05EC405C588400F
:1073800019469305F00F4A95EFC04EA08840194664
:107390009305F00F4A951905EFC04E9F9C403E990A
:1073A0002316090005041374F40F85BF93F7E70F44
:1073B00069B70355250083C521A16F008FF8397186
:1073C00022DC19443384850226DA4AD806DEA14736
:1073D000AA8432891374F40F6398F6041304240208
:1073E0007146814548081374F40F3AC6EFC00E9AEF
:1073F0005008F1452285EFC07EBC0DE18347E102D4
:10740000A5463247E51793F7F70F63E9F600BA860A
:107410005008937519002685EFD07ECBF250625448
:10742000D2544259216182801304140255BF7971EC
:1074300022D426D24AD0AE842A89328481451306CA
:1074400000020A8506D6EFC06E949387A18583C794
:10745000070023102101230EF1008357810145CC41
:107460001387A1A203470700F99B03C6C1A2230209
:10747000E10003C7B18593761700D58FF59B93760E
:107480002700D58F9316470093F6061093F7F7EF72
:10749000D58F9316470093F6062093F7F7DFD58F25
:1074A0009316470093F6064093F7F7BFD58F118BDD
:1074B000ED9BD98FA302C100231CF10001CE4146F0
:1074C00097F5FE1F9385C55F1305610097D0FE1FDA
:1074D000E78020A083C791A281CB99C40357810183
:1074E00013672700231CE10003476101B337F00055
:1074F000D98F03C7B1A23337E0000A07D98FA2851D
:107500000A85230BF100EFD07EAFB2502254925483
:107510000259456182801387E1A103470700F99B67
:1075200003C601A22302E10003C771859376170009
:10753000D58FF59B93762700D58F9316470093F64A
:10754000061093F7F7EFD58F9316470093F60620B2
:1075500093F7F7DFD58F9316470093F6064093F71E
:10756000F7BFD58F118BED9BD98FA302C100231CD0
:10757000F10001CE414697F5FE1F93856553130533
:10758000610097D0FE1FE780C09483C7D1A181CB53
:1075900099C40357810113672700231CE1000347A7
:1075A0006101B337F000D98F03C7F1A1A9B7411129
:1075B00022C426C24AC006C6AA8401441389C1A0B7
:1075C00083C711A1636AF4003E842285B24022443D
:1075D0009244024941018280832709001315440027
:1075E0001946A6853E95EFC08E8065F1050413749B
:1075F000F40FF9B7397122DC1384C1A31C404AD8B7
:107600004ED606DE26DA52D42A89AE89B1E719E1D0
:10761000054565A8F5DDEFF09FF92385A1A083C797
:1076200011A1636BF5028144138AC1A039A8832795
:107630000A001395440019469305F00F3E95EFB0EC
:107640001EFF09E9850493F4F40F83C711A1E3E059
:10765000F4FEBE84238591A003C5A1A083C711A118
:10766000138AA1A0E376F5FA1C40A5EB99473305F0
:10767000F5024A86C145130505021375E50FEFC0F3
:10768000BEC261469305F00F2800EFB03EF00345FF
:107690000A003000E145130505071375F50FEFC02B
:1076A000BEC01387C1A0084383C7A1A092073E951F
:1076B0004146CA8597D0FE1FE780A08123AE31A343
:1076C00003C54185EFC0BEB80145F2506254D254A3
:1076D0004259B259225A21618280904719CE994766
:1076E0003305F502F145130515021375F50FEFC0CB
:1076F000BEBB1C4023A40700E1B7904B19CE9947AD
:107700003305F502F145130525021375E50FEFC0AA
:10771000BEB91C4023A8070065B7D04B19CE9947C6
:107720003305F502C145130535021375F50FEFC09A
:10773000BEB71C4023AA070061B7D0470DCE9944BD
:1077400033059502C145130545021375E50FEFC0DA
:10775000BEB503450A001C40914533059502D0474C
:107760004106130555021375F50FEFC0FEB31C401B
:1077700023A60700B1B783C791A099C3EFF03FA834
:1077800083C781A099C3EFF05FACEFF05FB549B557
:10779000011122CC06CE2A842EC632C4EF307FF7E8
:1077A00005C90347C500A1472246B245631FF7003C
:1077B000938741A49C4389CF03A34700630A030036
:1077C00022856244F24005610283938781A4DDB77C
:1077D000F240624405618280011126CAAA842E8586
:1077E00022CC06CE2E8432C636C4EF309FF22DC195
:1077F0000347C500A147A2463246631FF70293879D
:1078000041A49C43A28599CB03A30700630803000E
:107810006244F2402685D24405610283938741A2E7
:107820008843EFD0DE960DC522856244F240D244F3
:10783000854505616FD07ED1938781A49C43A28545
:1078400089C703A30700E31503FC938701A3C9BFFE
:10785000F2406244D24405618280011122CC06CEFE
:1078600026CA83C711A109446378F50295C59947D3
:107870003305F502AE840A86C1451305050213756A
:10788000E50FEFC0AEF32A8401E919468A85268503
:1078900097C0FE1FE780E0632285F2406244D24435
:1078A00005618280011122CC19443304850226CA65
:1078B0000A86AE84C14506CE130404021374F40F85
:1078C0002285EFC0AEEF01C98144F24062442685B3
:1078D000D2440561828019469305F00F0A85EFB006
:1078E0001ED57DF10357C1009377D70F89C49377D5
:1078F000F70F93E72700C207C1838544E307F7FC2E
:107900000A86C14522852316F100EFC0FE9903C502
:107910004185EFC0DE9355BF397122DC2A841945B9
:107920003305A40226DA4AD8B2842E893000C14534
:1079300006DE130505021375E50FEFC02EE801C939
:107940000145F2506254D254425921618280194655
:107950009305F00F2800EFB09ECD7DF113040407CE
:107960001374F40F3008E1452285EFC02EE519C1EC
:107970000545C1BF2808EFF0AFE6631D0902614667
:1079800081452808EFB0BECA65F5614681452808E3
:10799000EFB0DEBF85472808238AF1A2EFF04FE45D
:1079A0003008E1452285EFC03E9003C54185EFC018
:1079B0001E8A7DBF3C081018BE8683D50600368718
:1079C000638125039106E39AC6FE0145BDD883D69F
:1079D00007003E8789C69107E31BF6FE95B7239003
:1079E000270183472700E38597F823019700DDF0FF
:1079F0002310070045B717F5FE1F034585EE01115B
:107A0000FD579305200412052389F1A006CE22CC50
:107A100026CA4AC84EC6A38801A023A601A097D0B3
:107A2000FE1FE78080E323A6A1A015C597F9FE1FDE
:107A3000938949EA83C7E90001449384C1A0A388DC
:107A4000F1A083C711A1636FF40C83A7890063863B
:107A50000710238401A2938711A183C7070005445F
:107A60004146814517F5FE1F130585052385F1A0C5
:107A7000238E818423AE01A2A38501A2238501A2C6
:107A8000238601A2EFB09EB0930470074146814562
:107A900017F5FE1F1305C501A38D9184238C8184E6
:107AA000A38401A223A801A2A38F01A0238F01A078
:107AB000238001A2EFB09EADA38B9184A38E01A081
:107AC00023A201A2238E01A09547A38AF184C14776
:107AD000238DF184238A01A28947238BF184238A91
:107AE0008184A38E8184A38C818423A001A423A4F8
:107AF00001A423A201A4A38401A0238801A09707C5
:107B000000009387A7CDF240624423A6F184970733
:107B10000000938727C823A8F184D2444249B24980
:107B20000561828088401319440019469305F00FBF
:107B30004A95EFB0BEA5884019469305F00F4A95C7
:107B40001905EFB0BEA49C4005041374F40FCA9746
:107B50002396070023870700EDB5930700F82384D9
:107B6000F1A2D5BD411122C426C206C64AC00144B5
:107B70009384C1A083C711A16360F402EFC02EB942
:107B8000938711A183C70700B24022442385F1A047
:107B900092440249410182808840131944001946E9
:107BA0009305F00F4A95EFB07E9E884019469305E5
:107BB000F00F4A951905EFB07E9D9C4005041374A3
:107BC000F40FCA97239607002387070065B793072A
:107BD00005C04111C20722C406C6C1837D472E8459
:107BE0006368F70C17670000130707388A07BA970E
:107BF0009C43BA9782879387C18583C70700230078
:107C0000F40025A09387B1A2CDBF9387A1A2F5B7B9
:107C10009387C1A2DDB7414697F5FE1F938545EADC
:107C2000228597C0FE1FE780C02A8147B2402244C8
:107C30003E8541018280938791A2C1B79387B18528
:107C40006DBF938701A39C431CC0C5B793878185F3
:107C50006DB79387F1A155B79387E1A179BF93875A
:107C600001A261BF414697F5FE1F938565E44DBFB4
:107C70009387D1A159B79387718541B7938741A263
:107C8000D9B79387C1A195BF93875185BDB7938716
:107C9000A185A5B7938791A08DB7938781A0B1BF28
:107CA000EFF0EFB82300A40049B783C7918581BFE7
:107CB00061478947E36CA7F6EFD08ECB2310A40071
:107CC000ADB7011106CE22CC26CA4AC84EC6EFD0A7
:107CD0007E8A35ED03C701A185472A84630CF7022C
:107CE0009384C1A0854983C711A16371F4049840AE
:107CF000131944004A978347E700639937012285A7
:107D0000EFF0EFBA9C40CA9723870700050413746D
:107D1000F40FD1BFEFF00FCC238801A09387C1A04F
:107D20009C4303C711A1B907631CE400EFC0BE84E4
:107D30006244F240D2444249B24905616FF0AFDC7F
:107D40000504238007001374F40FC107F1BFF2404C
:107D50006244D2444249B24905618280797126D297
:107D60004AD006D622D44ECE89472E89B2846306E5
:107D7000F506636FF5008D47630DF50A03C411A185
:107D80002285B250225492540259F24945618280B0
:107D90002E85EFF0DF8183C711A12A84E372F5FEFF
:107DA000E5D01946CA85268597C0FE1FE780601278
:107DB000C1BF83A709001315440019463E95CA8523
:107DC0001905EFB0DE8221ED05041374F40F83C7AB
:107DD00011A1E360F4FE3E8465B701449389C1A01C
:107DE000FDB705041374F40F83C711A1E375F4FE06
:107DF000330534030A86C145130535021375F50FA3
:107E0000EFC0CE9B79FD41469305F00F0A85EFB098
:107E10001E8261F9CA850A85EFD0CEBC79F183C78D
:107E200011A1E37FF4F4A9DCA6852285EFF0FFA27F
:107E300081BF014499494DBF930705C05D71C207D9
:107E4000A6C2CAC086C6A2C44EDE52DCC1837D472C
:107E50002A89B2846365F740176700001307C718C3
:107E60008A07BA979C43BA97828785476144639A89
:107E7000F5008347060009476365F700238EF18408
:107E800001442285B640264496440649F259625A76
:107E90006161828085476144E395F5FE8347060072
:107EA000E3E1F5FEA385F1A2E1BF85476144E39AD2
:107EB000F5FC834706001147E365F7FC2385F1A233
:107EC000C1B785476144E39EF5FA83470600E3EABC
:107ED000F5FA2386F1A26DB7C1476144E393F5FA41
:107EE0004146A68517F5FE1F130585BD97C0FE1FE9
:107EF000E78020FE71B785476144E394F5F8834736
:107F00000600E3E0F5F8A384F1A29DBF8547614434
:107F1000E399F5F683470600A38DF18495B7914761
:107F20006144E390F5F61842B7470F009387F723B3
:107F3000E3E9E7F423A8E1A2A1B785476144E3920E
:107F4000F5F4834706000947E36DF7F2238CF184CB
:107F500005BF85476144E396F5F283470600E3E2F7
:107F6000F5F2A38FF1A029BF85476144E39BF5F0AB
:107F7000834706001147E366F7F0238FF1A009B7A6
:107F800085476144E39FF5EE83470600E3EBF5EE9A
:107F90002380F1A2F5B5C1476144E394F5EE414673
:107FA000A68517F5FE1F1305A5B089B7854761445F
:107FB000E399F5EC83470600E3E5F5ECA38EF1A029
:107FC000C1B585476144E39EF5EA83470600A38B6C
:107FD000F1847DB591476144E395F5EA1842B747CE
:107FE0000F009387F723E3EEE7E823A2E1A249BD60
:107FF0006144E39805E8EFD0EED701E9EFF08F9DFB
:10800000EFC06ED7EFF02FB0A5BD85472388F1A054
:1080100085BD9D476144E396F5E6938514001946B6
:10802000680097C0FE1FE780C0EA03C5040050083F
:108030006C00EFF0BFD283C711A1AA840944E37298
:10804000F5E44808EF306FF509E52685EFF02F8657
:1080500045BF9387C1A09C4392045944BE94854771
:108060002387F40039BD9D47639FF5081946938522
:108070001400680097C0FE1FE780A0E503C5040058
:1080800001466C00EFF09FCD83C711A16375F50425
:108090009944B30495025008F1459384140293F473
:1080A000F40F2685EFB09EF12A8405E51307A04161
:1080B00085476304E9009307F00F5008F1452685D2
:1080C000A307F102EFC04E9E03C54185EFC02E9875
:1080D0004DBB09447DB383C781A20944E38307DA1A
:1080E0001307A04183C7B1A1631BE90093E7170001
:1080F000A38DF1A01D46A685138541A1C5BBF99BA3
:10810000A38DF1A0B5BB85476144E39CF5D6130769
:10811000A04183C7B1A16315E50093E72700CDB760
:10812000F59BF9BFA38E0184A1BB8547A38EF18483
:10813000014419499309F00F7D5A83C711A1E371D6
:10814000F4D4B30424035008F1459384140293F447
:10815000F40F2685EFB09EE605E18347F102638DBB
:1081600037015008F1452685A3074103EFC0CE93A0
:1081700003C54185EFC0AE8D05041374F40F75BFC0
:1081800085476144E39FF5CE83470600E3EBF5CED8
:10819000238EF1A0F5B185476144E394F5CE834782
:1081A00006002547E36FF7CCA38AF184D1B9854750
:1081B0006144E398F5CC03470600A546930797FF73
:1081C00093F7F70FE3EFF6CA238DE18455B985479E
:1081D0006144E398F5CA8347060003C791A00144B0
:1081E000A384F1A0E31F07C8E39DB7C8EFF0AF91E8
:1081F00049B985476144E396F5C88347060003C73C
:1082000081A02384F1A009E76394B700EFF0AF8F5A
:1082100003C581A0EF607F8EA5B185476144E392DD
:10822000F5C6834706000D47E36DF7C4238BF18441
:1082300081B985476144E396F5C483470600238AE4
:10824000F1843DB90545EFC08E801DB98547614475
:10825000E399F5C283470600A38CF18415B1E14789
:108260000944E3E027C3E39E85C083D504004A8523
:10827000EFD06EB92A8431B1797126D206D622D4D4
:10828000AA8402CC231E0100EF30AFC805CD03C77E
:10829000818589476308F702930565002A840345B1
:1082A00055003008EFF09FAB83C711A16371F50251
:1082B0002AC6EFE03FD5B2452A860547A146268566
:1082C000EFF0EF8FB250225492544561828083C701
:1082D000818591E795452685EFD02EA7E5B705471F
:1082E000E392E7FE8345540001462685EFF02F9484
:1082F000D1BF4111C1674AC006C622C426C2FD17BC
:108300002E896309F506EF30CFC02A84D14421CDF0
:1083100093056500034555000146D544EFF01FA4C1
:1083200083C711A16376F500CA85EFF0AFD781440A
:10833000630B09022285EFF0CF8735A0CA8522851D
:10834000EFF04FD611C1814405041374F40F83C7B5
:1083500011A1E365F4FE6308090017F5FFFF13059B
:108360008505EF302FE1B240224426850249924430
:10837000410182800144D544D9BF0111C1674AC877
:108380004EC606CE22CC26CAFD172E89B289630EB0
:10839000F504EF300FB8D14429C1930565000345BA
:1083A00055000146D544EFF07F9B83C711A163764A
:1083B000F5024E86CA85EFF02FD6814439A84E8645
:1083C000CA852285EFF04FD511C18144050413748D
:1083D000F40F83C711A1E364F4FEF24062442685E2
:1083E0004249D244B249056182800144D544D5B79F
:1083F000411122C4138421A1834504009387C184C1
:1084000023A0F1A423A4A1A4614506C6EFD0AE9F8A
:10841000034504002244B24041016F102FAA83C7D4
:10842000C18593E707F8238EF18483C7B1A283C582
:1084300091A2B337F000B335B0008A07DD8D6FD05D
:10844000AE851D71A6CAB2847000A2CCD2C486CEFD
:10845000CAC8CEC62A84368A02C623180100EFF0A5
:10846000FF8F83C711A16372F50E2A89EFE09FB9D0
:108470009147AA896314FA0C03C7C185791713378A
:10848000170091461944330489024E86CA85268511
:10849000EFE0FFF2514681454808EFB02E8F5008BB
:1084A0001374F40F13054402C1451375E50FEFB0C3
:1084B000FEB015E541469305F00F4808EFB02E9742
:1084C00019ED13055402501091451375F50FEFB0D7
:1084D000FEAE500893F519002685EFD0AE80130547
:1084E00009073010E1451375F50FEFB03EAD15E10A
:1084F0002810EFE0FFAE201013090104835504009B
:1085000091C5034624002685EFF0FED31104E3173E
:1085100089FE93F929006387090083C521A1268577
:10852000EFF02EE291476319FA0403C7C18589472A
:108530006314F7042685EFF09FEE3DA803C78185FD
:10854000791713371700D28635BFA147E31CFAFC11
:1085500003C7818589476311F7020146A2852685F5
:10856000EFE0FFEC938701A49C4399C7DC4389C7E4
:108570000146814526858297F6406644D6444649A1
:10858000B649264A014525618280011106CE22CCDA
:1085900026CA4AC8834725002547E91793F7F70FEE
:1085A0006360F70217670000130707AC8A07BA97E2
:1085B0009C432A84BA978287938701A49C4399E3BA
:1085C000854475A89C43EDDF8346D5000346C5006E
:1085D0008355A5000D058297E5B783471500639481
:1085E000070C83476500858BDDCF9387C1A39C4330
:1085F0000149DDEB814541460A85EFA03EF94C4833
:10860000D1C51946C1050A8597C0FE1FE780608C59
:10861000834764000357C1008987858BD98F231650
:10862000F100EFE0DFA083C711A16390A70283C729
:10863000918599C3EFF00FD397E7FE1F93878729A2
:108640009C5B81C7854521458297EFE05F9E9387BC
:1086500081A203C711A183C707006313A70493E78F
:108660001700A2850A852384F1A2EFE0BFF8AA844F
:1086700055491DE9894503C521A1EFA03EFDF24002
:10868000624426854249D2440561828003554400F4
:108690008544EF300F8865D5194693056500A5B769
:1086A00093F7E70F7DBF0149938401A49C40E389C0
:1086B00007F0DC43E38607F003461400035544004B
:1086C00085458297E30E09EE9C404A868D45DC4342
:1086D000035544008297EDB5034715009947631A87
:1086E000F70203554500EF30CF82AA841DC183C72E
:1086F000618509476381E7040D476388E702054701
:108700006399E70083455500035544000146EFE0B7
:108710001FD2938701A49C43E38407EADC43E381EF
:1087200007EA03461400894565B7014681451305EC
:108730000041EFF06FF08355440003C50400154677
:10874000EFC09EE3F9B793054500034535000146A8
:10875000EFF0CFE083C711A1E374F5E69947330545
:10876000F5021306C4009145130555021375F50F64
:10877000EFB09EB303C54185EFB07EAD91B583C721
:10878000C1A10355450091C783C55185EFC0FEDBEC
:1087900005BD83C7C18599E39545CDBFEF207FF720
:1087A000AA84E30F05E08347A400858B9DC303459E
:1087B000550005C18357C40093F7072099EB0A863B
:1087C00093856400EFF08FD909E58D45035544008A
:1087D00075BF83C554000355440013068400EFE0C1
:1087E0001FC5938701A49C43E38C07DCDC43E3892A
:1087F00007DC01468145E9BD03554500EFF0DFA7E1
:10880000C1B303554500EFF0CFCB83C7C18593F7C4
:10881000F707238EF1846DB3011106CE2AC6EFF05F
:108820008F9D3245F2402389A1A005616FE0BFAD65
:108830007971939705014AD006D622D426D24ECE1E
:1088400052CCC1872E8963D0070A03C521A1EFA0AE
:108850003EA1AA8431C5834705001307100B638D21
:10886000E7041307000D6387E7021307000B639605
:10887000E70203474500F9476317F7000355250052
:108880008145EFF01FA783C5440013858400EFE006
:108890007EEA21A0EFF07FCF01C52685EFA0BE952F
:1088A0002164334489002285B250225492540259E3
:1088B000F249624A4561828083474500F9FF0356C9
:1088C00085008355650003552500238A01A2EFF03A
:1088D000DFAA83C741A3F1D303C54185238A01A23F
:1088E000EFB0FE965DBF93F7250085C38145014536
:1088F000EFE05FD01344290083C721A1854511E132
:1089000089453E85EFA09ED479BF93F71500638912
:10891000070C9389C1A383A70900938481A303DA79
:1089200047009C4099EFC1651387C1A4894617662B
:1089300000001306E6ABFD150545EFF0DEB823ACED
:10894000A1A28C401344190091ED938401A49C4092
:10895000ADE703C541854204EFB07E8F4180EFE073
:10896000CFF191B79308F00F094881471307E10051
:10897000740003D6C1A45285EF002F8B11ED03467E
:10898000D1008347C10022065D8E19C69C405285E6
:1089900083D5A700EFF07F9E8840C165814603D64E
:1089A000C1A4FD15EFF05EFC23ACA1A259DD420489
:1089B0004180854503C521A1B1B7DC43D9DB03A7BD
:1089C00009000146854503554700829703A7090022
:1089D0009C40014603554700DC438D45829795BF77
:1089E00093F745000144E38007EC13C4450065BDDF
:1089F00083470500130710096387E7001307000D7D
:108A00006386E704828003471500B9476319F7249A
:108A1000035745008567938757406312F72418452D
:108A20009307F00783053700638BF522938701A531
:108A30009C436386072203A3470063020322834704
:108A4000270003451700A2075D8D02838347250099
:108A50001D476366F720175600001306666393965A
:108A60002700B2969842411122C406C626C2329708
:108A70002A84028783471500ADEB414697E5FE1F28
:108A80009385050517E5FE1F13058506EFA03EB685
:108A90002DE117E6FE1F1306A605C1450945EFB0F7
:108AA000BE8017E6FE1F1306A605C1450D45EFB0B3
:108AB000AEFF03C54185EFB08EF91946930534002A
:108AC000138541A797B0FE1FE780A040854723A0EC
:108AD000F1A8938741A6944303C60186854503C543
:108AE0006186EFD0BEFA630F050E994723A0F1A867
:108AF000D5A8414697E5FE1F938585FE17E5FE1F25
:108B000013050500EFA0BEAE49D545BF834715004C
:108B1000E9FF834735008DC79387C1A6944303C6F9
:108B200001A7814503C56186EFD05EF6A300A400CE
:108B300083471400DDFBB24022449244410182800D
:108B4000938401A898408947E307F7FE854503C54C
:108B50006186EFA09EE269FD98409547E30AF7FC25
:108B6000854503C56186EFA07EAED9B703471500E2
:108B70002DFF138701A88D4618436397D7009147AF
:108B80006315F70A95479DB7A38F01849547631432
:108B9000F7089147A1BF83471500A5EB914723A094
:108BA000F1A8930445000356A500034535009146FE
:108BB000A685EFF01F8983C7B1A19DC30347340089
:108BC00083C741A16311F7041946938551A12685F6
:108BD000EFA0FEA185476318F5028947A38DF1A098
:108BE000A38F0184938701A59C43B1D703A30700FA
:108BF000E30303F4A285938701A82244B240924480
:108C00008843410102838547D1BF13071003E39EC8
:108C1000E7ECA38F01848D47D1BDEFF01F979387B9
:108C200001A898439547E318F7FE8947C1B58347E4
:108C30001500E39207F0938701A59C4303A38700E7
:108C4000E30B03EE22448356A500035685008355AB
:108C50006500B24092440355450041010283828081
:108C600001119397050126CA06CE22CCC187AE8496
:108C700063D4070C03C56186EFA08EDE2A8409C980
:108C800083C781A689EFEFF0BFD62285EFA0AED6CD
:108C90002165258DF2406244D2440561828083477C
:108CA00005001307000D639DE7048347250081E756
:108CB000EFF01FD415A81547639EE7000355A500E4
:108CC000EF203FA579D10347C500A1472285E31CCA
:108CD000F7FA19A82147E38DE7FC9946639CD70072
:108CE00083477500E391E7FAA28503C5E185EFA00C
:108CF000AEDD79BF1D47E398E7F803554500C9B7D6
:108D00001307200AE381E7F813071009E392E7FA53
:108D100003471500B947E31DF7F80357450085677A
:108D200093875740E316F7F8184583472700034514
:108D30001700A2075D8D69B79397150163DE0700E1
:108D40001386C1A791451145EFB00ED603C54185E5
:108D5000EFB0EECF116535BF93F7150001459DDBF0
:108D600083C7F185B9CBEF201FC697E7FE1F83C7E6
:108D700027B88D8B6366F5048D472302F100938736
:108D800051A583C707004C0003C561862306F10087
:108D9000938701A683C70700A306F100EFD07EB139
:108DA00009CD994723A0F1A8938701A59C4391C7BA
:108DB0009C4381C781451945829713C51400D9BDCD
:108DC0009387F1A583C707001946938581A52302E0
:108DD000F1009387E1A583C7070013056100A30293
:108DE000F10097B0FE1FE780C00E51BF797122D409
:108DF00026D206D6AA842EC6328436C43AC23EC0D3
:108E0000EF203F9139C50358E500B245824712472C
:108E1000A246636DB800636B040103560501631736
:108E2000D6000356250161456300E602231CB1000C
:108E30003E862C082685231D8100231ED100231F7A
:108E4000E100EF204FFF0145B2502254925445619A
:108E500082805145D5BF011122CC2EC606CE328468
:108E6000EFE01E8FB24581C52E85EFF06FD8938756
:108E700001A89C4345459DE719C023A881A4938779
:108E8000C1A717E7FE1F1307A7C797E6FE1F938624
:108E900026C603C641A583C5A1A703C56186EFE029
:108EA000EEBD0145F24062440561828097E7FE1FF6
:108EB00083C707A48D8B81EB614582806145B240F9
:108EC000224441018280411122C406C603C4618646
:108ED0009307F00FE314F4FE17050000130585D87F
:108EE000EFA0FEC02383A186E30A85FC23A801A48A
:108EF00023A001A89147238DF1A6EFC04EAE4146B5
:108F0000814517E5FE1F1305A5BEEFA02EE84146DB
:108F1000814517E5FE1F1305A5BEEFA02EE723AE82
:108F200001A6A38F01A4238F01A49D4717E6FE1F6E
:108F3000130606BCC1450945A38AF1A4238001A6F6
:108F4000EFB0CE8717E6FE1F130686BBC1450D4561
:108F5000EFB0CE86414697E5FE1F938565B917E5CC
:108F6000FE1F1305E5B697B0FE1FE78080F6414669
:108F700097E5FE1F9385C5B817E5FE1F130545B697
:108F800097B0FE1FE780E0F41386C1A79145114515
:108F9000EFB0CE82014525B7011126CAFD542383C7
:108FA0009186238D01A64EC652C48D47054A994924
:108FB0002380F186A38F41852392318723AE01A6BA
:108FC00085679D65938707C8938515201305E00382
:108FD00006CE22CC4AC82391F18697C0FE1FE780B7
:108FE000C087138441A69307F5011389C1A67D4666
:108FF000814508C02320F900EFA04ED91C40094745
:109000007D462380E7001C408145A38047011C402A
:109010002381370103250900238801A6EFA00ED77D
:1090200019468145138581A5EFA04ED6F2406244D2
:10903000238F9184238A01A4238401A6D244424928
:10904000B249224A05618280930705D04111C207C7
:1090500022C406C6C18349472E84636CF70A17579A
:1090600000001307E7048A07BA979C43BA978287E0
:1090700083C7A1A72300F40035A0414697E5FE1F52
:10908000938505A7228597B0FE1FE78080E419A885
:10909000414697E5FE1F9385A5A6EDB79387C1A727
:1090A0009C439CC18147B24022443E85410182805D
:1090B0001946938541A7F9B783C7F18565BF03C6F4
:1090C0000186938741A68C4375BF03C601A793878A
:1090D000C1A6D5BF83C7F1A571BF83C7E1A559BF9D
:1090E0001946938581A579BF83C751A561B783C709
:1090F00001A649B783D741862310F40065B783D70B
:109100002186DDBF938701A89C43ADB783C741A5E6
:1091100095B761478947E368A7F8EFC06E852310CC
:10912000A40049B79307F5CFC207C1834547636CD5
:10913000F72217570000130767FC8A07BA979C436A
:10914000411122C426C206C64AC0BA97B2842E84F0
:1091500082874147E1476390E5044146A68517E5CC
:10916000FE1F1305E59897B0FE1FE78080D61DA06F
:109170004147E1476391E5024146A68517E5FE1F99
:1091800013050598CDB71147E1476396E5001C42EA
:1091900023AEF1A68147B2402244924402493E8563
:1091A000410182800547E147E397E5FE034706005A
:1091B00083C7F185A38FE1848DC3814769FF13873E
:1091C00001A8184389466305D7009546E315D7FCE7
:1091D00003C56186EFD0EEFC75BF81474DDF138775
:1091E00001A818436305B7007517E3E6E5FA85455E
:1091F00003C56186EFA08EC571BF7D47E147E36C73
:10920000B7F8138941A6032509007D468145EFA0E3
:10921000EEB7032509002286A68597B0FE1FE780DA
:1092200040CB8326090023808186228685452244FF
:10923000B2409244024903C5618641016FD01E8548
:109240007D47E147E369B7F41389C1A60325090007
:109250007D468145EFA08EB3032509002286A685B1
:1092600097B0FE1FE780E0C683260900238881A609
:10927000228681456DBF0547E147E39EE5F0034740
:1092800006009146E3E9E6F0A38FE1A421B7054784
:10929000E147E392E5F0034706008D46E3EDE6EE95
:1092A000238FE1A4C5BD1947E147E396E5EE1946D2
:1092B000A685138581A545BD0547E147E39DE5ECFE
:1092C000034706009D46E3E8E6ECA38AE1A4D9B58E
:1092D0000547E147E391E5EC034706008D46E3ECE3
:1092E000E6EA2380E1A67DB50947E147E395E5EA93
:1092F0000356060005671307A7C79306A6FFC20615
:10930000C182E36AD7E82392C18669B50947E1477C
:10931000E393E5E80356060005671307A7C793061E
:10932000A6FFC206C182E368D7E62391C1869DB538
:109330000547E147E391E5E683470600238AF1A468
:1093400091BDE14763EFA70009478947E395E5E44D
:109350002244B240924402498355060041016FC045
:109360008EAA89470DBDE14763E9A70009478947F0
:109370006396E50083550600DDB789473E85828008
:109380006F50EFF1011106CE2AC6EF208FB809C940
:10939000B245F240034505004D4605616FC0CE9DC4
:1093A000F240494505618280411106C6EFA0DF9D6C
:1093B0001715FFFF1305A5EEEFA06EF3EF001FDFFB
:1093C00017C5FEFF1305452DEFA06EF2EFC04EA8A6
:1093D00017E5FEFF1305653BEFA06EF1EFE0AEB7BA
:1093E0001755FFFF1305C5B8EFA06EF0EF409FA71C
:1093F00017F5FFFF13050544EFA06EEFEFF0CFC1A7
:109400001705FFFF1305A546EFA06EEEEF004FC155
:10941000B24041016FF09FA997D7FE1F9387874BFA
:109420008C4317D7FE1F0357274B0565138605226C
:1094300023A6C1A8938785FFBA9723A2F1A81D058B
:10944000930600206364E500935637003307D60087
:1094500023A4E1A823A0E522E1162312D6002313BA
:1094600006001CC3998FE1172312F700231307008E
:1094700082809387C1A8938641A89C4390422A8703
:10948000B305B5406314F6003A8529A89386870092
:109490009C43E369D7FEE377F7FE2E85E3E4D5FE30
:1094A000E3F2F5FE828083C705002300F50083D731
:1094B0002500A300F50083D72500A1832301F50033
:1094C00083C74500A301F5001145828023AA01A8A6
:1094D00023A801A8828029C1411126C206C622C440
:1094E000AA8401458DC52E842285414697550000EA
:1094F000938545C597B0FE1FE780A09D83C70400F4
:1095000005452306F40083C71400A306F400B24007
:10951000224492444101828001458280011122CC83
:1095200026CA06CE0947AA8432846383E5044146ED
:109530008147639BC500638FE6006397B6001DA853
:1095400041478147638FE600F2406244D2443E8542
:10955000056182808A852285EFF0FFF741468A8582
:1095600021A88A85EFF03FF741468A85228531A000
:10957000E398B6FC2E86A2852685EFA04E87AA87A3
:10958000E1B723AAA1A88280011122CC035465006F
:1095900006CE26CA4AC84EC641C083298500AE847D
:1095A0002A8803C909008147131789016187635518
:1095B0000702B147054563FA870451144204035575
:1095C0002800418033878900A2864E868545EF407A
:1095D000DFB7B337A00085077D1413556900420437
:1095E00005891379F90341802380F400A380A40046
:1095F0002381240123928400014719C01387190095
:1096000098C409476383E7000145F2406244D244AD
:109610004249B249056182800545C5BFC167F91756
:10962000630AF502D94763F7B702011122CC2EC6AF
:1096300006CE2A84EF007FA4B2456368B500228578
:109640006244F24005616F206FB0F240624405450C
:109650000561828005458280C167F9176314F500B2
:109660006F00BFA1411106C6EF200F9E11E15D45BD
:10967000B2404101828039714ED656D25AD006DEB0
:1096800022DC26DA4AD852D4AA8A2E8BB28949EF34
:1096900036C6EFF07FFC9145EF00BFAEAA844D497E
:1096A0002DC9B246054A238034010544630A0B00E4
:1096B000B68513851400029B05051314050141802E
:1096C000E20993D9894163D30902C1455685EF2048
:1096D000EFA4654905E933868400A2852685EF401D
:1096E000CFEA2A8905E131044204418091472C08E0
:1096F0005685231CF10026CE231D8100EF101FB3D9
:109700002A8901C963070A00268597B0FE1FE780F2
:10971000601EF25062544A85D2544259B259225ABC
:10972000925A025B21618280BA84014AADBF011165
:1097300022CC26CA4AC84EC606CE2A893284B689A9
:10974000EFF07FF3AA8405E1938741A99C4381CF81
:1097500005476317E40003C4090005041374F40FFC
:10976000A2854A858297F240624426854249D244C6
:10977000B24905618280AE86014705469705000023
:109780009385A5D26FF0BFFA83D705002300F500BB
:1097900083D70500A183A300F5000945828083C714
:1097A000250005472300F50003D505006397E70072
:1097B0000A050505420541818280C9473305F50246
:1097C000CDBF03D505000A0542054181828083D7BC
:1097D00025002300F50003D5050083D725003305B8
:1097E000F502050542054181828003D5050082808E
:1097F00003D50500828003D50500828083D725002C
:109800002300F50003D5050083D725003305F502B5
:10981000050542054181828083D705002300F500BC
:1098200083D70500A183A300F50083D7250023017A
:10983000F50083D72500A183A301F50003D54500DA
:10984000110542054181828083D705002300F50080
:1098500083D70500A183A300F50003D525000905E2
:1098600042054181828089471145639BF600834709
:109870001600834606000145A207D58F2310F70086
:10988000828003D70500D947AE8663FAE700014717
:109890000D4697050000938565EF6FF05FE9094578
:1098A000828011456393A602834716008346060013
:1098B0000145A207D58F2310F70083473600834662
:1098C0002600A207D58F2311F700828083C72500C9
:1098D0000547FD1793F7F70F6361F70483D705007A
:1098E0008DCF011122CC2A84C84106CE15C12EC6C7
:1098F0008945EFF01FB82A8722856244B246F240BC
:109900001546970500009385C5E905616FF03FE2B4
:10991000F24062440945056182800945828095478D
:10992000114563F9D706411122C426C24AC006C6B2
:1099300083471600BA8403470600A2073284D98FF2
:109940002390F40083473600034726009305440024
:10995000A207D98F2391F40089472382F400094696
:1099600013855400368997A0FE1FE7808056930721
:10997000A9FF2394F4009947631BF90023A6040070
:10998000B2402244924402490145410182801904B7
:10999000C0C4FDB7828083D705008DCF011122CCD2
:1099A0002A84C84106CE15C12EC68545EFF07FAC8E
:1099B0002A8722856244B246F2401D469705000080
:1099C000938565E005616FF09FD6F24062440945DA
:1099D000056182800945828099476395F60489472D
:1099E000411106C62302F70083471600834606008E
:1099F000B285A207D58F2310F70083473600834630
:109A0000260003464700A207D58F130557002311F0
:109A1000F700910597A0FE1FE780A04BB2400145DB
:109A200041018280D14711456394F600C1474DBF83
:109A3000828083D705008DCF011122CC2A84C841B2
:109A400006CE15C12EC68945EFF0BFA22A87228512
:109A50006244B246F240254697050000938565D7DB
:109A600005616FF0DFCCF2406244094505618280F8
:109A70000945828089471145639BF600834716009C
:109A8000834606000145A207D58F2310F700828088
:109A9000011122CC2A84C84106CEAE86014719C5E1
:109AA0002EC68545EFF0FF9CB2462A872285624488
:109AB000F2402D4697050000938565D305616FF050
:109AC0001FC711456393A60283471600834606000D
:109AD0000145A207D58F2310F70083473600834640
:109AE0002600A207D58F2311F7008280011122CC16
:109AF0002A84C84106CEAE8611C52EC68545EFF034
:109B00005F97B2462A8722856244F2403546970520
:109B10000000938525CE05616FF07FC193F7160095
:109B2000114589EB89476387F60085822312D700A8
:109B300010C301458280011122CC2A84C84106CE7F
:109B400015C12EC68545EFF0DF922A872285624433
:109B5000B246F2403D4697050000938505CA05616F
:109B60006FF0FFBCF240624409450561828083D7F3
:109B700005008DCF011122CC2A84C84106CE15C123
:109B80002EC68945EFF0FF8E2A8722856244B246B1
:109B9000F240454697050000938585C605616FF044
:109BA0001FB9F240624409450561828009458280FF
:109BB000854763FCD7022304A700A304B7008347AB
:109BC000160083450600A207CD8F2310F700938768
:109BD000E6FF2311F70089476386F600090650C3A4
:109BE0000145828023220700E5BF1145828001479D
:109BF00081464D4681456FF09FB38D47114563FB0C
:109C0000D7028347160083450600A207CD8F231095
:109C1000F7008347360083452600A207CD8F231126
:109C2000F7009387C6FF2312F7006386A60011068C
:109C300010C70145828023240700E5BF011122CC13
:109C40002A84884506CEAE8611C52EC69545EFF00E
:109C50005F82B2462A8722856244F2405D469705BC
:109C600000009385A5BB05616FF07FAC854711456A
:109C70006397F6008347060001452300F7008280C2
:109C800001478146654681456FF07FAA011122CCCC
:109C90002A84C84106CEAE86014719C52EC68D4519
:109CA000EFF02FFDB2462A8722856244F2406D46CE
:109CB00097050000938585B905616FF0DF9B011161
:109CC00022CC2A84C84106CEAE86014719C52EC6CD
:109CD0008D45EFF00FFAB2462A8722856244F240A2
:109CE000754697050000938565B605616FF0BF98CE
:109CF0008147174800001308E8451306F00F3307A3
:109D0000F800834607001397060141836364E5006A
:109D10006393C600828083D605006365D7002390D5
:109D2000E5008280850793F7F70FD1BF4111939724
:109D3000050122C406C626C2C1872E8463D5070248
:109D4000EF900ED2AA8409CD83470500054793C73B
:109D500007086364F700EF806FBE2685EF90AEC9F9
:109D60002165218D39A893F715008DC397D7FE1F64
:109D7000938707DA9C5B83A7070891C382971345F3
:109D80001400B240224492444101828093F725009E
:109D900089CF97D7FE1F9387A7D79C5B83A74708D8
:109DA00091C3829713452400E9BF93F7450091C7FB
:109DB000EF00505013454400E9B793F7050281CFF7
:109DC00097D7FE1F9387C7D49C5FBC4791C38297E8
:109DD000134504027DB793F7050181CF97D7FE1F86
:109DE000938707D39C5FFC4391C38297134504017B
:109DF00049BF93F7052081CF97D7FE1F938747D19F
:109E0000BC43FC4F91C38297134504209DBF93F739
:109E1000051081CF97D7FE1F938787CFBC43BC4FD8
:109E200091C3829713450410A9BF9397250101455B
:109E3000E3D907F497D6FE1F83C6F6CD17D6FE1FCB
:109E4000034666CD97D5FE1F83C5D5CC17D5FE1F1B
:109E5000034545CCEFC0EFAC096521B7411122C4E1
:109E600017D4FE1F1304C4CA26C21306C00A8145B4
:109E7000AA84228506C623AA019C23AC019CEF90EC
:109E8000EEF097D7FE1FA38697A89307F00F3CDC50
:109E9000F977FD172313F40A2314F40AFD47230569
:109EA000F40A97D7FE1F83C7D7A313970701B907F3
:109EB0008E072311F4022313F402A1472317F400A1
:109EC000B70782919387777D1CC81CCCB7074801E0
:109ED0004183ED072310E4022312E4025CCC371720
:109EE0008291B7071600130787809387079058C899
:109EF0001CD4232E0406EFA0FF84EF60EFCFEFA069
:109F00000F802244B240924441016F00507E4111C3
:109F100097D7FE1F9387C7BF22C4805B06C626C2A1
:109F20004AC08344540689E8194697D5FE1F938595
:109F3000A5C61305640625A08547639DF40697D73B
:109F4000FE1F83C707BD13056406194697D5FE1F7C
:109F50009385E5C489E797D5FE1F9385A5C497A08F
:109F6000FE1FE78000F797D7FE1F83C777BA91CF10
:109F7000834734071307000493F7070C6397E70040
:109F80001305C406EF00F07228D08547A303F40040
:109F9000854517D5FE1F0345D59797D7FE1F238903
:109FA00007B6EF90AEEA0145B2402244924402491E
:109FB000410182800949639724058347C40623022F
:109FC000040689E785472302F406B9BF1305C406D2
:109FD000EF00106928D00DC1EF00D0432C5083C78B
:109FE000A50099CB230294061946B1051305640612
:109FF00097A0FE1FE780E0ED034744068947E3048E
:10A00000F7F6C9B78D474945E390F4FA8347C4068C
:10A010002302040691EB85472302F406194697D5DF
:10A02000FE1F9385C5B731B71305C406EF00506313
:10A0300028D00DC1EF00103E2C5083C7A50099CB4E
:10A04000230224071946B1051305640697A0FE1FD5
:10A05000E78020E8034744068947E306F7F065BF39
:10A060004111C5451305400922C406C697A0FE1F2D
:10A07000E780A07E2A8421CD13064009814597D729
:10A08000FE1F23AFA7AAEF906ED0E57785072312B6
:10A09000F40097D7FE1F9387279CD84B9C4F23240F
:10A0A000E4082326F4088D47A307F400970700006F
:10A0B000938727E67CDC970700009387A73223204D
:10A0C000F40897070000938767292322F408228564
:10A0D000B24022444101828097D7FE1F938747A355
:10A0E000FC4B639A0726011126CA9384019F9C406A
:10A0F00006CE22CC98434AC84EC60D8B05C3B84B3A
:10A10000619BB8CB98431367870098C39C438D83AA
:10A11000858B89C701000100010001009C401307E5
:10A12000A005B70600F9B8CB1307000AB8D37D47DE
:10A13000D8C39387019E9C43FD161389819F984F36
:10A140002A84758FB7060002558F98CF984F1377E2
:10A1500037F81367870198CF83260900D856759B77
:10A16000D8D60347C5009376F7079843137707F8C7
:10A17000558F98C337C7898E130767ED98C7375730
:10A18000550013075755D8C3D857B70600F0FD162A
:10A19000719BD8D79843758F98C38347150105479E
:10A1A00083268508BD8B2304F5006396E7183147A5
:10A1B000A304E5002380F600834755069309E506CE
:10A1C000898B8DC32C5199CD83C7250181CF83C73E
:10A1D00035011946D105A306F5064E8597A0FE1F49
:10A1E000E78020CF8347D40689CB032784088347A1
:10A1F000070093E707F82300F700032584081946B2
:10A20000CE85210597A0FE1FE780A0CC834754068A
:10A2100093096406898B85C32C5091CD83C7A50013
:10A2200099CB89472302F4061946B1054E8597A0BC
:10A23000FE1FE78000CA83475406858B91E70347DA
:10A2400044068947631AF7000327840883470700F9
:10A2500093E707042300F70083278408034794004B
:10A260001946CE85A380E70003258408090597A039
:10A27000FE1FE78000C6930720F9A302F40093872E
:10A28000419E032784089C43814517050000130560
:10A29000854098CBEF902EF8EFA02F87854717C702
:10A2A000FE1FA30EF77A930740F9A302F40097C7A5
:10A2B000FE1F2384077A97C7FE1FA380077A97C7DC
:10A2C000FE1F238D07789307003417C7FE1F232B2B
:10A2D000F77898403C53FDFF8327090083A70709BF
:10A2E00013977700634C070097C7FE1F9387875E1D
:10A2F0009C5B89C7854513050008829783479400B6
:10A300009840A16693863630920754C79387871189
:10A310003CD3930700F897C6FE1F2381F67462446E
:10A32000B167F240D2444249B249938737305CC7A3
:10A3300005616F907FF8034735019305E401190724
:10A340001377F703A304E5002380F60003258508AF
:10A35000034634017DB58280411197C7FE1F938764
:10A36000277B22C4805B06C626C2834474008547CF
:10A370006391F4048347C400130750026390E70419
:10A380008347240113F7270021C3930760022306A4
:10A39000F4002285EFF05FD483472401918B91CBA9
:10A3A000894517C5FE1F0345D556EF902EAA2303F6
:10A3B0009400B2402244924441018280130760021B
:10A3C000639DE70083472401918BE5D793077002D3
:10A3D0002306F4002285EFF03FD023030400D1BF11
:10A3E000411197C7FE1F9387A77222C4805B06C6E0
:10A3F00026C2834674000547639EE60A83C70700AA
:10A400008356A401850793F7F70F17C7FE1F230193
:10A41000F770130700643347D70263C8E700EF9073
:10A420009E9197C7FE1F2385076E8347240117C59A
:10A43000FE1F0345154E13F7170011CF13075002E7
:10A440002306E400998B8DC38945EF902EA08547A4
:10A450002303F40011A813F74700898B85CF9307D6
:10A4600060022306F4006DF303471401854797C487
:10A47000FE1F83C4144A6317F7020356A4012685FE
:10A480008545EF900EAF22852244B24092444101AF
:10A490006FF09FC409C7930770022306F4002303DB
:10A4A0000400D9B7B9450545EF907E820356A40153
:10A4B0002A96F1B7B2402244924441018280411170
:10A4C00022C406C626C24AC097C7FE1F83C7576468
:10A4D0002A849DE70347840085476312F71083476A
:10A4E000D40603475407858B6319F70E1946930565
:10A4F00064071305E406EF908E8FB334A00089A89B
:10A5000083475507E9C38347B5071307000493F74B
:10A51000070C639AE70A285139C113096407CA85F1
:10A520001305A50251258547AA84631AF502285010
:10A530008947230AF406834735001946CA8593E7FD
:10A540002700A30AF406510597A0FE1FE780609834
:10A55000B240224426850249924441018280034749
:10A56000840085476301F7068347C406A9EF1305F6
:10A570004407EF00101428D039C58944230A9406F3
:10A580008347350019469305640793E72700A30A1C
:10A59000F406510597A0FE1FE780A0938347540659
:10A5A000898B99E385446DB72C5083C7A500FDDBEB
:10A5B000230294061946B1051305640697A0FE1FF1
:10A5C000E7802091C5B78347C406898BE38407F0F1
:10A5D0003C5083C71700E39F07EE814495BF834734
:10A5E000D40013F7170019CF8346B4000D47639BBF
:10A5F000E60068582C5C2244B24092440249410172
:10A600006F902FFB898BD9DF0347B4009547E31B7D
:10A61000F7F8C5B7411197C7FE1F9387674F22C44C
:10A62000805B06C6EF907FCEEF907FD1A30304003E
:10A6300023120400138481A91C4095C3854517C5C6
:10A64000FE1F0345152DEF904EB3AA8729C11305B0
:10A6500010273385A7021C40130505D9829785452D
:10A6600017C5FE1F0345F52AEF904EA7894517C56C
:10A67000FE1F0345152AEF906EA62244B24017C56F
:10A68000FE1F03451529914541016F902EA51C40E1
:10A69000F1B739714AD817C9FE1F1309694722DC7F
:10A6A0000324090352D456D25AD0216AB16A056BE9
:10A6B0004ED65ECE62CC06DE26DA97C9FE1F93899F
:10A6C000A939930B0401130A3A30938A3A30130CD8
:10A6D000ABC78347540013075009639DE72CEF90E5
:10A6E0007FBB83C73900858B638607280325C40891
:10A6F0005E86814597C7FE1FA381073697A0FE1F80
:10A70000E78060EA631205188325C4087D4783C784
:10A71000150093F7F7032305F400E91793F7F70FF4
:10A720006364F71683C70500BD8BA305F400F51716
:10A7300093F7D70F639A0714930464061946A1058B
:10A740002685EF80DEEA630105148325C40813051E
:10A750006407194683C7050089059987858BA30A75
:10A76000F4069790FE1FE780C0762285EFF03FD574
:10A77000630C05108346B400154783478400639932
:10A78000E612B98B6392071083270906638F0710BF
:10A79000EF90FFBA832709068297EF50DF9EAA84C5
:10A7A00063050510938701919C4382978325C40814
:10A7B000A8DC154683C7F50003C7050113850410FF
:10A7C000A2074207BA9703C7E500F905BA9703C77E
:10A7D00035FF6207BA9723A4F40883C755FF03C760
:10A7E00065FFA2074207BA9703C745FFBA9723A69A
:10A7F000F40883C775FFA385F40283C795FF03C7D9
:10A8000085FFA207D98F2396F40283C7B5FF03C73C
:10A81000A5FFA207D98F2397F40283C7D5FF03C7EB
:10A82000C5FFA207D98F2398F40283C7F5FF03C79A
:10A83000E5FFA207D98F2399F4029790FE1FE780C6
:10A8400040690327C40883473702FD8B2384F40241
:10A85000834737029583A384F40283D7E402E91780
:10A86000C207C183636EFC0003D704039307301F44
:10A8700063E8E70003D7240393070BC863F3E702F9
:10A8800003D54400EF50BFAE97C7FE1FA38A071C35
:10A890000347540093076009E30DF7E2EF903FAAE6
:10A8A00029A28327490626858297EFF0BFD6E9BF04
:10A8B000BD8B81C71947E399E7FC834744011147E2
:10A8C0002304E4009907A304F40083278408238069
:10A8D000E700834794000327840893F7F703A30056
:10A8E000F70083475406858B91E703474406894761
:10A8F000631AF700032784088347070093E70704D8
:10A900002300F70003258408A685194609059790BA
:10A91000FE1FE780005C032584080346440193057D
:10A92000E40321059790FE1FE780A05A930760F982
:10A93000A302F4001387019F834794001843130573
:10A94000A0059207232647019387C71C3CD3930792
:10A9500000F897C6FE1F2383F6102326570197A001
:10A96000FE1FE78020B697A0FE1FE780E0B2EF90C1
:10A970001F9D19BF97C7FE1F2382070EEF903F9CB4
:10A9800097C7FE1F83C7C70D8DE383C7990085074F
:10A9900093F7F70F17C7FE1FA304F70CA18B91C7FE
:10A9A000854717C7FE1F231DF70A930720F9A30247
:10A9B000F40055A013074009639DE70283C72900EF
:10A9C000858B9DC397C7FE1F238907088347840093
:10A9D00013F7E70009C7BD8B1947E391E7EC93072D
:10A9E00050F9A302F400F5B197C7FE1F23880706AC
:10A9F00075B513076009E39EE7CC97C7FE1F83C7B1
:10AA0000C705858BC9CF97C7FE1F23880704EF9022
:10AA10001F93930710F9938441A0A302F4009C4074
:10AA20009DCBDC438DCB89472302F100834754073C
:10AA3000130561001946A302F10083470401930541
:10AA400064072306F1009790FE1FE78080489C4032
:10AA50004800DC4382978347640095E7138481A90B
:10AA60001C4095C3854517C5FE1F034595EAEF8039
:10AA7000DEF0AA8715CD130510273385A7021C40E9
:10AA8000130505D98297F2506254D2544259B259F3
:10AA9000225A925A025BF24B624C2161828097C724
:10AAA000FE1F238D07FAEF909F89930710F901B7D6
:10AAB0001C40C9BF411106C6EFF0DFB5B240130616
:10AAC000200893050008014541016F700FE397C707
:10AAD000FE1F83C717E495E7411117F5FFFF130524
:10AAE000252506C6EF90AE80EFF04FB7B24097F73E
:10AAF000FFFF9387275717C7FE1F2325F704410140
:10AB0000828097F7FFFF9387E75517C7FE1F232B18
:10AB1000F7028280411197C7FE1F938767FF22C407
:10AB200006C6A04397C7FE1F83C7B7F381CF17C7D9
:10AB3000FE1F034707F399476316F70097C7FE1FE9
:10AB4000A38107F297C7FE1F83C777F193F6D70F4C
:10AB50001547639BE60017C7FE1F2304F7F08547E0
:10AB600017C7FE1FA30FF7EEEF906FFD93050010C0
:10AB700017C5FE1F0345F5D9EF805ED6930500206B
:10AB800017C5FE1F0345F5D8EF805ED523020400EC
:10AB9000231304002244B240130610089305000852
:10ABA000014541016F706FD5797122D406D683C7F4
:10ABB00035002E8423160100A307F10083C745004A
:10ABC000100802C02307F10083C755008A8502C21E
:10ABD000A306F10002C402C802CA02CC02CEEF9062
:10ABE0004FCD0347F1018347040001456310F7028D
:10ABF0000347E1018347140001456319F70003454A
:10AC0000D101834724001D8D13351500B250225405
:10AC10004561828097C7FE1F938787EFFC5B91E3B6
:10AC200082806384A700DC5FDDBF411122C406C6B9
:10AC30008347A5002A8489C79305C5006905C924EF
:10AC40008347240189CB930544011305A4022244C0
:10AC5000B240410175A4B240224441018280AA86DB
:10AC60002E86AA85170500001305C5006F805EB902
:10AC700097C7FE1F9387C7E9F85B411126C206C636
:10AC800022C4BE8411E7B240224492444101828032
:10AC90006304A700585FFDB78347A5002A8489C7CE
:10ACA0009305C5006905A92C8347240191C7930525
:10ACB00044011305A402A924228522448C54B240E5
:10ACC000924441016FF0BFF901114AC817C9FE1F34
:10ACD000130909E422CC0324490726CA4EC652C4EC
:10ACE00056C206CEAA84014A93094500854A6314D8
:10ACF000040E930540201305000497A0FE1FE78073
:10AD0000C0B52A841D455DCC83C7340019469385A0
:10AD1000440013054400A301F4009790FE1FE78050
:10AD2000401B938AA401414681455685EF803E90A1
:10AD300071E59309A401D68541464E85EF807E8D4D
:10AD400085472305F400834734009305C4004E85EE
:10AD500093E72700A305F40065229384A4024146EB
:10AD600081452685EF80BE8C49ED9307A402A68518
:10AD70003E854146BE84EF80DE8985472309F40085
:10AD80008347340093054401268593E72700A309F0
:10AD9000F400BD22A3000400832589022285EFF080
:10ADA0001FEC63130A0697C7FE1F23AD87DC232E13
:10ADB00004020345090705051375F50F97C7FE1F24
:10ADC0002380A7DCF2406244D2444249B249224A7D
:10ADD000924A056182800347340083C734006305CB
:10ADE000F700228A405C21B74146CE851305440016
:10ADF000EF80EEFFE31755FF4945E9B7230504004F
:10AE0000A9BF2309040079B7232E8A024DB7411147
:10AE100097C7FE1F9387C7CF22C4E05B26C206C632
:10AE20004AC0FD5419ECB240224497C7FE1F23AB21
:10AE300007D497C7FE1F238507D4924402494101D6
:10AE4000828003450400EF809EAD0329C4032300E4
:10AE50009400228597A0FE1FE780C0A94A84D9B735
:10AE6000011197C7FE1F9387A7CA22CCE05B26CAB1
:10AE70004AC84EC606CEAA8413092500854915C0C6
:10AE800083C7140003473400858B6304F700405CDC
:10AE9000FDB71946930544004A85EF804EF5E31847
:10AEA00035FF2285F2406244D2444249B2490561ED
:10AEB0008280411197C7FE1F938787C522C4E05B3C
:10AEC00026C24AC006C693042500054901E822852A
:10AED000B24022449244024941018280A685130572
:10AEE000A402EFF07FCCE30425FF405CC5B797C711
:10AEF000FE1F9387E7C12388070623AA070679A8C0
:10AF0000397122DC3704400026DA4ED6AE84AA8995
:10AF10009305E4FF054506DE4AD8EF80DEDF498C65
:10AF200013170401418321839317840013590401EB
:10AF3000D98F231601001379F90F10088A854E85E1
:10AF40002317F100A306210102C002C202C402C8F5
:10AF500002CA02CC02CEEF90CF958347E1010347AE
:10AF6000D101A3818400A2074207BA970347F101E8
:10AF7000218023828400BA97F25062542380F40027
:10AF800013D78700C183A3822401A380E400238117
:10AF9000F4004259D254B2592161828001111946FC
:10AFA00097C5FE1F9385659417C5FE1F1305C5BE83
:10AFB00006CE22CC26CA4AC891644EC69790FE1F80
:10AFC000E78020F19385F4FF0145EF809ED22A842B
:10AFD000FD550145EF803ED4A287FD147D5933F71E
:10AFE0009700B366E500F9C6631425016304970C66
:10AFF00017C7FE1F230AF7BAA18393E707FC9169DD
:10B00000416417C7FE1F232FA7B817C7FE1FA30D44
:10B01000F7B8FD1917C9FE1F130989AF7D14CE8536
:10B020000145EF801ECDAA84FD550145EF80BECEBF
:10B03000B3679500EDD7FD576314F500E38134FF46
:10B0400097C7FE1F2393A7B69357050117C7FE1F87
:10B05000230EF7B49357850117C7FE1FA308F7B453
:10B0600097C7FE1F238597B4A18093F4F40397C775
:10B07000FE1FA38E97B28317890842054185618D13
:10B08000E18F6312F5020317C9098317A908618FBD
:10B09000E18F631AF7000317E9098317C908618F65
:10B0A000E18FE30EF7F6F2406244D2444249B249DE
:10B0B00005618280A6850145EF80BEC32A84FD55C7
:10B0C0000145EF805EC5A28719BF11CE930700022C
:10B0D000918F635BF0003355C500B397F50033D60D
:10B0E000C5005D8DB2858280130506FE014633D50D
:10B0F000A500B285CDBFB687B2882A832E88639D0E
:10B10000061463F9C50A4167636EE61AB7070001C2
:10B110006363F63493568601E1471737000013073F
:10B12000E70C369703470700BA97130700021D8FF5
:10B1300019CB3398E500B357F500B318E60033E8B0
:10B1400007013313E50013D608013355C80293965F
:10B150000801C182935703013377C802B385A60261
:10B1600042073368F700637AB80046989307F5FF03
:10B17000636418016367B8303E853308B8403357BD
:10B18000C8024203135303013378C802B386E602B0
:10B19000420833686800637BD80046989307F7FF3E
:10B1A0006365180179176363D8003E874205598D9E
:10B1B0008145828001E60547B358C702416763EACB
:10B1C000E80EB707000163ECF82893D68801E14741
:10B1D0001737000013078701369783460700BE968E
:10B1E00093070002958FE5EB939E08013387154185
:10B1F00013DF080193DE0E01854593570301335594
:10B20000E7033377E703B306D5034207D98F63FA21
:10B21000D700C6971307F5FF63E4170163E6D72647
:10B220003A85958F33D7E703420313530301B3F7EE
:10B23000E703B30ED703C207B3E7670063FBD70189
:10B24000C6979306F7FF63E51701791763E3D70104
:10B2500036874205598D828063E2D504C16763E277
:10B26000F604B707000163E4F61E13D786016148B0
:10B2700097370000938787F7BA9703C70700130E25
:10B2800000024297330EEE40631A0E0C63EDB61CBB
:10B290003335C50013451500814582808145014540
:10B2A00082809307F00F63F3D71C13D786002148E1
:10B2B000C1B71307F00FC686E37C17F193D6880059
:10B2C000A14739B71307F00FB286E378C7E4935666
:10B2D0008600A14799B5B398F80033D6D50013DF9F
:10B2E0000801335EE6033397F500B356D500558F5A
:10B2F000939E080193DE0E013313F5009355070169
:10B30000B376E603B387CE03C206CD8E63FBF600A9
:10B31000C6961306FEFF63E4161763F2F616791E4F
:10B32000C6969D8E33D6E60393170701C183B3F605
:10B33000E6033385CE02139706015D8F637BA7007A
:10B3400046979307F6FF636817136376A71279167B
:10B35000469793150E01098FD18D45B5B357E60079
:10B36000B396C601DD8E33D3E50013DF0601B35774
:10B37000E303939E060193DE0E013398C501335714
:10B38000E50033680701935808013316C60133738B
:10B39000E303B385FE024203B368130163FBB80005
:10B3A000B6981387F7FF63EAD80C63F8B80CF9175F
:10B3B000B698B388B84033D7E80342081358080159
:10B3C000B3F8E8033383EE02C208B3E5080163FB78
:10B3D0006500B6951308F7FF63EDD50863FB6508B4
:10B3E0007917B695C207416FD98F1307FFFFB3F6E0
:10B3F000E70093D80701718F4182B38EE602B385CF
:10B400006540B386C60213D80E013387E802BA96A8
:10B41000C2963386C80263F3E6007A9693D8060193
:10B42000469663E2C5026385C5003E8581458280FC
:10B4300041677D17F98EC206B3FEEE003315C501D4
:10B44000F696E374D5FE1385F7FF8145828013D706
:10B450000601414831BD93560601C1477DB993D6D7
:10B460000801C147B5B3814505458280368701484B
:10B4700001B5428785BF3E86E9BDBA871DBF328EC2
:10B480004DB579154698D5B97915C69759BB397117
:10B490004AD813D945014ED652D456D29399C500F5
:10B4A00006DE22DC26DA5AD05ECE1379F97F2A8AAC
:10B4B00093D9C90093DAF501630D090E9307F07F64
:10B4C0006306F9181354D5018E09B36934013704A2
:10B4D000800033E4890093143500130919C08149B1
:10B4E000814B13D74601139AC6001377F77FB285B5
:10B4F000135ACA0013DBF601630B07109307F07FA2
:10B500006303F7049357D6010E0A33EA4701130782
:10B5100017C0B7078000B367FA00931536003A9951
:10B52000814833C76A01BD463A851308190063E8AC
:10B53000361717360000130666C38A09B29983A628
:10B540000900B2968286B367CA001309F97F63992E
:10B55000071293E9290081458948E1B7014793071C
:10B56000F07F3704080081443204D20731807E071F
:10B570005D8C598CA285F250625426854259D25472
:10B58000B259225A925A025BF24B216182805A854B
:10B590003E84AE84C68B8947638DFB0E8D47E38F57
:10B5A000FBFA85472A87639CFB3881470144814425
:10B5B00065BF33E4A90061C036C632C4638B092A73
:10B5C0004E85EF0030112246B246AA87130755FF79
:10B5D0007544938487FF198CB399990033548A007A
:10B5E00033643401B3149A0013D746011309D0C051
:10B5F000139AC6001377F77F3309F9408149814BCD
:10B60000B285135ACA0013DBF601E31907EEB367DC
:10B61000CA00B1C7630F0A22528532C4EF00900BF3
:10B6200022462A87930655FFF547930587FF958F96
:10B63000331ABA00B357F600B3E74701B315B600A3
:10B640003309E9401309D9C08148E1BD33E4A900B9
:10B6500001ECA14981441309F07F894B59B593E965
:10B6600019008145854875BD4E84AA84B1491309E6
:10B67000F07F8D4BBDB5914981440149854B95B50E
:10B6800093E93900D2878D4869BD89475685E3978C
:10B69000FBF02A879307F07F01448144F1B5C16E26
:10B6A0001386FEFF93D6040113DE0501F18CF18DA4
:10B6B000338695023383B6029358060133059E0202
:10B6C0001A95AA98B382C60363F36800F692C16F15
:10B6D0001383FFFF33F5670093D30701B3F76800C7
:10B6E000C207337366003E933306950293D8080170
:10B6F000B387A602135F0601B3849302BE94FA9443
:10B70000B38E760263F3F400FE9E416A9307FAFF5C
:10B71000935F0401B376F400B3F9F4007D8EC18029
:10B720003384D502C209338FD401B299CE98B307BE
:10B73000DE02935E0401B385BF02AE97BE9E330E58
:10B74000FE0363F3BE00529EC1679385F7FF33F695
:10B75000BE006D8C4206229693DE0E01B305D50223
:10B76000769E3385AF0213D40501B386D302AA9621
:10B77000A296B38FF30363F3A600BE9F41657D15C8
:10B78000B3F7A600C2076D8DAA97B3855800B3B969
:10B790003501FA97B2953384370133B6C500B30E3D
:10B7A000C4013385CE0033343401B3B7E701C18F10
:10B7B00033BECE0113D406013336C5003E94336642
:10B7C000CE009394950032947E94B3E464002604F2
:10B7D00093567501B3349000DD8193179500CD8C9D
:10B7E000558CDD8C9317740063DB070093D714002E
:10B7F00085889316F401DD8CD58C058042899307EA
:10B80000F93F6357F00893F6740081CE93F6F40085
:10B8100011466388C60093864400B3B4960026940C
:10B82000B6849316740063D80600B70700FFFD17AF
:10B830007D8C930709409306E07F63CDF60E93D687
:10B8400034009314D4012604D58C318093F7F77F0C
:10B8500021BB328532C4BD2D93065501F147130734
:10B8600005022246E3D2D7DC6115B317A600814555
:10B87000C1BB8D2513075501F145930705022246EB
:10B88000B246E3D7E5D461153314AA008144A9BBBD
:10B8900085469D8EB1E71309E941B3972401B3D4DE
:10B8A000D40033192401B337F000B3649900DD8C60
:10B8B00093F77400B356D40081CF93F7F400114688
:10B8C0006388C70093874400B3B49700A696BE84EC
:10B8D0009397860063D8070485470144814469B182
:10B8E00013068003E343D6CC7D46E356D6FA0556CD
:10B8F000B307F640930500023356F4006387B600A1
:10B900001309E943B3172401DD8CB3349000D18CC3
:10B9100093F67400014499CA93F7F40011468146E6
:10B92000E392C7FA139496003180F6068D80D58C89
:10B9300081471DB99307F07F0144814435B14289A5
:10B940007DBD411106C622C426C205CD9357F541DF
:10B95000B3C4A7009D8C2A842685AD2B9306E041B5
:10B96000898EA9477D8093F6F67F63CDA7022D4788
:10B97000098FB3D7E4005505B207B394A400B1838F
:10B9800029A00144814681478144B207D206B18390
:10B990007E04D58FC18FB24022442685BE85924455
:10B9A000410182805515B397A400B207B183814449
:10B9B000E9BF797122D4135475014ECE52CC93193C
:10B9C000950006D626D24AD056CA5AC81374F40F28
:10B9D00093D99900135AF50169C49307F00F6308CE
:10B9E000F40E9397390037070004B3E9E700130416
:10B9F00014F88144014B13D77501939A950013777E
:10BA0000F70F93DA9A0013D9F50145CF9307F00F9A
:10BA1000630CF7028E0A130717F8B7070004B3EA9E
:10BA2000FA003A94014633452A01BD47AA86930598
:10BA3000140063E0971017270000130727778A0484
:10BA4000BA949C40BA9782871304F40F63960A0C49
:10BA500093E424000946C1BF01451307F00FB7075F
:10BA60004000B2502254A6075E07A5837E05D98FF9
:10BA700092540259F249624AD24A424B5D8D456165
:10BA80008280CA86D689328B8947630FFB088D472F
:10BA9000E304FBFC854736856310FB1A01478147A9
:10BAA000C9B7639D090413D77501939A950013775D
:10BAB000F70F91440144054B93DA9A0013D9F5012D
:10BAC00031F7639D0A0093E414000546A9BF639211
:10BAD0000902A1441304F00F094B31BF5685DD2E36
:10BAE0009307B5FF098CB39AFA001304A4F8014632
:10BAF0001DBFB1441304F00F0D4BF5BD4E852EC68E
:10BB0000D12E9307B5FF1304A0F8B399F900098C5F
:10BB10008144014BB245C5B593E434000D4621B7CD
:10BB20008947D286E315FBF636851307F00F814768
:10BB30000DBF41639306F3FF13D6090193D80A01A1
:10BB4000B3F7D900B3FADA0033885703B389F802A0
:10BB500013570801B30A5603D6994E9733061603B6
:10BB6000637357011A96C167FD17B376F7003378F0
:10BB7000F800C206C2969399660093570701B3393D
:10BB80003001E982B2979A07B3E6D900B3E9D7004A
:10BB90009397490063D9070013D7190093F7190049
:10BBA000B369F7002E841307F4076350E00493F79A
:10BBB000790099C793F7F90091466383D7009109FB
:10BBC0009397490063D90700B70700F8FD17B3F949
:10BBD000F900130704089307E00F63CBE70493977A
:10BBE0006900A5831377F70FADBD8547B386E7409E
:10BBF00011C76D4601478147E345D6E61307E409BF
:10BC00003397E9003337E000B3D7D900D98F13F762
:10BC1000770019C713F7F70091466303D700910720
:10BC200013975700634C07009A07A583014715BD7A
:10BC30001307F00F814735B52E84B5B70547814707
:10BC40000DB537068000135775019307F6FF13777C
:10BC5000F70F9305E007B3F6A7009357F50163FCD0
:10BC6000E5009305D00963FAE50037050080134528
:10BC7000F5FF3E9582800145828093055009D18E63
:10BC800063CDE500130660093307E64033D7E600CD
:10BC90003305E040F5F33A8582801307A7F6339722
:10BCA000E600FDB7411106C622C426C20DCD93574A
:10BCB000F54133C4A7001D8CAA842285212C93074B
:10BCC000E0093387A74093076009FD8063CCE70252
:10BCD000A1469377F70F63D5A60061153314A4002E
:10BCE0002604258021A08144814701442604135560
:10BCF0009400B2402244DE07FE045D8D458D9244DF
:10BD0000410182809307900963DDE7009307B50145
:10BD10009546B317F400898E3354D400B337F0003E
:10BD20005D8C954763D6A7009307B5FF3314F400E5
:10BD3000B70600FCFD16937774003376D40085C3F4
:10BD40009377F4009145638CB70011069317560062
:10BD500063D707009307F009758E3387A740131444
:10BD6000660025809377F70F51B793D645019397D7
:10BD7000C50093F6F67FB183138616008E0713571E
:10BD8000D5011376E67FFD815D8F9318350035CEA2
:10BD9000138806C89307E00F63DD070181471395F9
:10BDA00097009306F00FDE062581FE05558D4D8D1B
:10BDB00082806355000B931765000E07B337F000C0
:10BDC000D98F93D8D801B3E7170113F77700630130
:10BDD000071013F7F70091466303D7009107370761
:10BDE00000047D8F75C7130718001306F00F9376B4
:10BDF000F70FE305C7FA9A07A58313959700DE06A8
:10BE00002581FE05558D4D8D8280B367170199EE12
:10BE100085CF95479A07A5831395970093F6F60F5C
:10BE2000DE062581FE05558D4D8D8280A5DBB70789
:10BE30004000139597009306F00FDE06814525819B
:10BE4000FE05558D4D8D8280814713959700814663
:10BE5000DE062581FE05558D4D8D8280A5576348F0
:10BE6000F804F94737068000B38707417D45598EAE
:10BE70006351F5047957330707411305000233571F
:10BE8000E6006388A700938626CAB316D600B3E8F7
:10BE9000D800B3371001D98F13F77700014815FB8D
:10BEA000139757008546E34807F48146A5B78146B6
:10BEB0008DB7938626C83397D8003337E000B31682
:10BEC000D600B3D8F800B367D700B3E7F800E9B7F6
:10BED000C28689B7C167637EF5029307F00F130727
:10BEE000000263ECA7009727000093872730AA97EA
:10BEF00003C507003305A7408280218197270000F2
:10BF00009387C72EAA9703C5070061473305A7404B
:10BF10008280B7070001636EF500618197270000FA
:10BF20009387C72CAA9703C5070021473305A7406D
:10BF300082804181972700009387472BAA9703C5EA
:10BF4000070041473305A7408280B3C7A5008D8B0A
:10BF50003307C50081E78D4763EEC700AA8763708A
:10BF6000E50A83C6050085078505A38FD7FEE3EAAA
:10BF7000E7FE828093763500AA8791CA83C60500C2
:10BF800085078505A38FD7FE93F63700FDB7937617
:10BF9000C7FF138606FE63F0C70683A3050083A2CE
:10BFA000450083AF850003AFC50083AE050103AE36
:10BFB000450103A3850183A8C5019385450223A0FC
:10BFC000770003A8C5FF23A2570023A4F70123A6E7
:10BFD000E70123A8D70123AAC70123AC670023AE3A
:10BFE00017019387470223AE07FF75B7904191076A
:10BFF000910523AEC7FEE3EBD7FEE3E4E7F68280CC
:10C0000039713EDA2ED232D436D63AD842DC46DE08
:10C010009387818622CC804326CA06CEAA8409C48F
:10C020001C4C99E32285BD230C445410268622859E
:10C0300036C6EF00B053F2406244D24421618280A0
:10C04000011126CA4AC806CE22CC4EC652C4AA84C2
:10C050002E8901C51C4D91E3352B9C4C804499E3FE
:10C0600026850D2B972700009387472A631CF4022F
:10C07000C0408357C400A18BB1C71C48A1C7FD595C
:10C08000294A1C4483450900FD17B1E91CC463DE3D
:10C0900007062286A9452685D128FD576308F502A3
:10C0A000294535A097270000938747286314F4009B
:10C0B0008044C1B79727000093874723E31BF4FA16
:10C0C000C04445BFA2852685952255D97D55F240AD
:10C0D0006244D2444249B249224A056182801CC46A
:10C0E000050963D70700184C63CBE7006389450156
:10C0F0001C401387170018C02380B70059B7228649
:10C100002685AD20E31F35F7D1B71C4013871700F4
:10C1100018C029472380E70061B793878186AA85E5
:10C1200088436FF0FFF135713ECBB707008093C7AE
:10C13000F7FF3ECE3EC8C1779387872032C536C70A
:10C140003AC942CD46CF3ECA938781862AC42ACCBB
:10C15000884334012E862C0086DE36C2EF00301272
:10C16000A24723800700F6500D618280011122CC86
:10C1700026CA4AC806CE4EC6AA842E89328401C574
:10C180001C4D91E301299727000093872718631915
:10C19000F406C0401C4C1CC48357C400A18BC9C307
:10C1A0001C48BDCF1C4808409379F90F1379F90F4B
:10C1B0001D8D5C486346F500A2852685652C2DE51E
:10C1C0001C440505FD171CC41C401387170018C02C
:10C1D000238037015C486389A7008357C400858B9F
:10C1E00081CBA9476316F900A285268561240DED50
:10C1F000F24062444A85D2444249B2490561828094
:10C2000097270000938787126314F400804459B77E
:10C21000972700009387870DE31EF4F6C0449DBF67
:10C22000A285268521203DDD7D59D9B7411193870F
:10C23000818626C2844322C44AC006C62A892E8427
:10C2400089C49C4C99E32685B126972700009387E3
:10C25000E70B631CF402C0400317C40093170701E7
:10C26000C18393F68700B5EE93F607019DEEA547CF
:10C270002320F900136707042316E4007D55B2401C
:10C28000224492440249410182809727000093870B
:10C29000E7096314F4008044C1B79727000093872F
:10C2A000E704E31BF4FAC04445BF918B8DC74C589B
:10C2B00089C9930744046384F5004A85892B232A9E
:10C2C00004028357C4002322040093F7B7FD23160A
:10C2D000F4001C481CC08357C40093E78700231652
:10C2E000F4001C4881EF8357C4001307002093F724
:10C2F00007286385E700A2854A8595298357C400EE
:10C3000013F7170005C75C4823240400B307F04067
:10C310001CCC1C480145A5F78317C40013F7070878
:10C3200039DF93E707042316F40089BF898B01479F
:10C3300091E3584818C4F1BF83D7C500011122CC3E
:10C3400026CA06CE4AC84EC613F78700AA842E8492
:10C3500071EFD841634DE000B841634AE000014508
:10C36000F2406244D2444249B24905618280585445
:10C370007DD703A904009396370123A0040063DD51
:10C38000060670488357C400918B99C75C401D8E88
:10C390005C5899C33C401D8E5C540C5081462685E8
:10C3A0008297FD570357C400631DF5009440F5477D
:10C3B00063E8D706B70740208507B3D7D700858B3A
:10C3C000A5C31C48232204001CC09317370163D85F
:10C3D0000700FD576314F5009C4091E368C84C5872
:10C3E00023A02401ADDD930744046384F500268572
:10C3F0003929232A0402A5B70C5001468546268513
:10C400000297FD572A86E31FF5F69C40A5DF754786
:10C410006385E70059476394E70423A0240181B7AB
:10C42000136707042316E4007D551DBF83A905018A
:10C43000E38709F203A905008D8B23A03501330999
:10C440003941014791E3D84918C4E35A20F11C54FB
:10C450000C50CA864E86268582976349A000835772
:10C46000C40093E707042316F4007DBFAA9933099B
:10C47000A940E1BF9C49A5C3011122CC06CE2A8464
:10C4800011C51C4D81E72EC63122B2459727000009
:10C490009387C7E7639CF5004C408397C5009DC711
:10C4A00022856244F24005616FF01FE99727000082
:10C4B0009387C7E76394F5000C44C5B7972700003E
:10C4C0009387C7E2E39BF5FC4C44C1BFF240624452
:10C4D00001450561828001458280411122C406C662
:10C4E0002A842316B5002317C50023200500232224
:10C4F0000500232405002322050623280500232AFE
:10C500000500232C0500214681451305C505EF4094
:10C51000DED2971700009387C7ED5CD09717000015
:10C52000938727F01CD497170000938767F45CD497
:10C5300097170000938727F700D01CD8B2402244F9
:10C540004101828097050000938505F3B1AA41114E
:10C5500026C2130680069384F5FFB384C4024AC042
:10C560002E8922C406C693854407B1262A8401CDAC
:10C570002320050023222501310508C413868406E3
:10C580008145EF409ECB2285B2402244924402492D
:10C59000410182801C4DB5E7411106C622C49707B0
:10C5A0000000938767FA1CD597270000938747E61A
:10C5B0009C4323240504232605042328050463142F
:10C5C000F50085471CCD2A84352848C022851D28C2
:10C5D00008C42285052848C4484001469145EFF02B
:10C5E000DFEF08440546A545EFF03FEF4844094614
:10C5F000C945EFF09FEE85471CCCB2402244410173
:10C6000082808280411197270000938767E026C2CD
:10C6100084434AC006C69C4C22C42A8981E72685E9
:10C62000EFF05FF7938484048044DC40FD1763D609
:10C6300007009C40B9CF8440C5BF0317C40039E749
:10C64000C177850723220406232004002322040047
:10C65000232404005CC423280400232A0400232C80
:10C660000400214681451305C405EF401EBD232A61
:10C670000402232C04022324040423260404228518
:10C68000B24022449244024941018280130484064C
:10C6900071BF91454A85EFF09FEB88C049FDB147D6
:10C6A0002320F9000144E1BF797122D44AD052CC51
:10C6B00056CA5AC85EC606D626D24ECE2A8AAE8A38
:10C6C000130485040149054BFD5B09ECB25022546B
:10C6D0004A8592540259F249624AD24A424BB24BBD
:10C6E00045618280044483294400FD1963D4090014
:10C6F0000040E1BF83D7C400637BFB008397E40065
:10C7000063877701A6855285829A3369A90093844D
:10C710008406E1BF1971A6DAAE848395E500A2DC38
:10C7200086DE328463DC050083D7C40023A00600C4
:10C7300093F7070885E7930700401DA0300836C629
:10C74000EF00F05CB246E34105FE7247BD67F98F2A
:10C750007977BA9793B717009CC2F1BF930700048B
:10C760001CC0F6506654D65401450961828083D7B7
:10C77000C500011122CC06CE26CA4AC8898B2E8458
:10C7800089CF930774041CC01CC885475CC8F2405D
:10C790006244D24442490561828074003000AA8418
:10C7A000EFF05FF7A2452A892685312201ED831734
:10C7B000C40013F7072061FFF19B93E727002316BE
:10C7C000F400C1B797070000938707D89CD483571C
:10C7D000C40008C008C893E707082316F400A2475E
:10C7E0005CC8B24791CF8315E4002685EF00505511
:10C7F00001C98357C400F19B93E717002316F40087
:10C800008357C4003369F9002316240149B7DDC1F9
:10C8100083A7C5FF411122C406C626C21384C5FFE3
:10C8200063D307003E94AA84EF00105E9387C1A9EA
:10C830009C4381EF2322040023AE81A82244B2400E
:10C840002685924441016F00505C637EF4001440E1
:10C850003307D4006396E7009843DC43369718C04B
:10C860005CC0D9BFBA87D84319C3E37DE4FE9443C3
:10C870003386D700631F86001040B29694C3338678
:10C88000D700E31DC7FA10435843B29694C3D8C3E8
:10C8900075B76375C400B1479CC04DB71040B3066F
:10C8A000C4006316D70014435843B29614C058C04E
:10C8B000C0C369B78280011126CA93843500F198FC
:10C8C00006CE22CC4AC84EC6A104B14763F5F40493
:10C8D000B14463E4B4042A89EF0010539387C1A9DB
:10C8E00098433A8429E4938701AA9C4399E78145B8
:10C8F0004A85EF00D02C23A0A1AAA6854A85EF0087
:10C90000102CFD5963193507B1472320F9004A85DA
:10C91000EF00B04F29A0E3DE04FAB1471CC1014586
:10C92000F2406244D2444249B249056182801C40CF
:10C93000858F63CF0702AD4663F6F6001CC03E94B8
:10C9400004C031A05C406313870223AEF1A84A857E
:10C95000EF00B04B1305B40093074400619933070F
:10C96000F5405DDF3A94898F1CC05DBF5CC3C5B7DD
:10C970002287404085BF130435007198E30285FC8F
:10C98000B305A4404A85EF009023E31B35FBADBF00
:10C9900001114AC803A9850022CC52C45AC006CE50
:10C9A00026CA4EC656C22E84328B368A63EE2609BC
:10C9B00083D7C50013F7074851C704408C4958482E
:10C9C000AA8AB389B4408D44B384E4020947B3C44E
:10C9D000E402138716004E9763F3E400BA8493F7DA
:10C9E0000740D9C3A6855685EFF0FFEC2A890DE5EF
:10C9F000B14723A0FA008357C4007D5593E707048D
:10CA00002316F400F2406244D2444249B249224A19
:10CA1000924A024B056182800C484E86EFF0EFD2BD
:10CA20008357C40093F7F7B793E707082316F4007A
:10CA30002328240144C84E99B3843441232024017F
:10CA400004C4528963732A01528908404A86DA85F0
:10CA5000EF00F0361C440145B38727411CC41C403D
:10CA60003E992320240179BF26865685EF00103A8F
:10CA70002A895DFD0C485685EFF07FD995BF83D795
:10CA8000C500717126D34AD14ECF06D722D552CDDB
:10CA900056CB5AC95EC762C566C393F70708AA8911
:10CAA0002E89B284B9C39C49A9E39305000436C614
:10CAB000EFF07FE02320A9002328A900B24615E16A
:10CAC000B14723A0F9007D55BA502A549A540A5907
:10CAD000FA496A4ADA4A4A4BBA4B2A4C9A4C4D6197
:10CAE000828093070004232AF90093070002A30C15
:10CAF000F1029307000302DA230DF10236CE930B05
:10CB00005002972A0000938A6A84054C294B268498
:10CB10008347040099C3639D7709B30C9440638EE7
:10CB20000C00E6862686CA854E85EFF07FE6FD5727
:10CB30006304F51AD256E69636DA83470400638D0D
:10CB40000718FD579304140002D002D63ED202D437
:10CB5000A301010682DC83C5040015465685EF005B
:10CB6000702413841400825731E513F7070109C7B5
:10CB700013070002A301E10613F7870009C7130793
:10CB8000B002A301E10683C604001307A002638B71
:10CB9000E602B257268481462546034704009305E2
:10CBA0001400130707FD6374E6068DC63ED61DA06C
:10CBB0000504B9BF330555413315AC00C98F3ED0CC
:10CBC000A28451BF724793064700184336CE63498B
:10CBD00007023AD6034704009307E002631FF704F5
:10CBE000034714009307A002631BF702F2470904EE
:10CBF000138747009C433ACE63C107023ED235A853
:10CC00003307E04093E727003AD63ED0E1B7B38739
:10CC1000670385462E84BA9749B7FD57C5B7050403
:10CC200002D281468147254603470400930514003C
:10CC3000130707FD6378E606F1F2834504000D460D
:10CC40001715000013050571EF00D01511CD9717CA
:10CC50000000938727701D8D93070004B397A700EA
:10CC6000025505045D8D2AD0834504001946171529
:10CC700000001305656E93041400230CB102EF004D
:10CC8000701225C59737FEFF9387C73795E7025780
:10CC9000F2471377071009CF91073ECED257D297AC
:10CCA0003EDAB5B5B387670385462E84BA97ADBF24
:10CCB0009D07E19BA107D5B77808970600009386EA
:10CCC00066CD4A860C104E8597000000E7000000F4
:10CCD000FD572A8AE314F5FC8357C9007D5593F765
:10CCE0000704E39307DE5255C5B3780897060000A2
:10CCF000938646CA4A860C104E852929D1BF1C4608
:10CD0000FD171CC663DA0700184E63C5E700A94784
:10CD10006394F5006FF08FC51C422E8513871700B2
:10CD200018C22380B7008280011122CC26CA4AC8CB
:10CD30004EC652C406CE2A89AE893284B304D600C8
:10CD40007D5A63149400014511A8834504004E8662
:10CD50004A85EFF0DFFA0504E31545FFF24062442F
:10CD6000D2444249B249224A05618280357122CDBE
:10CD700026CB4AC94EC706CF52C556C35AC1DEDEBE
:10CD8000E2DCE6DAAA89AE843289368409C51C4D14
:10CD900099E3EFF03F809717000093872757639C34
:10CDA000F40C83A4490083D7C400A18BFDC79C4821
:10CDB000EDC793070002A304F1029307000302D218
:10CDC0002305F10222C6930B5002971A0000938AA2
:10CDD000EA57054C294B4A848347040099C3639161
:10CDE000770FB30C2441638E0C00E6864A86A68535
:10CDF0004E85EFF07FF3FD576306F51E9256E696DB
:10CE000036D283470400638F071CFD5713091400B3
:10CE100002C802CE3ECA02CCA309010482D48345D3
:10CE2000090015465685BD2F13041900C24759E95C
:10CE300013F7070109C713070002A309E10413F759
:10CE4000870009C71307B002A309E104834609005C
:10CE50001307A0026380E608F2474A84814625460C
:10CE60000347040093051400130707FD6379E60ADE
:10CE7000B5CA3ECE85A8971700009387274B6395C8
:10CE8000F40083A4890005B797170000938707462D
:10CE9000E39BF4F083A4C90039B7A6854E85EFF073
:10CEA000EFB801D97D55FA406A44DA444A49BA4993
:10CEB0002A4A9A4A0A4BF65B665CD65C0D61828010
:10CEC000050419BF330555413315AC00C98F3EC861
:10CED0002289B1B7324793064700184336C66349E3
:10CEE00007023ACE034704009307E002631FF704EA
:10CEF000034714009307A002631BF702B24709041B
:10CF0000138747009C433AC663C107023ECA35A84F
:10CF10003307E04093E727003ACE3EC8E1B7B38736
:10CF2000670385462E84BA9725BFFD57C5B705040C
:10CF300002CA814681472546034704009305140031
:10CF4000130707FD6376E606F1F2834504000D46FC
:10CF50001715000013050540B12511CD97170000E6
:10CF60009387473F1D8D93070004B397A700424561
:10CF700005045D8D2AC88345040019461715000075
:10CF80001305853D130914002304B102212D3DC171
:10CF90009737FEFF9387070795E74247B247137716
:10CFA000071009CF91073EC69257D2973ED225B5BA
:10CFB000B387670385462E84BA97BDBF9D07E19B63
:10CFC000A107D5B7780097060000938626D6268657
:10CFD0000C084E8597000000E7000000FD572A8AE4
:10CFE000E314F5FC83D7C40093F70704E39C07EA36
:10CFF000125555BD780097060000938626D32686E5
:10D000000C084E85012AD9BF797156CA9C49BA8A43
:10D01000984522D426D24ECE52CC06D64AD05AC8F3
:10D020005EC6AA892E84B284368A63D3E700BA87A3
:10D030009CC00347340419C385079CC01C4093F768
:10D04000070281C79C4089079CC00329040013790B
:10D050006900631A0900130B9401FD5B5C4498405E
:10D06000998F634CF9041C408346340493F70702FC
:10D07000B336D000A5EB13063404D2854E85829AD0
:10D08000FD576303F5041C4011469840998B5444A6
:10D0900081446397C700B384E64063D304008144AE
:10D0A0001C4418486354F700998FBE9401496904E1
:10D0B0007D5B63982405014509A885465A86D2857B
:10D0C0004E85829A631E75017D55B250225492544A
:10D0D0000259F249624AD24A424BB24B45618280C0
:10D0E0000509ADBF3307D40013060003A301C7042D
:10D0F0000347540493871600A2978906A381E70487
:10D100009DBF85462286D2854E85829AE30E65FBB9
:10D11000050945B7797122D426D24AD04ECE06D61B
:10D1200052CC56CA5AC8B68983C685019307900661
:10D130003289AA842E8413863504638DF60263E255
:10D14000D706930780056388F61863EDD7006381DF
:10D15000062293073004638EF60A930A24042301FF
:10D16000D404C9A0930730066385F60A93074006E6
:10D17000E395F6FE1C40084393F607089305450027
:10D18000C5C61C410CC363D807001307D002B30700
:10D19000F040A301E404971600009386661C29471B
:10D1A0006DA8930700076384F61663E5D70293071B
:10D1B000E006638BF6189307F006E390F6FA0C404E
:10D1C0001C4313F80508138547006307080608C3C6
:10D1D0009C438DA893075007E383F6FE93078007CF
:10D1E000638BF61293073007E399F6F61C43D041A0
:10D1F00081459386470014C383AA070056855D26A0
:10D2000001C53305554148C05C401CC8A301040456
:10D2100071A81C43930A2404938647009C4314C3BB
:10D220002301F4048547D5B793F607041C410CC3CA
:10D23000B9DAC207C18781BF93F5050408C3C9D90C
:10D2400083D707001307F0066388E60E97160000E1
:10D25000938606112947A30104044C400CC463C5FE
:10D26000050008406D9908C099E3B28A91CDB28A51
:10D27000B3F5E702FD1AB69583C505002380BA0011
:10D28000B3D5E70263F0E70CA147631EF7001C402B
:10D29000858B91CB58401C4863C7E7009307000378
:10D2A000A38FFAFEFD1A3306564110C84E87CA8670
:10D2B0007000A2852685EFF03FD57D5A631E450B91
:10D2C0007D55B250225492540259F249624AD24AD0
:10D2D000424B45618280A382D50497160000938655
:10D2E00026080C40084313F805081C411105630D7E
:10D2F000080208C313F7150001C793E505020CC027
:10D300004147B1FB0C4093F5F5FD0CC0A9B79C411A
:10D3100093E707029CC193078007A302F4049716C2
:10D3200000009386260575BF13F8050408C3E303C0
:10D3300008FCC207C1837DBF971600009386460292
:10D34000214711BFAE872DB794411C43CC4913F838
:10D350000608138547006306080008C39C438CC376
:10D3600001A808C393F606049C43F5DA2390B7009E
:10D3700023280400B28A1DBF14485686CA85268514
:10D380008299E30F45F31C40898B8DE7B2474844EF
:10D39000E359F5F23E8535B785465686CA8526851A
:10D3A0008299E30F65F1050A5C443247998FE345A2
:10D3B000FAFEE9BF014A930A94017D5BF5B741117A
:10D3C00022C42A842E859797FE1F23A9077E06C6AE
:10D3D0003526FD576319F5009797FE1F9387077E43
:10D3E0009C4391C31CC0B240224441018280411140
:10D3F00022C42E848395E50006C6AD24634905004A
:10D400007C48AA977CC8B24022444101828083575D
:10D41000C4007D777D17F98F2316F400EDB783D70D
:10D42000C500011122CC26CA4AC84EC606CE93F7C3
:10D430000710AA842E843289B68991C78395E500A6
:10D440008946014635228357C4007D777D17F98FC1
:10D450002316F4008315E4006244F240CE864A8627
:10D46000B24942492685D24405613DA8411122C4F2
:10D470002E848395E50006C6E528FD570357C400B2
:10D48000631BF500FD77FD17F98F2316F400B240FA
:10D490002244410182808567D98F2316F40068C831
:10D4A000FDB78395E50025A8411122C42A842E8565
:10D4B000B28536869797FE1F23A2077006C6EF50E7
:10D4C0001EC9FD576319F5009797FE1F9387076FD5
:10D4D0009C4391C31CC0B24022444101828041114F
:10D4E00022C42A842E859797FE1F23A9076C06C69F
:10D4F000752AFD576319F5009797FE1F9387076CF0
:10D500009C4391C31CC0B24022444101828041111E
:10D5100022C42A842E85B2859797FE1F23A0076A0E
:10D5200006C6692AFD576319F5009797FE1F938772
:10D53000E7689C4391C31CC0B240224441018280F1
:10D54000411122C42A842E859797FE1F23A80766BF
:10D5500006C6AD2AFD576319F5009797FE1F9387FE
:10D56000E7659C4391C31CC0B240224441018280C4
:10D57000411122C42A842E85B28536869797FE1FD4
:10D5800023AE076206C6992AFD576319F5009797DF
:10D59000FE1F9387A7629C4391C31CC0B2402244E4
:10D5A0004101828093F5F50F2A966314C500014569
:10D5B000828083470500E38DB7FE0505FDB763F361
:10D5C000A504B386C500637FD5029345F6FF814766
:10D5D000FD176393F50082803387F6000348070048
:10D5E0003387C7002A9723000701DDB73387F5008B
:10D5F000834607003307F50085072300D700E317AC
:10D60000F6FE82808147E5BF8280828081E5B28517
:10D610006FF06FAA011122CC06CE26CA4AC84EC6A8
:10D62000328401EEEFF0AF9E0149F24062444A8538
:10D63000D2444249B24905618280AE84AA89A928B0
:10D640002689E37485FEA2854E85EFF0CFA62A8950
:10D6500069DDA6852286EFE05F8FA6854E85EFF017
:10D660000F9BE1B7411122C42A842E85B2853686EC
:10D670009797FE1F23A4075406C68D28FD576319EC
:10D68000F5009797FE1F938767539C4391C31CC077
:10D69000B24022444101828083A7C5FF1385C7FFA2
:10D6A00063D50700AA959C413E958280930780052B
:10D6B0001797FE1F2324F7507D558280930780051E
:10D6C0001797FE1F232CF74E7D5582809307800508
:10D6D0001797FE1F2324F74E01458280930780058C
:10D6E0001797FE1F232CF74C7D55828093078005EA
:10D6F0001797FE1F2324F74C7D558280938741AAFC
:10D700009C4391C73E9523A2A1AA3E85828097970C
:10D71000FE1F9387E74A3E9523A2A1AA3E858280F9
:10D72000F63DFEFF083EFEFFE43EFEFF3E3EFEFFEE
:10D73000D03EFEFF243FFEFF534D4F4B455F4E4F03
:10D74000444500006D74752065786368616E676597
:10D750003A2025640A000000557064617465202534
:10D7600078202D20496E74202578200A00000000C2
:10D770004552522E2E00000052535349202D25644D
:10D7800020644220436F6E6E20202578200A00001E
:10D79000496E697469616C697A65642E2E000000B7
:10D7A000446973636F6E6E65637465642E2E2052D8
:10D7B0006561736F6E3A25780A00000041647665F2
:10D7C00072746973696E672E2E000000436F6E6E6F
:10D7D000656374696F6E206D61782E2E2E000000D7
:10D7E000436F6E6E202578202D20496E7420257899
:10D7F000200A0000436F6E6E65637465642E2E0010
:10D80000436F6E6E656374656420416476657274FF
:10D810006973696E672E2E0057616974696E67209F
:10D82000666F72206164766572746973696E672EC3
:10D830002E0000004572726F722E2E004572726FBC
:10D84000722E2E25780A000070726F66696C652052
:10D850004368616E676543422043484152312E2E32
:10D860002000000070726F66696C65204368616E0D
:10D87000676543422043484152332E2E000000008A
:10D880003D3D3D3D3D3D3D3D3D3D3D2043483537E2
:10D89000334620E7839FE99BBEE68AA5E8ADA6E86C
:10D8A0008A82E782B9203D3D3D3D3D3D3D3D3D3DC8
:10D8B0003D0000005B4E4F44455D203D3D3D3D3DFC
:10D8C0003D3D3D3D3D3D3D3D3D3D3D3D3D3D3D3D88
:10D8D0003D3D3D3D3D3D3D3D3D3D3D3D3D3D3D3D78
:10D8E0003D3D3D3D3D0000005B4E4F44455D20E821
:10D8F0008A82E782B9E7BC96E58FB7203A20257384
:10D900000A0000005B4E4F44455D20E5B9BFE6923A
:10D91000ADE5908D2020203A2025730A00000000FC
:10D920005041350050413135000000005B4E4F44FE
:10D93000455D20E4BCA0E6849FE599A82020203A1C
:10D940002025732028414F3D25732C20444F3D2531
:10D9500073290A005B4E4F44455D20E6A8A1E59D72
:10D9600097E4BE9BE794B5203A2025646D562C20A1
:10D97000E58886E58E8BE6AF94202F25642E253032
:10D9800032642C20524C3D2564206F686D0A0000E3
:10D990005B4E4F44455D20E68AA5E8ADA6E9988830
:10D9A000E580BC203A207C4425257C203E3D202576
:10D9B0006425252C20E8BF9EE7BBAD20256420E62A
:10D9C000ACA13B20E8A7A3E999A4203C3D20256415
:10D9D00025250A005B4E4F44455D20E9A284E7837C
:10D9E000ADE697B6E997B4203A20256420E7A792E0
:10D9F000EFBC88E7BB93E69D9FE697B6E89C82E97B
:10DA0000B8A3E599A8E79FADE9B8A3E4B880E5A37A
:10DA1000B0EFBC890A0000005B4E4F44455D20E436
:10DA2000B88AE68AA5E591A8E69C9F203A20E6AD53
:10DA3000A3E5B8B82025646D73202F20E68AA5E8F9
:10DA4000ADA62025646D730A00000000E5B7B2E5BD
:10DA500090AFE794A80000005B4E4F44455D20E680
:10DA60009CACE69CBAE5A496E8AEBE203A20E89CC1
:10DA700082E9B8A3E599A8202573EFBC88E697A0B2
:10DA8000204F4C4544202F20E697A0E68C89E9944E
:10DA9000AEEFBC890A0000005B4E4F44455D206834
:10DAA0006F73742077726974653A2022257322207F
:10DAB000286C656E3D2564290A0000005B4E4F44CA
:10DAC000455D206D75746520666F72202564206D3C
:10DAD000730A00005B4E4F44455D2073656C662001
:10DAE000746573743A2062757A7A6572206F6E205D
:10DAF000666F72202564206D730A00005B4E4F44F0
:10DB0000455D20616C61726D206C61746368206397
:10DB10006C656172656400005B4E4F44455D206C2E
:10DB2000696E6B20646F776E3A20E69CACE59CB022
:10DB3000E68AA5E8ADA6E7BBA7E7BBAD2C20E7AD1D
:10DB400089E5BE85E7BD91E585B3E9878DE8BF9E90
:10DB5000000000005B4E4F44455D206C696E6B20F9
:10DB600075703A2068616E646C653D30782530349C
:10DB70005820696E74657276616C3D30782530345A
:10DB8000580A00002D0000002B0000005741524DA4
:10DB9000000000002020202000000000204D5554EF
:10DBA0004500000020202020200000005B4E4F4454
:10DBB000455D206D757465206578706972656400D7
:10DBC0005B4E4F44455D207761726D2D757020640A
:10DBD0006F6E652C20626173656C696E652072657D
:10DBE000616479004E3032003E3E3E205B4E4F4431
:10DBF000452025735D20E68AA5E8ADA621204425B1
:10DC0000253D257325642E25642525202041444388
:10DC10003D2564202052733D25640A003C3C3C2095
:10DC20005B4E4F44452025735D20E68AA5E8ADA6EE
:10DC3000E8A7A3E999A42C20E5BD93E5898D2044AC
:10DC400025253D257325642E256425250A00000021
:10DC5000312E30004D512D313337000025737C2596
:10DC6000737C2573000000005B4E4F44455D2069C6
:10DC70006E666F2073656E743A2025730A0000008B
:10DC80005B4E4F44452025735D20743D2575732000
:10DC90004144433D256420414F3D25646D5620524B
:10DCA000733D256420443D257325642E2564252578
:10DCB00020444F3D256420414C4D3D256420257373
:10DCC00025732054583D25640A000000FE00657845
:10DCD000706572696D656E74616C00004669726D85
:10DCE00077617265205265766973696F6E00000016
:10DCF0004861726477617265205265766973696FF5
:10DD00006E0000003234323032353131367A776885
:10DD1000000000004348353731462D410000000027
:10DD2000323032362E392E3131000000536F667496
:10DD300077617265205265766973696F6E000000C5
:10DD4000DA47FEFFF847FEFF0848FEFF1C48FEFFCB
:10DD50002C48FEFF43483537785F424C455F4C49BD
:10DD6000425F56312E380000686561642066696C38
:10DD700065206572726F722E2E2E00004C49422073
:10DD8000696E6974206572726F7220636F64653AA0
:10DD9000202578202E2E2E0A000000002A200000C8
:10DDA000CDCCCCBF000000009A9999999999B9BF40
:10DDB0009A9999999999F9BF1652FEFF3E52FEFF22
:10DDC0006652FEFF7E52FEFF9852FEFFA852FEFFF3
:10DDD000D052FEFFF852FEFF1053FEFF2A53FEFF03
:10DDE000B693FEFFEE93FEFF6894FEFF6894FEFF7D
:10DDF0000094FEFF6894FEFF1694FEFF3A94FEFF27
:10DE00006894FEFF5694FEFFAC94FEFFCC94FEFF98
:10DE10004895FEFFDE94FEFF4895FEFF4895FEFF05
:10DE20004895FEFF0095FEFF4895FEFF4895FEFFD2
:10DE30004895FEFF2495FEFF66980100BC7800001F
:10DE4000A2980100228600001E990100EE850000C4
:10DE5000D8990100BA850000749A01002C91000045
:10DE6000C29A01002C9100001C9B01007E900000D2
:10DE7000D89901005A850000B09B0100A6880000D7
:10DE80000000000000000000FA9B01003289000041
:10DE90006C9C01002079000068F5FEFF74F5FEFF20
:10DEA00098F5FEFF1AF7FEFFFCF5FEFF40F6FEFFB9
:10DEB00082F6FEFFB2F6FEFFE6F6FEFF3CF6FEFF40
:10DEC000C8F9FEFFC8F9FEFFEEF9FEFF06FAFEFFF5
:10DED0000EFAFEFF16FAFEFF1EFAFEFF26FAFEFFFE
:10DEE0002EFAFEFF36FAFEFF3EFAFEFF62FCFEFF50
:10DEF0003EFCFEFF6EFCFEFFB8FCFEFF1EFEFEFFBA
:10DF0000FAFCFEFF38FDFEFF7CFDFEFFAEFDFEFFCE
:10DF1000E6FDFEFF0101020102010102010203030D
:10DF200004010301010101010303020103000000D8
:10DF3000000000000000000000000000000000875A
:10DF4000F401FA00960064004B0032001E00140039
:10DF500043483537785F424C455F4C49425F563104
:10DF60002E383200929CFFFFA09CFFFFA69CFFFF73
:10DF7000AC9CFFFFB29CFFFFD29CFFFFD89CFFFF31
:10DF8000DE9CFFFFE89CFFFFEE9CFFFFF49CFFFF81
:10DF9000FA9CFFFF009DFFFF0C9DFFFF129DFFFFFE
:10DFA000189DFFFF4C9DFFFF1E9DFFFF249DFFFF5F
:10DFB0002A9DFFFF309DFFFF3C9DFFFF4C9DFFFF13
:10DFC0004C9DFFFF4C9DFFFF4C9DFFFF4C9DFFFFB5
:10DFD0004C9DFFFF4C9DFFFF4C9DFFFF469DFFFFAB
:10DFE000369DFFFF869EFFFFB09EFFFFC69EFFFF90
:10DFF000DE9EFFFFF49EFFFF129FFFFF289FFFFFA3
:10E000003A9FFFFF569FFFFF6E9FFFFF849FFFFF1A
:10E010009C9FFFFFB29FFFFFC89FFFFFDE9FFFFF98
:10E02000F09FFFFF0CA0FFFF9CA1FFFFB2A1FFFF2D
:10E03000CAA1FFFFEAA1FFFF7AA2FFFF36A2FFFFFE
:10E040002EA0FFFF4EA2FFFF60A2FFFF82A0FFFFF6
:10E0500082A0FFFF40A1FFFF46A1FFFF68A2FFFFD4
:10E060000EA2FFFF9EA7FFFF5CA5FFFF5CA5FFFFC1
:10E07000E2A6FFFF76A5FFFF54A5FFFF94A7FFFFD1
:10E080005CA5FFFF74A6FFFF1AA7FFFFE8A9FFFF2B
:10E09000AAAAFFFF80AAFFFFE0AAFFFFE0AAFFFFF6
:10E0A0000AABFFFF8EABFFFFA2ABFFFFC4AFFFFFCA
:10E0B000CEAFFFFFE4AFFFFFF0AFFFFF04B0FFFF05
:10E0C0000CB0FFFF12B0FFFF1EB0FFFF28B0FFFF34
:10E0D0002EB0FFFF34B0FFFF3CB0FFFF42B0FFFFA8
:10E0E00058B0FFFF60B0FFFF66B0FFFF66B0FFFFF4
:10E0F00048B0FFFF52B0FFFF5AB0FFFF78B0FFFFFC
:10E100008EB0FFFF4AB2FFFFACB0FFFF02B1FFFFCE
:10E1100048B1FFFF7EB1FFFF96B1FFFFAEB1FFFF39
:10E12000C0B1FFFFD8B1FFFF4AB2FFFF38B2FFFF17
:10E130004AB2FFFF4AB2FFFFF0B1FFFF14B2FFFF88
:10E14000FB349B5F80000080001000000000000096
:10E15000070B0D1113171D1F25292B2F353B3D4391
:10E1600047494F535961FF0036D5FFFF28D4FFFFC1
:10E1700028D4FFFF26D4FFFF2ED4FFFF2ED4FFFFAD
:10E18000F4D3FFFF26D4FFFF2ED4FFFFF4D3FFFF0D
:10E190002ED4FFFF26D4FFFF22D5FFFF22D5FFFF9D
:10E1A00022D5FFFFF4D3FFFF8AD9FFFFDCD8FFFFA2
:10E1B000DCD8FFFFDAD8FFFFE0D8FFFFE0D8FFFF91
:10E1C000B0D8FFFFDAD8FFFFE0D8FFFFB0D8FFFFDD
:10E1D000E0D8FFFFDAD8FFFF78D9FFFF78D9FFFF3B
:10E1E00078D9FFFFB0D8FFFF000102020303030349
:10E1F00004040404040404040505050505050505D7
:10E2000005050505050505050606060606060606B6
:10E21000060606060606060606060606060606069E
:10E220000606060606060606070707070707070786
:10E23000070707070707070707070707070707076E
:10E24000070707070707070707070707070707075E
:10E25000070707070707070707070707070707074E
:10E260000707070707070707080808080808080836
:10E27000080808080808080808080808080808081E
:10E28000080808080808080808080808080808080E
:10E2900008080808080808080808080808080808FE
:10E2A00008080808080808080808080808080808EE
:10E2B00008080808080808080808080808080808DE
:10E2C00008080808080808080808080808080808CE
:10E2D00008080808080808080808080808080808BE
:10E2E00008080808080808080000000000000000EE
:10E2F000000000000000000000000000000000001E
:10E30000000000000000000000000000000000000D
:10E3100000000000000000000000000000000000FD
:10E3200000000000000000000000000000000000ED
:10E3300000000000000000000000000000000000DD
:10E340000000000000000000232D302B2000000002
:10E35000686C4C00656667454647000030313233D3
:10E3600034353637383941424344454600000000D1
:10E37000303132333435363738396162636465663B
:10E38000000000002A2A0000262A0000272A000098
:10E39000292A0000242A0000502A0000252A000013
:10E3A0000A18000002000000A0E30100282A000073
:10E3B000232A0000E0FF000002000000B4E3010097
:10E3C000E1FF0000E2FF0000E3FF0000E4FF0000C7
:10E3D000E5FF000002000000F4E30100012A000054
:10E3E000A62A0000012900000328000002290000DD
:10E3F000002A00000018000001180000042A000094
:10E400000028000001280000052A0000704D0020AF
:10E41000F41400001A13000098130000534D4F4BE2
:10E42000455F4E4F44450000000000000000000022
:10E43000000000000200000000E4010001000000F4
:10E44000A4E3010002000000E8E301000100000075
:10E45000F24D002002000000B0E3010001000000C6
:10E46000944E002002000000E8E3010001000000DB
:10E47000E74D00200200000094E3010001000000CD
:10E4800014DD010002000000E8E3010001000000CB
:10E49000F04D0020020000009CE30100010000009C
:10E4A00020DD010002000000E8E30100010000009F
:10E4B000E44D00200200000088E30100010000009C
:10E4C000DCDC010002000000E8E3010001000000C4
:10E4D000E54D0020020000008CE301000100000077
:10E4E000F0DC010002000000E8E301000100000090
:10E4F000F14D002002000000ACE30100010000002B
:10E500002CDD010002000000E8E301000100000032
:10E51000E64D00200200000090E301000100000031
:10E5200004DD010002000000E8E30100010000003A
:10E53000E34D00200200000084E301000100000020
:10E54000CCDC010002000000E8E301000100000053
:10E55000EF4D00200200000098E3010001000000E0
:10E56000E84D00204E2100000000000000000000E7
:10E570000200000000E4010001000000B8E3010017
:10E5800002000000E8E3010001000000F34D00205C
:10E5900002000000C0E30100030000009C4E0020C8
:10E5A00002000000E4E30100010000000C4C002028
:10E5B00002000000E8E3010001000000F44D00202B
:10E5C00002000000C4E3010001000000A04E002092
:10E5D00002000000E4E3010001000000204C0020E4
:10E5E00002000000E8E3010001000000F54D0020FA
:10E5F00002000000C8E3010002000000AC68002037
:10E6000002000000E4E3010001000000344C00209F
:10E6100002000000E8E3010001000000F64D0020C8
:10E6200002000000CCE3010000000000A44E002026
:10E6300002000000ECE3010003000000C0680020BD
:10E6400002000000E4E3010001000000484C00204B
:10E6500002000000E8E3010001000000F74D002087
:10E6600002000000D0E3010004000000A84E0020DA
:10E6700002000000E4E30100010000005C4C002007
:10E68000FC2200008C23000000000000436861723F
:10E6900061637465726973746963203100000000FE
:10E6A000436861726163746572697374696320326F
:10E6B000000000004368617261637465726973747D
:10E6C0006963203300000000436861726163746510
:10E6D00072697374696320340000000043686172DA
:10E6E00061637465726973746963203500000000AA
:10E6F0000200000000E4010001000000D4E301007A
:10E7000002000000E8E3010001000000004E0020CC
:10E7100002000000F0E3010001000000B8690020E1
:10E7200002000000E8E3010001000000FD4D0020B0
:10E7300002000000DCE3010001000000384F00206F
:10E7400002000000E8E3010001000000014E00208B
:10E7500002000000FCE3010001000000044E002064
:10E7600002000000E8E3010001000000FF4D00206E
:10E7700002000000E0E3010001000000FE4D002067
:10E78000926C0000E46D0000000000000200000038
:10E7900000E4010001000000104E00200200000013
:10E7A000E8E30100010000001B4E00200200000011
:10E7B00008E401000000000000000000020000006A
:10E7C000ECE3010003000000D0690020000000001D
:10E7D000B07A0000000000009AD300007CC2000064
:10E7E000F0BB0000EADA00003EC400002ACC0000C2
:10E7F0000000000008E3010028E30100E8E2010056
:10E800000000000000000000000000000000000008
:10E8100000000000000000000000000000000000F8
:10E8200000000000000000000000000000000000E8
:10E8300000000000000000000000000000000000D8
:10E8400000000000000000000000000000000000C8
:10E850002C130000FF0000000201060302E0FF008D
:10E86000FEFF01020202020201D7070000100102AE
:10E870000202020A02081002C3812F01FF020102F4
:10E88000020200005000A0000000E803FFFFFFFFAD
:10E8900002000000F8E301000100FF20D87701002A
:10E8A0009077010001050277010110770101FF0156
:10E8B0000300800C0600FF00704D002000000000E7
:08E8C000010203040500000041
:00000001FF
